pair,variant,scenario,fps,frame_mean_ms,frame_median_ms,frame_p95_ms,frame_p99_ms,one_percent_low_fps,cpu_submit_mean_ms,gpu_mean_ms,terrain_draws,triangles,surface_blocks,queries,rebuild_mean_ms,chunks_rebuilt,upload_calls,upload_bytes,gpu_p99_ms,suite,samples,max_frame_ms,last_frame_ms,max_cpu_submit_ms,frames_over_5_ms
1,base,underground,792.391039,1.262003,0.683350,1.586300,2.289400,21.105284,0.639415,1.172007,42.000000,22890.000000,22344.000000,0.000000,0.003561,0.000000,0.000000,0.000000,2.447432,day1080-final,600,271.3227,271.322700,2.4756,1
1,base,surface_still,671.158282,1.489962,0.607100,1.481000,2.163600,13.034176,0.574550,1.382995,42.000000,22890.000000,22344.000000,0.000000,0.003477,0.000000,0.000000,0.000000,2.801344,day1080-final,600,447.6682,447.668200,2.3979,1
1,base,overview,689.855865,1.449578,0.603850,1.842200,2.657100,14.680282,0.622608,1.262179,48.000000,25464.000000,25601.000000,0.000000,0.004537,0.000000,0.000000,0.000000,3.739060,day1080-final,600,390.0734,390.073400,2.8713,2
1,base,sky,1304.215420,0.766745,0.427450,1.160800,1.733400,39.082372,0.423572,0.698159,0.000000,0.000000,0.000000,0.000000,0.002456,0.000000,0.000000,0.000000,1.689948,day1080-final,600,143.6229,143.622900,1.8684,1
1,base,translate,726.697007,1.376089,0.595900,1.455300,2.195000,14.640417,0.578630,1.243380,41.228333,23682.750000,22078.183333,0.000000,0.002962,0.000000,0.000000,0.000000,2.693652,day1080-final,600,396.7706,396.770600,2.347,1
1,base,rotate,810.663358,1.233558,0.663550,1.771500,2.448700,23.521719,0.684418,1.142382,41.503333,23165.943333,22304.370000,0.000000,0.003688,0.000000,0.000000,0.000000,2.520752,day1080-final,600,240.7252,240.725200,2.818,1
1,base,seam_edits,585.260963,1.708639,1.487700,2.889800,3.502400,238.309906,1.571155,1.351909,42.000000,22896.000000,22345.500000,0.000000,0.838550,2.000000,4.000000,167664.000000,2.692716,day1080-final,600,5.0346,5.034600,4.2949,1
1,base,sky_moving,1283.291249,0.779246,0.440700,1.288700,1.956700,41.437609,0.448158,0.699485,0.000000,0.000000,0.000000,0.000000,0.002384,0.000000,0.000000,0.000000,1.739296,day1080-final,600,134.4037,134.403700,1.9365,1
1,base,wall_moving,791.986261,1.262648,0.612300,1.650500,2.496900,19.030063,0.624277,1.151445,26.770000,15140.680000,14573.851667,0.000000,0.003079,0.000000,0.000000,0.000000,3.114644,day1080-final,600,302.1822,302.182200,2.2889,1
1,base,cloud_layer,1212.149128,0.824981,0.509700,1.604500,2.578000,63.184166,0.554651,0.740162,0.000000,0.000000,0.000000,0.000000,0.003264,0.000000,0.000000,0.000000,2.531412,day1080-final,600,78.0435,78.043500,3.1226,1
1,candidate,underground,404.655289,2.471239,0.893400,2.376500,3.032800,7.023626,0.792627,2.178027,42.000000,22890.000000,22344.000000,0.000000,0.004281,0.000000,0.000000,0.000000,7.629076,day1080-final,600,836.6576,836.657600,2.9993,1
1,candidate,surface_still,640.727456,1.560726,0.657750,1.823300,2.294700,13.075485,0.654722,1.441074,42.000000,22890.000000,22344.000000,0.000000,0.004835,0.000000,0.000000,0.000000,4.012476,day1080-final,600,446.2825,446.282500,2.2634,1
1,candidate,overview,655.454606,1.525659,1.091050,2.681500,3.881900,34.743273,1.024535,1.332020,48.000000,25464.000000,25601.000000,0.000000,0.009066,0.000000,0.000000,0.000000,3.957408,day1080-final,600,149.8242,149.824200,4.7488,2
1,candidate,sky,1128.531245,0.886107,0.732200,1.941600,2.252200,349.351080,0.723178,0.734420,0.000000,0.000000,0.000000,0.000000,0.004893,0.000000,0.000000,0.000000,2.143180,day1080-final,600,4.115,4.115000,2.6489,0
1,candidate,translate,698.036180,1.432591,0.648950,1.463500,1.974000,14.347912,0.605896,1.328889,41.228333,23682.750000,22078.183333,0.000000,0.003243,0.000000,0.000000,0.000000,3.225040,day1080-final,600,407.6118,407.611800,1.708,1
1,candidate,rotate,722.832782,1.383446,0.936200,2.456700,3.319100,34.994993,0.947800,1.224823,41.503333,23165.943333,22304.370000,0.000000,0.006501,0.000000,0.000000,0.000000,3.696784,day1080-final,600,150.9309,150.930900,3.7289,1
1,candidate,seam_edits,551.155244,1.814371,1.635600,3.170100,4.025800,203.974789,1.618671,1.562883,42.000000,22896.000000,22345.500000,0.000000,0.679938,2.000000,4.000000,167664.000000,4.249648,day1080-final,600,8.0376,8.037600,4.069,1
1,candidate,sky_moving,1305.610579,0.765925,0.511850,1.303600,2.193200,65.709067,0.531122,0.691231,0.000000,0.000000,0.000000,0.000000,0.002978,0.000000,0.000000,0.000000,1.538004,day1080-final,600,75.2572,75.257200,5.2256,2
1,candidate,wall_moving,876.385529,1.141050,0.623050,1.495000,2.085800,24.532904,0.629730,1.072259,26.770000,15140.680000,14573.851667,0.000000,0.003185,0.000000,0.000000,0.000000,2.249000,day1080-final,600,233.1056,233.105600,2.1298,1
1,candidate,cloud_layer,1396.845086,0.715899,0.518950,1.420100,2.451100,142.287991,0.549710,0.642616,0.000000,0.000000,0.000000,0.000000,0.003473,0.000000,0.000000,0.000000,1.577576,day1080-final,600,26.9988,26.998800,3.3989,1
2,candidate,underground,776.714413,1.287474,0.707650,1.582100,2.166900,21.387736,0.670389,1.196995,42.000000,22890.000000,22344.000000,0.000000,0.003647,0.000000,0.000000,0.000000,2.327416,day1080-final,600,268.8935,268.893500,2.2591,1
2,candidate,surface_still,538.077648,1.858468,0.782800,1.848900,2.652000,10.397172,0.692407,1.720907,42.000000,22890.000000,22344.000000,0.000000,0.003986,0.000000,0.000000,0.000000,4.263844,day1080-final,600,561.3622,561.362200,3.6236,1
2,candidate,overview,775.400472,1.289656,0.537800,1.453700,2.244300,15.969794,0.544295,1.192064,48.000000,25464.000000,25601.000000,0.000000,0.003124,0.000000,0.000000,0.000000,2.317068,day1080-final,600,362.2461,362.246100,2.6603,1
2,candidate,sky,1302.799760,0.767578,0.418800,1.137900,1.901900,39.629909,0.439674,0.689354,0.000000,0.000000,0.000000,0.000000,0.002328,0.000000,0.000000,0.000000,1.642420,day1080-final,600,140.3021,140.302100,2.1315,1
2,candidate,translate,736.496972,1.357779,0.604550,1.565800,2.574100,16.064962,0.610565,1.253489,41.228333,23682.750000,22078.183333,0.000000,0.003329,0.000000,0.000000,0.000000,2.715336,day1080-final,600,359.5264,359.526400,2.6025,1
2,candidate,rotate,739.227970,1.352763,0.751200,1.793200,2.603200,20.639608,0.735977,1.207442,41.503333,23165.943333,22304.370000,0.000000,0.004073,0.000000,0.000000,0.000000,3.233308,day1080-final,600,276.5648,276.564800,2.3697,1
2,candidate,seam_edits,628.932268,1.589996,1.358650,2.540500,3.247600,95.955323,1.377007,1.430151,42.000000,22896.000000,22345.500000,0.000000,0.604836,2.000000,4.000000,167664.000000,2.788916,day1080-final,600,43.8447,43.844700,3.823,1
2,candidate,sky_moving,1247.605377,0.801536,0.462950,1.218600,2.108700,44.309187,0.488879,0.707333,0.000000,0.000000,0.000000,0.000000,0.002619,0.000000,0.000000,0.000000,1.619332,day1080-final,600,123.1337,123.133700,2.1296,1
2,candidate,wall_moving,753.555368,1.327042,0.816100,2.261900,2.809900,31.210191,0.848170,1.145403,26.770000,15140.680000,14573.851667,0.000000,0.005568,0.000000,0.000000,0.000000,3.052088,day1080-final,600,172.3402,172.340200,6.3283,2
2,candidate,cloud_layer,790.201293,1.265500,1.044500,2.294000,2.821800,76.872912,0.934267,0.914556,0.000000,0.000000,0.000000,0.000000,0.008875,0.000000,0.000000,0.000000,2.882516,day1080-final,600,61.7915,61.791500,3.0732,1
2,base,underground,338.242815,2.956456,1.117550,2.727200,3.856200,5.903703,0.897070,2.675827,42.000000,22890.000000,22344.000000,0.000000,0.005067,0.000000,0.000000,0.000000,12.673336,day1080-final,600,995.7732,995.773200,3.6602,1
2,base,surface_still,644.097214,1.552561,0.778050,1.934300,2.587100,15.393670,0.750626,1.449126,42.000000,22890.000000,22344.000000,0.000000,0.004775,0.000000,0.000000,0.000000,3.029676,day1080-final,600,375.7752,375.775200,2.6545,1
2,base,overview,686.582675,1.456489,0.605900,1.654500,2.130400,13.951457,0.600268,1.354257,48.000000,25464.000000,25601.000000,0.000000,0.003903,0.000000,0.000000,0.000000,3.023280,day1080-final,600,416.2484,416.248400,2.8388,1
2,base,sky,943.415065,1.059979,0.556150,1.486400,2.057200,26.182900,0.559324,0.955022,0.000000,0.000000,0.000000,0.000000,0.003404,0.000000,0.000000,0.000000,2.390024,day1080-final,600,216.9359,216.935900,2.2435,1
2,base,translate,736.758425,1.357297,0.654500,1.570800,2.201900,16.950709,0.640091,1.261589,41.228333,23682.750000,22078.183333,0.000000,0.003466,0.000000,0.000000,0.000000,2.913820,day1080-final,600,341.0274,341.027400,2.4007,1
2,base,rotate,807.825894,1.237891,0.727100,1.862300,2.421300,26.432382,0.728642,1.147625,41.503333,23165.943333,22304.370000,0.000000,0.003886,0.000000,0.000000,0.000000,2.551640,day1080-final,600,214.4953,214.495300,2.2424,1
2,base,seam_edits,518.830880,1.927410,1.761100,2.991100,3.969200,207.313323,1.770946,1.394050,42.000000,22896.000000,22345.500000,0.000000,0.889310,2.000000,4.000000,167664.000000,2.801656,day1080-final,600,5.8108,3.513700,5.6861,1
2,base,sky_moving,1305.899291,0.765756,0.451450,1.216800,1.905300,47.648734,0.469835,0.701799,0.000000,0.000000,0.000000,0.000000,0.002439,0.000000,0.000000,0.000000,1.940172,day1080-final,600,115.1561,115.156100,1.92,1
2,base,wall_moving,847.008999,1.180625,0.700250,1.766900,2.338700,27.232250,0.686022,1.111247,26.770000,15140.680000,14573.851667,0.000000,0.004267,0.000000,0.000000,0.000000,2.485444,day1080-final,600,207.1795,207.179500,2.5322,1
2,base,cloud_layer,1300.552193,0.768904,0.585000,1.609200,2.483200,277.415596,0.631570,0.690163,0.000000,0.000000,0.000000,0.000000,0.003504,0.000000,0.000000,0.000000,1.828424,day1080-final,600,5.6645,5.664500,3.3118,1
3,base,underground,772.336155,1.294773,0.749500,1.760300,2.221400,23.078938,0.704408,1.203575,42.000000,22890.000000,22344.000000,0.000000,0.003851,0.000000,0.000000,0.000000,2.542384,day1080-final,600,247.062,247.062000,2.5231,1
3,base,surface_still,676.723378,1.477709,0.577850,1.402100,2.224700,12.644447,0.539569,1.380440,42.000000,22890.000000,22344.000000,0.000000,0.003414,0.000000,0.000000,0.000000,2.745444,day1080-final,600,460.8199,460.819900,2.4895,1
3,base,overview,776.271150,1.288210,0.546950,1.589300,2.516500,16.890727,0.578880,1.206564,48.000000,25464.000000,25601.000000,0.000000,0.003437,0.000000,0.000000,0.000000,2.612324,day1080-final,600,341.2368,341.236800,2.5916,1
3,base,sky,1317.370318,0.759088,0.456800,1.208400,1.806100,47.381351,0.469638,0.693913,0.000000,0.000000,0.000000,0.000000,0.002264,0.000000,0.000000,0.000000,1.759784,day1080-final,600,115.5897,115.589700,2.2208,1
3,base,translate,750.291394,1.332815,0.572550,1.497600,2.729000,15.749143,0.587678,1.232872,41.228333,23682.750000,22078.183333,0.000000,0.003187,0.000000,0.000000,0.000000,2.656992,day1080-final,600,366.5101,366.510100,2.7314,1
3,base,rotate,788.484033,1.268257,0.710150,1.983400,2.605900,24.992023,0.741151,1.170530,41.503333,23165.943333,22304.370000,0.000000,0.003474,0.000000,0.000000,0.000000,2.555332,day1080-final,600,225.9847,225.984700,2.6132,1
3,base,seam_edits,515.096845,1.941382,1.696600,3.479800,4.611300,201.314584,1.781652,1.377457,42.000000,22896.000000,22345.500000,0.000000,0.923575,2.000000,4.000000,167664.000000,3.266900,day1080-final,600,5.1719,3.578800,4.9517,2
3,base,sky_moving,1265.269696,0.790345,0.496650,1.589000,2.423900,70.738033,0.557396,0.728156,0.000000,0.000000,0.000000,0.000000,0.002923,0.000000,0.000000,0.000000,2.010892,day1080-final,600,71.3272,71.327200,2.4535,1
3,base,wall_moving,861.381469,1.160926,0.638800,1.692500,2.850400,25.792385,0.665740,1.089664,26.770000,15140.680000,14573.851667,0.000000,0.003332,0.000000,0.000000,0.000000,2.756988,day1080-final,600,216.7874,216.787400,3.0864,1
3,base,cloud_layer,1405.770171,0.711354,0.444100,1.281700,2.182700,72.701453,0.495972,0.662140,0.000000,0.000000,0.000000,0.000000,0.002186,0.000000,0.000000,0.000000,2.061280,day1080-final,600,70.3791,70.379100,2.4301,1
3,candidate,underground,773.176348,1.293366,0.684300,1.744800,2.498100,20.707156,0.649405,1.202948,42.000000,22890.000000,22344.000000,0.000000,0.004101,0.000000,0.000000,0.000000,2.738320,day1080-final,600,274.4236,274.423600,3.5145,1
3,candidate,surface_still,674.049001,1.483572,0.595150,1.485500,2.201000,12.979588,0.567029,1.383378,42.000000,22890.000000,22344.000000,0.000000,0.003052,0.000000,0.000000,0.000000,3.017664,day1080-final,600,450.0804,450.080400,2.1323,1
3,candidate,overview,760.339284,1.315202,0.548200,1.523900,2.090300,15.542580,0.552634,1.214151,48.000000,25464.000000,25601.000000,0.000000,0.003186,0.000000,0.000000,0.000000,2.772120,day1080-final,600,373.8711,373.871100,2.4224,1
3,candidate,sky,1276.586510,0.783339,0.441600,1.160800,1.848800,40.134799,0.453190,0.718195,0.000000,0.000000,0.000000,0.000000,0.002245,0.000000,0.000000,0.000000,1.760148,day1080-final,600,138.2897,138.289700,2.1812,1
3,candidate,translate,730.427377,1.369061,0.619750,1.523300,2.199500,15.587582,0.607899,1.279194,41.228333,23682.750000,22078.183333,0.000000,0.003197,0.000000,0.000000,0.000000,2.855944,day1080-final,600,372.7194,372.719400,2.5714,1
3,candidate,rotate,775.555323,1.289399,0.888000,2.330300,3.143900,41.047393,0.894546,1.190406,41.503333,23165.943333,22304.370000,0.000000,0.005401,0.000000,0.000000,0.000000,2.959684,day1080-final,600,122.4614,122.461400,8.5084,2
3,candidate,seam_edits,561.107507,1.782190,1.654650,2.877400,3.668000,239.133381,1.606114,1.467099,42.000000,22896.000000,22345.500000,0.000000,0.696360,2.000000,4.000000,167664.000000,3.291236,day1080-final,600,5.0198,5.019800,3.6836,1
3,candidate,sky_moving,1170.660440,0.854219,0.513250,1.662500,2.496600,51.042674,0.550550,0.773072,0.000000,0.000000,0.000000,0.000000,0.003302,0.000000,0.000000,0.000000,2.131792,day1080-final,600,102.5504,102.550400,2.5614,1
3,candidate,wall_moving,852.916655,1.172448,0.606100,1.623700,2.241200,22.527613,0.617908,1.092878,26.770000,15140.680000,14573.851667,0.000000,0.003092,0.000000,0.000000,0.000000,2.393508,day1080-final,600,254.3899,254.389900,2.3321,1
3,candidate,cloud_layer,1397.592135,0.715516,0.443500,1.104600,1.904100,56.544189,0.455373,0.653925,0.000000,0.000000,0.000000,0.000000,0.002690,0.000000,0.000000,0.000000,1.574612,day1080-final,600,90.2759,90.275900,4.5119,2
1,base,underground,1323.982486,0.755297,0.614750,1.445700,2.071900,447.687693,0.646060,0.643359,42.000000,22890.000000,22344.000000,0.000000,0.002974,0.000000,0.000000,0.000000,1.870388,day720,600,2.4087,1.768300,2.0871,0
1,base,surface_still,639.974401,1.562563,0.600450,1.412500,2.403200,11.749185,0.534918,1.371708,42.000000,22890.000000,22344.000000,0.000000,0.003373,0.000000,0.000000,0.000000,3.985072,day720,600,495.7224,495.722400,2.7377,1
1,base,overview,1091.645058,0.916049,0.506900,1.591600,2.629900,36.518564,0.531331,0.822549,48.000000,25464.000000,25601.000000,0.000000,0.002963,0.000000,0.000000,0.000000,2.907112,day720,600,148.953,148.953000,3.1661,1
1,base,sky,2091.800769,0.478057,0.397300,1.010800,1.445200,560.684783,0.398099,0.362879,0.000000,0.000000,0.000000,0.000000,0.001762,0.000000,0.000000,0.000000,0.843180,day720,600,2.4928,1.445200,2.169,0
1,base,translate,1518.114522,0.658712,0.499700,1.313900,1.927800,177.429228,0.532315,0.603189,41.228333,23682.750000,22078.183333,0.000000,0.002575,0.000000,0.000000,0.000000,2.236520,day720,600,23.1306,23.130600,2.0043,1
1,base,rotate,1399.126479,0.714732,0.568150,1.498500,2.334800,316.227199,0.612743,0.581678,41.503333,23165.943333,22304.370000,0.000000,0.002552,0.000000,0.000000,0.000000,2.056288,day720,600,4.9655,2.673000,4.1322,0
1,base,seam_edits,646.601892,1.546547,1.358100,2.590200,3.207800,289.205408,1.431007,0.864383,42.000000,22896.000000,22345.500000,0.000000,0.751849,2.000000,4.000000,167664.000000,2.441660,day720,600,3.7679,2.148800,3.333,0
1,base,sky_moving,1986.418197,0.503419,0.397250,1.050600,1.826300,516.031375,0.422421,0.412327,0.000000,0.000000,0.000000,0.000000,0.001997,0.000000,0.000000,0.000000,1.443988,day720,600,2.1789,0.807200,1.8791,0
1,base,wall_moving,1396.948506,0.715846,0.560150,1.558100,2.306900,339.351161,0.616438,0.584238,26.816667,15183.423333,14600.740000,0.000000,0.002636,0.000000,0.000000,0.000000,1.893060,day720,600,4.8275,1.456900,4.5809,0
1,base,cloud_layer,1916.494502,0.521786,0.406400,1.008900,1.819500,431.567742,0.441973,0.346291,0.000000,0.000000,0.000000,0.000000,0.001792,0.000000,0.000000,0.000000,0.808600,day720,600,2.8921,0.994900,2.7792,0
1,candidate,underground,1496.389959,0.668275,0.503850,1.379200,2.074600,249.206692,0.559335,0.596024,42.000000,22890.000000,22344.000000,0.000000,0.002399,0.000000,0.000000,0.000000,2.111616,day720,600,11.0692,11.069200,3.1707,1
1,candidate,surface_still,1141.442189,0.876085,0.520100,1.682700,2.953200,49.656707,0.566320,0.802483,42.000000,22890.000000,22344.000000,0.000000,0.003234,0.000000,0.000000,0.000000,2.980120,day720,600,103.4239,103.423900,3.2851,1
1,candidate,overview,1380.249549,0.724507,0.463150,1.496500,2.470800,83.312158,0.522089,0.650775,48.000000,25464.000000,25601.000000,0.000000,0.002790,0.000000,0.000000,0.000000,2.504008,day720,600,56.9086,56.908600,3.6731,1
1,candidate,sky,1794.127462,0.557374,0.421750,1.225900,1.976100,408.797318,0.464207,0.413884,0.000000,0.000000,0.000000,0.000000,0.002462,0.000000,0.000000,0.000000,1.263964,day720,600,2.7367,1.061300,2.186,0
1,candidate,translate,1429.273474,0.699656,0.530950,1.415800,1.999100,246.930855,0.582206,0.624833,41.228333,23682.750000,22078.183333,0.000000,0.003001,0.000000,0.000000,0.000000,2.029508,day720,600,11.9376,11.937600,3.0267,1
1,candidate,rotate,1420.110949,0.704170,0.545800,1.534000,2.325700,336.460547,0.609031,0.551484,41.503333,23165.943333,22304.370000,0.000000,0.002635,0.000000,0.000000,0.000000,1.986816,day720,600,3.5653,1.730000,3.1282,0
1,candidate,seam_edits,745.626620,1.341154,1.158200,2.459100,3.120800,267.596714,1.218702,1.051253,42.000000,22896.000000,22345.500000,0.000000,0.552753,2.000000,4.000000,167664.000000,3.484312,day720,600,4.3838,4.383800,4.0428,0
1,candidate,sky_moving,2006.807761,0.498304,0.387650,1.069700,1.646800,432.379456,0.415787,0.387696,0.000000,0.000000,0.000000,0.000000,0.002001,0.000000,0.000000,0.000000,1.331668,day720,600,2.8886,1.148200,2.4294,0
1,candidate,wall_moving,1635.829018,0.611311,0.480050,1.307000,1.831200,363.634160,0.523963,0.555759,26.816667,15183.423333,14600.740000,0.000000,0.001836,0.000000,0.000000,0.000000,1.791036,day720,600,5.3347,5.334700,2.1644,1
1,candidate,cloud_layer,1869.975026,0.534767,0.407350,1.191300,1.904300,377.332386,0.446589,0.381499,0.000000,0.000000,0.000000,0.000000,0.002377,0.000000,0.000000,0.000000,1.434004,day720,600,3.8759,1.974300,3.3215,0
2,candidate,underground,1118.431661,0.894109,0.567450,1.579800,2.355600,50.092839,0.567674,0.816246,42.000000,22890.000000,22344.000000,0.000000,0.002902,0.000000,0.000000,0.000000,3.438344,day720,600,104.9048,104.904800,3.5186,1
2,candidate,surface_still,1318.986280,0.758158,0.505700,1.357800,1.983100,69.713616,0.521219,0.696528,42.000000,22890.000000,22344.000000,0.000000,0.003192,0.000000,0.000000,0.000000,1.968408,day720,600,73.32,73.320000,2.1837,1
2,candidate,overview,1412.153796,0.708138,0.578600,1.459700,1.996800,459.861735,0.596343,0.588733,48.000000,25464.000000,25601.000000,0.000000,0.003306,0.000000,0.000000,0.000000,1.710436,day720,600,2.5526,1.523500,2.1783,0
2,candidate,sky,1546.363456,0.646679,0.476900,1.474100,2.217700,381.929636,0.534871,0.401922,0.000000,0.000000,0.000000,0.000000,0.002923,0.000000,0.000000,0.000000,1.507584,day720,600,3.3398,1.273500,2.8544,0
2,candidate,translate,931.321555,1.073743,0.601800,1.526100,2.224300,27.828487,0.580037,0.951212,41.228333,23682.750000,22078.183333,0.000000,0.002825,0.000000,0.000000,0.000000,2.801864,day720,600,202.9843,202.984300,2.1389,1
2,candidate,rotate,1290.628723,0.774816,0.615700,1.616300,2.293900,318.483171,0.662769,0.611477,41.503333,23165.943333,22304.370000,0.000000,0.003455,0.000000,0.000000,0.000000,2.114944,day720,600,4.651,1.185200,4.2188,0
2,candidate,seam_edits,775.953310,1.288737,1.148050,2.056100,2.739300,314.696318,1.177723,0.898767,42.000000,22896.000000,22345.500000,0.000000,0.540422,2.000000,4.000000,167664.000000,2.206880,day720,600,3.6994,1.998500,3.3253,0
2,candidate,sky_moving,1923.925424,0.519771,0.422600,0.999700,1.501200,539.791640,0.436055,0.366271,0.000000,0.000000,0.000000,0.000000,0.002023,0.000000,0.000000,0.000000,1.074320,day720,600,2.2985,0.795200,1.8233,0
2,candidate,wall_moving,1534.480545,0.651686,0.501400,1.378200,2.212300,404.833715,0.562699,0.527553,26.816667,15183.423333,14600.740000,0.000000,0.002181,0.000000,0.000000,0.000000,1.505868,day720,600,2.607,2.607000,2.4375,0
2,candidate,cloud_layer,2097.313970,0.476800,0.395900,0.915100,1.325400,632.251130,0.402166,0.333183,0.000000,0.000000,0.000000,0.000000,0.001785,0.000000,0.000000,0.000000,1.235988,day720,600,2.0099,0.822000,1.8355,0
2,base,underground,1488.024749,0.672032,0.521500,1.187700,1.571200,157.619732,0.531912,0.615727,42.000000,22890.000000,22344.000000,0.000000,0.002279,0.000000,0.000000,0.000000,1.888952,day720,600,28.7041,28.704100,1.6863,1
2,base,surface_still,1325.147163,0.754633,0.484300,1.086400,1.794100,51.700739,0.464408,0.681937,42.000000,22890.000000,22344.000000,0.000000,0.002592,0.000000,0.000000,0.000000,1.696812,day720,600,105.4473,105.447300,2.5072,1
2,base,overview,1566.775584,0.638254,0.443300,1.241800,1.746400,115.716410,0.474617,0.584146,48.000000,25464.000000,25601.000000,0.000000,0.002263,0.000000,0.000000,0.000000,1.794988,day720,600,41.7131,41.713100,1.9672,1
2,base,sky,2056.314926,0.486307,0.401550,1.009800,1.510900,541.330591,0.405828,0.345757,0.000000,0.000000,0.000000,0.000000,0.002028,0.000000,0.000000,0.000000,0.758472,day720,600,2.5046,1.210200,2.352,0
2,base,translate,1461.871112,0.684055,0.507150,1.134000,1.618400,107.780494,0.513358,0.629402,41.228333,23682.750000,22078.183333,0.000000,0.002311,0.000000,0.000000,0.000000,1.855152,day720,600,45.8562,45.856200,1.9673,1
2,base,rotate,1467.771050,0.681305,0.564450,1.321400,1.709200,472.951136,0.587288,0.557525,41.503333,23165.943333,22304.370000,0.000000,0.002622,0.000000,0.000000,0.000000,1.704820,day720,600,2.7131,1.080700,2.2924,0
2,base,seam_edits,645.048650,1.550271,1.431700,2.380100,2.868700,327.675470,1.440719,0.856328,42.000000,22896.000000,22345.500000,0.000000,0.796289,2.000000,4.000000,167664.000000,2.053844,day720,600,3.3498,2.334200,3.1372,0
2,base,sky_moving,1987.820623,0.503063,0.419600,0.962400,1.352300,622.923588,0.419184,0.357803,0.000000,0.000000,0.000000,0.000000,0.002089,0.000000,0.000000,0.000000,0.635856,day720,600,1.7966,0.935500,1.5223,0
2,base,wall_moving,1318.470363,0.758455,0.583950,1.491100,2.205100,275.399904,0.649082,0.602423,26.816667,15183.423333,14600.740000,0.000000,0.003050,0.000000,0.000000,0.000000,1.877928,day720,600,9.9368,2.239700,9.6026,1
2,base,cloud_layer,1947.079673,0.513590,0.416350,0.979300,1.534800,470.507050,0.429219,0.344449,0.000000,0.000000,0.000000,0.000000,0.002038,0.000000,0.000000,0.000000,1.235468,day720,600,2.928,0.887900,2.4959,0
3,base,underground,1281.962257,0.780054,0.585000,1.622400,2.426200,285.661234,0.651201,0.683724,42.000000,22890.000000,22344.000000,0.000000,0.002936,0.000000,0.000000,0.000000,2.477748,day720,600,6.5944,6.594400,2.9669,1
3,base,surface_still,1289.539151,0.775471,0.498850,1.435000,2.343600,65.124165,0.531000,0.702062,42.000000,22890.000000,22344.000000,0.000000,0.002440,0.000000,0.000000,0.000000,2.310100,day720,600,77.3505,77.350500,3.2987,1
3,base,overview,1135.189103,0.880910,0.523400,1.463600,2.078500,42.737143,0.521471,0.785808,48.000000,25464.000000,25601.000000,0.000000,0.002791,0.000000,0.000000,0.000000,2.483832,day720,600,129.0989,129.098900,2.2828,1
3,base,sky,1905.613079,0.524765,0.409200,1.092300,1.710700,508.582327,0.441371,0.455751,0.000000,0.000000,0.000000,0.000000,0.001918,0.000000,0.000000,0.000000,1.588028,day720,600,2.4232,0.811400,2.2144,0
3,base,translate,1294.484418,0.772508,0.644550,1.500800,2.256400,360.394993,0.662166,0.626145,41.228333,23682.750000,22078.183333,0.000000,0.003068,0.000000,0.000000,0.000000,1.872988,day720,600,3.9478,1.264800,3.4706,0
3,base,rotate,893.401559,1.119317,0.889050,2.033900,2.741000,81.952547,0.855283,0.977523,41.503333,23165.943333,22304.370000,0.000000,0.004162,0.000000,0.000000,0.000000,3.574272,day720,600,57.7457,57.745700,2.659,1
3,base,seam_edits,646.447652,1.546916,1.385200,2.566900,3.047000,291.737980,1.431324,0.773092,42.000000,22896.000000,22345.500000,0.000000,0.777007,2.000000,4.000000,167664.000000,2.003300,day720,600,3.8461,3.648800,3.3501,0
3,base,sky_moving,1978.576632,0.505414,0.389950,0.940200,1.509300,331.233680,0.410043,0.440660,0.000000,0.000000,0.000000,0.000000,0.001888,0.000000,0.000000,0.000000,1.330212,day720,600,8.4709,8.470900,1.82,1
3,base,wall_moving,1554.284554,0.643383,0.531300,1.243500,1.721300,446.817542,0.549760,0.559951,26.816667,15183.423333,14600.740000,0.000000,0.002254,0.000000,0.000000,0.000000,1.819792,day720,600,3.5337,3.533700,1.955,0
3,base,cloud_layer,1795.986151,0.556797,0.431450,1.197700,1.853000,494.992328,0.465683,0.359768,0.000000,0.000000,0.000000,0.000000,0.002403,0.000000,0.000000,0.000000,1.203644,day720,600,2.1658,0.855300,2.0093,0
3,candidate,underground,1384.557020,0.722253,0.527450,1.289200,1.727700,106.159179,0.544076,0.653287,42.000000,22890.000000,22344.000000,0.000000,0.002211,0.000000,0.000000,0.000000,2.370524,day720,600,45.4093,45.409300,2.4056,1
3,candidate,surface_still,1379.112197,0.725104,0.463900,1.159000,1.769700,60.600184,0.477084,0.663718,42.000000,22890.000000,22344.000000,0.000000,0.002287,0.000000,0.000000,0.000000,2.203188,day720,600,88.374,88.374000,2.266,1
3,candidate,overview,1513.167203,0.660865,0.460650,1.198400,1.736700,92.664522,0.479862,0.597533,48.000000,25464.000000,25601.000000,0.000000,0.003020,0.000000,0.000000,0.000000,1.859364,day720,600,54.4894,54.489400,1.9513,1
3,candidate,sky,1821.839852,0.548896,0.438750,1.114500,1.607900,500.939261,0.455564,0.363755,0.000000,0.000000,0.000000,0.000000,0.002156,0.000000,0.000000,0.000000,0.628940,day720,600,3.1077,0.816200,2.6946,0
3,candidate,translate,1495.217174,0.668799,0.503400,1.221100,1.793000,130.877490,0.520531,0.617583,41.228333,23682.750000,22078.183333,0.000000,0.002390,0.000000,0.000000,0.000000,1.964924,day720,600,33.544,33.544000,2.5035,1
3,candidate,rotate,1470.914144,0.679849,0.562000,1.377700,1.811000,478.327766,0.590883,0.525991,41.503333,23165.943333,22304.370000,0.000000,0.002352,0.000000,0.000000,0.000000,1.433120,day720,600,2.4351,1.535400,2.1896,0
3,candidate,seam_edits,773.981128,1.292021,1.144350,2.122100,2.757600,311.382591,1.186237,0.800056,42.000000,22896.000000,22345.500000,0.000000,0.547676,2.000000,4.000000,167664.000000,2.020148,day720,600,4.2138,2.026400,3.8245,0
3,candidate,sky_moving,1974.190746,0.506537,0.396000,1.000400,1.490600,493.940991,0.429437,0.360483,0.000000,0.000000,0.000000,0.000000,0.001752,0.000000,0.000000,0.000000,0.856752,day720,600,2.8966,0.845500,2.6219,0
3,candidate,wall_moving,1466.011262,0.682123,0.545200,1.289000,1.932800,470.311581,0.594031,0.520087,26.816667,15183.423333,14600.740000,0.000000,0.002306,0.000000,0.000000,0.000000,1.546532,day720,600,2.5834,1.477700,2.2887,0
3,candidate,cloud_layer,2040.500535,0.490076,0.392600,0.984200,1.551900,543.606284,0.410048,0.349578,0.000000,0.000000,0.000000,0.000000,0.001739,0.000000,0.000000,0.000000,0.820196,day720,600,2.1419,1.965600,1.8949,0
1,base,underground,1594.395805,0.627197,0.513850,1.180500,1.568200,557.108237,0.537134,0.556633,42.000000,22890.000000,22344.000000,0.000000,0.002358,0.000000,0.000000,0.000000,1.404884,day720-final,600,2.1673,1.523200,2.0349,0
1,base,surface_still,1313.590937,0.761272,0.610200,1.612600,2.436800,332.382350,0.632398,0.699190,42.000000,22890.000000,22344.000000,0.000000,0.002967,0.000000,0.000000,0.000000,1.778816,day720-final,600,3.4431,1.957200,2.8013,0
1,base,overview,1306.510954,0.765397,0.629850,1.673400,2.172700,284.724529,0.617277,0.668099,48.000000,25464.000000,25601.000000,0.000000,0.003425,0.000000,0.000000,0.000000,2.045784,day720-final,600,7.8277,7.827700,2.7158,1
1,base,sky,1981.866581,0.504575,0.416200,0.955800,1.544000,569.427441,0.424104,0.338798,0.000000,0.000000,0.000000,0.000000,0.002036,0.000000,0.000000,0.000000,1.098968,day720-final,600,2.1179,0.747800,1.882,0
1,base,translate,1587.485954,0.629927,0.512050,1.113900,1.650800,245.803922,0.522979,0.581212,41.228333,23682.750000,22078.183333,0.000000,0.002037,0.000000,0.000000,0.000000,1.604564,day720-final,600,14.046,14.046000,2.2728,1
1,base,rotate,1450.437464,0.689447,0.573000,1.284600,1.865300,362.356039,0.597379,0.516280,41.503333,23165.943333,22304.370000,0.000000,0.002524,0.000000,0.000000,0.000000,1.429844,day720-final,600,4.439,1.772400,4.2092,0
1,base,seam_edits,670.516324,1.491388,1.359000,2.365700,2.948500,311.973545,1.383443,0.656321,42.000000,22896.000000,22345.500000,0.000000,0.753887,2.000000,4.000000,167664.000000,1.573676,day720-final,600,3.3886,1.862600,3.2016,0
1,base,sky_moving,1728.450614,0.578553,0.441900,1.244100,1.833700,387.531810,0.476554,0.429726,0.000000,0.000000,0.000000,0.000000,0.002175,0.000000,0.000000,0.000000,1.291524,day720-final,600,3.6321,3.632100,2.5768,0
1,base,wall_moving,1596.389605,0.626414,0.530300,1.140400,1.706600,503.930659,0.535616,0.494890,26.816667,15183.423333,14600.740000,0.000000,0.002294,0.000000,0.000000,0.000000,1.318928,day720-final,600,2.3646,2.064500,2.0883,0
1,base,cloud_layer,1971.279768,0.507285,0.416650,0.948300,1.458100,515.565790,0.418459,0.322609,0.000000,0.000000,0.000000,0.000000,0.002145,0.000000,0.000000,0.000000,1.106820,day720-final,600,2.2239,0.948300,1.7853,0
1,candidate,underground,1397.655945,0.715484,0.530650,1.549300,2.063200,283.254022,0.603984,0.626424,42.000000,22890.000000,22344.000000,0.000000,0.002926,0.000000,0.000000,0.000000,1.687764,day720-final,600,8.2948,8.294800,2.8504,1
1,candidate,surface_still,1322.835896,0.755952,0.517750,1.366200,2.092100,75.948502,0.540658,0.668930,42.000000,22890.000000,22344.000000,0.000000,0.002920,0.000000,0.000000,0.000000,2.111616,day720-final,600,67.2313,67.231300,2.1247,1
1,candidate,overview,1491.860039,0.670304,0.502550,1.289300,2.404700,201.193750,0.551519,0.587788,48.000000,25464.000000,25601.000000,0.000000,0.002505,0.000000,0.000000,0.000000,1.905124,day720-final,600,16.2095,16.209500,2.9853,1
1,candidate,sky,1576.347639,0.634378,0.487400,1.302200,2.010700,420.512605,0.528482,0.397839,0.000000,0.000000,0.000000,0.000000,0.003174,0.000000,0.000000,0.000000,1.454908,day720-final,600,3.3087,0.778100,3.0097,0
1,candidate,translate,1476.294039,0.677372,0.540300,1.233800,2.162500,366.336150,0.576994,0.599363,41.228333,23682.750000,22078.183333,0.000000,0.002433,0.000000,0.000000,0.000000,1.859832,day720-final,600,4.195,4.195000,2.5374,0
1,candidate,rotate,1451.259100,0.689057,0.565650,1.327100,2.036100,424.067229,0.589399,0.535985,41.503333,23165.943333,22304.370000,0.000000,0.002857,0.000000,0.000000,0.000000,1.533428,day720-final,600,2.6544,1.208000,2.5261,0
1,candidate,seam_edits,684.831049,1.460214,1.297150,2.473600,3.225200,285.911701,1.328198,0.924276,42.000000,22896.000000,22345.500000,0.000000,0.570655,2.000000,4.000000,167664.000000,2.372240,day720-final,600,3.7269,2.106100,3.435,0
1,candidate,sky_moving,1094.676769,0.913512,0.816250,1.974700,2.367000,384.130297,0.754835,0.384588,0.000000,0.000000,0.000000,0.000000,0.005881,0.000000,0.000000,0.000000,1.204060,day720-final,600,2.9353,1.004000,2.5403,0
1,candidate,wall_moving,1113.909706,0.897739,0.724450,1.879300,2.370300,305.626585,0.757644,0.674328,26.816667,15183.423333,14600.740000,0.000000,0.004106,0.000000,0.000000,0.000000,2.056444,day720-final,600,4.857,4.857000,3.0228,0
1,candidate,cloud_layer,1822.898707,0.548577,0.445650,1.045900,1.452600,597.056511,0.457471,0.460356,0.000000,0.000000,0.000000,0.000000,0.002115,0.000000,0.000000,0.000000,1.949012,day720-final,600,2.0731,0.867300,1.6408,0
2,candidate,underground,1029.069498,0.971752,0.813000,2.008100,2.658000,315.021815,0.811881,0.770957,42.000000,22890.000000,22344.000000,0.000000,0.003923,0.000000,0.000000,0.000000,3.012360,day720-final,600,3.7529,1.398100,3.2269,0
2,candidate,surface_still,564.484976,1.771526,1.026250,2.497500,3.256500,16.941548,0.889528,1.513230,42.000000,22890.000000,22344.000000,0.000000,0.005348,0.000000,0.000000,0.000000,6.766084,day720-final,600,336.036,336.036000,3.1758,1
2,candidate,overview,309.954579,3.226279,0.727400,3.010300,4.543200,4.557746,0.816311,2.527769,48.000000,25464.000000,25601.000000,0.000000,0.004628,0.000000,0.000000,0.000000,11.041784,day720-final,600,1292.188,1292.188000,4.0027,2
2,candidate,sky,1191.866702,0.839020,0.568450,2.293100,3.777600,232.421209,0.687959,0.416302,0.000000,0.000000,0.000000,0.000000,0.004039,0.000000,0.000000,0.000000,2.364232,day720-final,600,4.6464,1.194500,3.9103,0
2,candidate,translate,1070.044202,0.934541,0.766900,2.016700,2.756400,312.145585,0.782821,0.777877,41.228333,23682.750000,22078.183333,0.000000,0.004812,0.000000,0.000000,0.000000,4.039672,day720-final,600,3.78,3.780000,3.1304,0
2,candidate,rotate,668.200558,1.496557,0.682200,1.784700,2.535000,15.291350,0.715157,1.332917,41.503333,23165.943333,22304.370000,0.000000,0.003628,0.000000,0.000000,0.000000,5.259124,day720-final,600,375.8609,375.860900,3.844,1
2,candidate,seam_edits,580.656362,1.722189,1.576950,2.978100,3.561100,267.070239,1.559415,0.912400,42.000000,22896.000000,22345.500000,0.000000,0.713829,2.000000,4.000000,167664.000000,2.723604,day720-final,600,4.0702,4.070200,3.4212,0
2,candidate,sky_moving,1324.566469,0.754964,0.576100,1.600400,1.997900,161.650560,0.574905,0.608713,0.000000,0.000000,0.000000,0.000000,0.004156,0.000000,0.000000,0.000000,2.616848,day720-final,600,24.0868,24.086800,3.2987,1
2,candidate,wall_moving,1489.447636,0.671390,0.532100,1.428500,2.305100,398.350828,0.576916,0.535408,26.816667,15183.423333,14600.740000,0.000000,0.002898,0.000000,0.000000,0.000000,1.597076,day720-final,600,2.676,1.288400,2.4753,0
2,candidate,cloud_layer,1972.937220,0.506858,0.421950,0.968800,1.458000,574.212133,0.420530,0.320985,0.000000,0.000000,0.000000,0.000000,0.001979,0.000000,0.000000,0.000000,0.795860,day720-final,600,2.1403,1.086300,1.8677,0
2,base,underground,1546.153055,0.646767,0.518700,1.375400,1.986100,406.330631,0.556702,0.565907,42.000000,22890.000000,22344.000000,0.000000,0.002468,0.000000,0.000000,0.000000,1.757080,day720-final,600,3.6462,1.743500,2.9766,0
2,base,surface_still,1428.640820,0.699966,0.478850,1.244400,1.943800,112.537419,0.527611,0.651619,42.000000,22890.000000,22344.000000,0.000000,0.002543,0.000000,0.000000,0.000000,1.891188,day720-final,600,41.6189,41.618900,2.7304,1
2,base,overview,1608.372113,0.621747,0.480250,1.173000,1.836300,190.112864,0.493390,0.572949,48.000000,25464.000000,25601.000000,0.000000,0.002527,0.000000,0.000000,0.000000,1.577472,day720-final,600,20.9268,20.926800,2.2446,1
2,base,sky,1997.928149,0.500518,0.402550,0.972400,1.613700,496.816236,0.417244,0.354308,0.000000,0.000000,0.000000,0.000000,0.002255,0.000000,0.000000,0.000000,1.109732,day720-final,600,2.3185,0.828000,2.1985,0
2,base,translate,1509.357260,0.662534,0.547500,1.269200,1.697500,412.666098,0.569351,0.575890,41.228333,23682.750000,22078.183333,0.000000,0.002394,0.000000,0.000000,0.000000,1.700608,day720-final,600,3.3236,1.157900,2.9169,0
2,base,rotate,1286.206995,0.777480,0.643000,1.551600,2.172400,344.538491,0.665563,0.539632,41.503333,23165.943333,22304.370000,0.000000,0.003381,0.000000,0.000000,0.000000,1.767532,day720-final,600,3.3358,3.256500,2.9178,0
2,base,seam_edits,561.813797,1.779949,1.620050,2.860400,3.656300,236.337711,1.631798,1.008998,42.000000,22896.000000,22345.500000,0.000000,0.875484,2.000000,4.000000,167664.000000,2.714140,day720-final,600,5.2335,5.233500,3.8593,1
2,base,sky_moving,1719.711650,0.581493,0.447000,1.194000,1.634800,525.044629,0.484889,0.393415,0.000000,0.000000,0.000000,0.000000,0.002638,0.000000,0.000000,0.000000,1.376700,day720-final,600,2.1314,0.978100,1.9804,0
2,base,wall_moving,1478.234476,0.676483,0.535600,1.267700,1.903900,464.076604,0.581200,0.566832,26.816667,15183.423333,14600.740000,0.000000,0.002682,0.000000,0.000000,0.000000,1.672268,day720-final,600,2.3369,1.172500,2.1379,0
2,base,cloud_layer,1791.128184,0.558307,0.446700,1.164000,1.893800,444.678312,0.462249,0.354548,0.000000,0.000000,0.000000,0.000000,0.002746,0.000000,0.000000,0.000000,1.116232,day720-final,600,2.5636,1.164000,2.2327,0
3,base,underground,1034.185341,0.966945,0.819350,1.867700,2.731100,303.659092,0.821432,0.759148,42.000000,22890.000000,22344.000000,0.000000,0.004652,0.000000,0.000000,0.000000,2.023164,day720-final,600,3.994,1.431200,3.7617,0
3,base,surface_still,1312.931544,0.761654,0.609850,1.491500,2.074100,414.553595,0.639225,0.686357,42.000000,22890.000000,22344.000000,0.000000,0.003891,0.000000,0.000000,0.000000,2.066220,day720-final,600,3.3835,3.383500,2.0623,0
3,base,overview,1411.281881,0.708576,0.542900,1.333200,2.101900,166.424888,0.561455,0.639475,48.000000,25464.000000,25601.000000,0.000000,0.002903,0.000000,0.000000,0.000000,2.003612,day720-final,600,24.4055,24.405500,2.072,1
3,base,sky,1852.353817,0.539854,0.423900,1.037300,1.433200,636.510227,0.454517,0.349516,0.000000,0.000000,0.000000,0.000000,0.002215,0.000000,0.000000,0.000000,0.509808,day720-final,600,1.748,1.056200,1.4866,0
3,base,translate,1456.950040,0.686365,0.562050,1.357700,1.884600,498.703371,0.589522,0.604281,41.228333,23682.750000,22078.183333,0.000000,0.002736,0.000000,0.000000,0.000000,1.831700,day720-final,600,2.1934,1.647900,1.826,0
3,base,rotate,1264.142595,0.791050,0.639750,1.550100,2.170600,363.339086,0.684370,0.555236,41.503333,23165.943333,22304.370000,0.000000,0.002951,0.000000,0.000000,0.000000,1.775852,day720-final,600,3.7018,1.986200,3.6195,0
3,base,seam_edits,617.729262,1.618832,1.441100,2.618900,3.089100,306.449224,1.498362,1.032589,42.000000,22896.000000,22345.500000,0.000000,0.810971,2.000000,4.000000,167664.000000,2.403180,day720-final,600,3.3932,2.217400,3.1359,0
3,base,sky_moving,1915.855621,0.521960,0.418900,1.047800,1.451900,532.117740,0.440831,0.394138,0.000000,0.000000,0.000000,0.000000,0.001994,0.000000,0.000000,0.000000,0.969436,day720-final,600,2.1563,1.823800,1.942,0
3,base,wall_moving,1448.482196,0.690378,0.538850,1.353000,2.047000,403.942479,0.594286,0.520946,26.816667,15183.423333,14600.740000,0.000000,0.002406,0.000000,0.000000,0.000000,1.647516,day720-final,600,3.0939,2.875400,2.641,0
3,base,cloud_layer,1943.884588,0.514434,0.418050,1.002600,1.603900,532.713019,0.430831,0.377490,0.000000,0.000000,0.000000,0.000000,0.002189,0.000000,0.000000,0.000000,0.796432,day720-final,600,2.3691,0.880500,2.0092,0
3,candidate,underground,1285.683062,0.777797,0.620900,1.513700,1.866400,411.319513,0.672415,0.610106,42.000000,22890.000000,22344.000000,0.000000,0.003163,0.000000,0.000000,0.000000,1.759316,day720-final,600,3.3244,1.310000,3.0084,0
3,candidate,surface_still,1320.095997,0.757521,0.519100,1.382600,1.976800,79.168624,0.534046,0.690847,42.000000,22890.000000,22344.000000,0.000000,0.002807,0.000000,0.000000,0.000000,2.176148,day720-final,600,64.6707,64.670700,2.1325,1
3,candidate,overview,1516.602628,0.659368,0.486300,1.304700,2.370100,172.618157,0.528787,0.588457,48.000000,25464.000000,25601.000000,0.000000,0.002795,0.000000,0.000000,0.000000,1.736592,day720-final,600,19.0615,19.061500,3.1898,1
3,candidate,sky,1999.907338,0.500023,0.396800,0.944000,1.639500,503.338814,0.420128,0.372568,0.000000,0.000000,0.000000,0.000000,0.001977,0.000000,0.000000,0.000000,0.832832,day720-final,600,2.7173,1.639500,2.059,0
3,candidate,translate,1272.889200,0.785614,0.606800,1.604100,2.438400,273.532952,0.673309,0.611865,41.228333,23682.750000,22078.183333,0.000000,0.003067,0.000000,0.000000,0.000000,1.817504,day720-final,600,7.445,2.753300,7.063,1
3,candidate,rotate,1400.010547,0.714280,0.580050,1.355300,1.831600,432.697508,0.613674,0.541968,41.503333,23165.943333,22304.370000,0.000000,0.002588,0.000000,0.000000,0.000000,1.666548,day720-final,600,2.5478,2.317200,2.3759,0
3,candidate,seam_edits,745.871323,1.340714,1.204600,2.183400,2.678200,327.691577,1.221248,0.941105,42.000000,22896.000000,22345.500000,0.000000,0.561251,2.000000,4.000000,167664.000000,2.228304,day720-final,600,3.6462,2.016700,3.429,0
3,candidate,sky_moving,1833.567113,0.545385,0.416950,1.174200,1.840100,399.866711,0.456771,0.370997,0.000000,0.000000,0.000000,0.000000,0.002205,0.000000,0.000000,0.000000,1.127672,day720-final,600,4.3786,1.080200,4.2887,0
3,candidate,wall_moving,1383.084417,0.723022,0.574550,1.397300,2.311300,389.165629,0.620607,0.534043,26.816667,15183.423333,14600.740000,0.000000,0.003017,0.000000,0.000000,0.000000,1.442272,day720-final,600,3.0486,1.613000,2.6539,0
3,candidate,cloud_layer,1941.442220,0.515081,0.405650,1.106800,1.574200,555.283056,0.427396,0.358772,0.000000,0.000000,0.000000,0.000000,0.002158,0.000000,0.000000,0.000000,1.111916,day720-final,600,2.0749,0.851600,1.9161,0
1,base,underground,952.121008,1.050287,0.914750,1.943400,2.745000,240.392320,0.896004,0.584958,42.000000,22890.000000,22344.000000,0.000000,0.005900,0.000000,0.000000,0.000000,1.693432,day720-repeat,600,8.3185,1.479500,8.0473,1
1,base,surface_still,1386.584334,0.721197,0.595500,1.471000,1.921000,351.644230,0.607309,0.666205,42.000000,22890.000000,22344.000000,0.000000,0.003553,0.000000,0.000000,0.000000,1.790620,day720-repeat,600,5.0917,5.091700,2.3819,1
1,base,overview,1474.373545,0.678254,0.581050,1.200900,1.682700,500.563134,0.572965,0.585020,48.000000,25464.000000,25601.000000,0.000000,0.003456,0.000000,0.000000,0.000000,1.762592,day720-repeat,600,2.8045,1.193800,2.4423,0
1,base,sky,1479.628475,0.675845,0.572750,1.280400,1.669200,556.281812,0.562498,0.360025,0.000000,0.000000,0.000000,0.000000,0.003527,0.000000,0.000000,0.000000,1.172600,day720-repeat,600,1.9037,1.189100,1.6778,0
1,base,translate,1144.460914,0.873774,0.745950,1.641500,2.140700,436.021162,0.750820,0.648401,41.228333,23682.750000,22078.183333,0.000000,0.004339,0.000000,0.000000,0.000000,2.088892,day720-repeat,600,2.4106,1.716900,2.206,0
1,base,rotate,1075.005845,0.930228,0.804900,1.714100,2.263100,377.581715,0.803962,0.561994,41.503333,23165.943333,22304.370000,0.000000,0.004209,0.000000,0.000000,0.000000,1.579136,day720-repeat,600,3.7614,1.214300,3.2578,0
1,base,seam_edits,557.434626,1.793932,1.673200,2.832600,3.221700,282.503166,1.665149,0.663596,42.000000,22896.000000,22345.500000,0.000000,0.916020,2.000000,4.000000,167664.000000,1.647828,day720-repeat,600,4.0564,2.604900,3.6042,0
1,base,sky_moving,1402.343924,0.713092,0.563400,1.476300,1.979900,487.483852,0.594959,0.362818,0.000000,0.000000,0.000000,0.000000,0.003230,0.000000,0.000000,0.000000,0.783900,day720-repeat,600,2.1004,1.630600,1.8975,0
1,base,wall_moving,1214.093931,0.823659,0.697850,1.538100,1.885400,486.618005,0.703324,0.525736,26.816667,15183.423333,14600.740000,0.000000,0.003487,0.000000,0.000000,0.000000,1.660464,day720-repeat,600,2.34,2.139100,2.1192,0
1,base,cloud_layer,1730.480041,0.577874,0.451850,1.126100,1.451300,636.334712,0.485665,0.321961,0.000000,0.000000,0.000000,0.000000,0.002424,0.000000,0.000000,0.000000,1.100268,day720-repeat,600,1.6528,0.877100,1.4767,0
1,candidate,underground,1276.823943,0.783193,0.601250,1.633700,2.133800,433.632540,0.671265,0.575511,42.000000,22890.000000,22344.000000,0.000000,0.003172,0.000000,0.000000,0.000000,1.651624,day720-repeat,600,2.4361,2.239300,1.9414,0
1,candidate,surface_still,1391.831388,0.718478,0.534650,1.384600,2.156700,160.740262,0.572415,0.660702,42.000000,22890.000000,22344.000000,0.000000,0.002855,0.000000,0.000000,0.000000,1.673776,day720-repeat,600,21.6285,21.628500,5.4491,2
1,candidate,overview,1282.108265,0.779965,0.567600,1.886700,2.770000,281.920442,0.658395,0.622048,48.000000,25464.000000,25601.000000,0.000000,0.003095,0.000000,0.000000,0.000000,1.904292,day720-repeat,600,5.1846,1.477000,3.6801,1
1,candidate,sky,1143.569641,0.874455,0.745350,1.783500,2.353900,197.621298,0.706679,0.645504,0.000000,0.000000,0.000000,0.000000,0.004069,0.000000,0.000000,0.000000,3.319992,day720-repeat,600,16.4686,16.468600,3.0247,1
1,candidate,translate,1073.262317,0.931739,0.810200,1.791500,2.675800,284.268577,0.775266,0.790864,41.228333,23682.750000,22078.183333,0.000000,0.003736,0.000000,0.000000,0.000000,2.641964,day720-repeat,600,6.0794,6.079400,2.8783,1
1,candidate,rotate,1021.665263,0.978794,0.837950,2.000200,2.580300,314.565978,0.821839,0.792692,41.503333,23165.943333,22304.370000,0.000000,0.003921,0.000000,0.000000,0.000000,3.064412,day720-repeat,600,3.559,2.580300,3.0157,0
1,candidate,seam_edits,613.725040,1.629394,1.523150,2.572300,3.296500,267.251056,1.463607,1.337058,42.000000,22896.000000,22345.500000,0.000000,0.640132,2.000000,4.000000,167664.000000,4.068844,day720-repeat,600,4.6867,2.502600,3.7467,0
1,candidate,sky_moving,1856.599360,0.538619,0.442150,1.080100,1.510300,506.906602,0.446486,0.355231,0.000000,0.000000,0.000000,0.000000,0.002396,0.000000,0.000000,0.000000,1.250028,day720-repeat,600,2.1611,0.982400,2.0515,0
1,candidate,wall_moving,1223.028651,0.817642,0.631750,1.679700,2.273200,309.797341,0.692900,0.597507,26.816667,15183.423333,14600.740000,0.000000,0.003359,0.000000,0.000000,0.000000,1.786824,day720-repeat,600,6.2588,1.332000,2.8574,1
1,candidate,cloud_layer,1824.211112,0.548182,0.429650,1.021900,1.621700,499.829225,0.459367,0.359857,0.000000,0.000000,0.000000,0.000000,0.002120,0.000000,0.000000,0.000000,1.215812,day720-repeat,600,3.1466,1.202200,2.5375,0
2,candidate,underground,1276.142307,0.783612,0.608700,1.511300,2.083800,411.029286,0.664543,0.598987,42.000000,22890.000000,22344.000000,0.000000,0.002970,0.000000,0.000000,0.000000,1.674920,day720-repeat,600,2.9167,2.916700,2.1139,0
2,candidate,surface_still,1003.501384,0.996511,0.639150,2.297200,4.067700,65.470663,0.728549,0.846305,42.000000,22890.000000,22344.000000,0.000000,0.003542,0.000000,0.000000,0.000000,3.706768,day720-repeat,600,68.6022,68.602200,5.0626,2
2,candidate,overview,555.243540,1.801012,0.966850,2.634100,3.579700,14.431344,0.767383,1.539867,48.000000,25464.000000,25601.000000,0.000000,0.005309,0.000000,0.000000,0.000000,6.238596,day720-repeat,600,394.2972,394.297200,3.6584,1
2,candidate,sky,1533.654515,0.652037,0.473300,1.394600,2.678200,329.270501,0.544009,0.376989,0.000000,0.000000,0.000000,0.000000,0.002754,0.000000,0.000000,0.000000,1.685476,day720-repeat,600,4.0819,0.792500,2.6721,0
2,candidate,translate,1272.548769,0.785825,0.649900,1.514600,2.370400,337.834033,0.663226,0.676563,41.228333,23682.750000,22078.183333,0.000000,0.003728,0.000000,0.000000,0.000000,3.207984,day720-repeat,600,4.1493,4.149300,2.8595,0
2,candidate,rotate,404.888817,2.469814,0.762550,1.776400,2.255500,6.311973,0.729827,2.120535,41.503333,23165.943333,22304.370000,0.000000,0.003561,0.000000,0.000000,0.000000,10.426780,day720-repeat,600,925.0706,925.070600,11.7802,2
2,candidate,seam_edits,699.570499,1.429449,1.292750,2.304500,2.953100,313.850210,1.302625,0.730136,42.000000,22896.000000,22345.500000,0.000000,0.599524,2.000000,4.000000,167664.000000,1.640808,day720-repeat,600,3.432,1.916000,3.1297,0
2,candidate,sky_moving,1750.774353,0.571176,0.443350,1.119400,1.832200,356.902798,0.480316,0.446261,0.000000,0.000000,0.000000,0.000000,0.002092,0.000000,0.000000,0.000000,2.279576,day720-repeat,600,3.9104,3.910400,2.569,0
2,candidate,wall_moving,849.093571,1.177727,0.578250,1.320300,1.988800,20.694565,0.596171,1.036464,26.816667,15183.423333,14600.740000,0.000000,0.002518,0.000000,0.000000,0.000000,3.804892,day720-repeat,600,278.5979,278.597900,2.5317,1
2,candidate,cloud_layer,1912.600531,0.522848,0.420400,1.047500,1.541000,552.842532,0.431793,0.424846,0.000000,0.000000,0.000000,0.000000,0.002091,0.000000,0.000000,0.000000,1.244984,day720-repeat,600,2.0144,1.541000,1.707,0
2,base,underground,1552.390863,0.644168,0.523400,1.238800,1.867000,483.122906,0.552265,0.551527,42.000000,22890.000000,22344.000000,0.000000,0.002512,0.000000,0.000000,0.000000,1.486940,day720-repeat,600,2.1897,2.070700,1.8907,0
2,base,surface_still,1441.076542,0.693926,0.489850,1.130400,1.529000,80.257144,0.480971,0.636061,42.000000,22890.000000,22344.000000,0.000000,0.002550,0.000000,0.000000,0.000000,1.631812,day720-repeat,600,63.7161,63.716100,2.2436,1
2,base,overview,1587.298228,0.630001,0.478600,1.218100,1.839900,182.133881,0.495810,0.588867,48.000000,25464.000000,25601.000000,0.000000,0.002704,0.000000,0.000000,0.000000,1.828944,day720-repeat,600,22.3793,22.379300,1.8922,1
2,base,sky,1634.748208,0.611715,0.463950,1.312400,1.802100,425.510790,0.501455,0.461967,0.000000,0.000000,0.000000,0.000000,0.002747,0.000000,0.000000,0.000000,1.352936,day720-repeat,600,3.4582,1.676400,2.6327,0
2,base,translate,1126.266487,0.887889,0.722400,1.800000,2.404400,338.858611,0.741386,0.750821,41.228333,23682.750000,22078.183333,0.000000,0.003582,0.000000,0.000000,0.000000,3.025568,day720-repeat,600,3.3569,2.404400,2.9202,0
2,base,rotate,1237.350922,0.808178,0.660050,1.605000,2.376400,282.512478,0.673981,0.740843,41.503333,23165.943333,22304.370000,0.000000,0.002928,0.000000,0.000000,0.000000,2.473744,day720-repeat,600,6.6273,6.627300,2.72,1
2,base,seam_edits,520.601638,1.920855,1.750900,3.257500,3.816800,238.344933,1.760499,0.906382,42.000000,22896.000000,22345.500000,0.000000,0.920628,2.000000,4.000000,167664.000000,2.992808,day720-repeat,600,4.8015,2.419100,4.6514,0
2,base,sky_moving,1721.315073,0.580951,0.448350,1.182400,1.615700,530.790258,0.483143,0.385407,0.000000,0.000000,0.000000,0.000000,0.002680,0.000000,0.000000,0.000000,1.440608,day720-repeat,600,2.0368,0.807200,1.8425,0
2,base,wall_moving,1365.720018,0.732214,0.589950,1.442900,2.026000,392.891287,0.628535,0.633864,26.816667,15183.423333,14600.740000,0.000000,0.003094,0.000000,0.000000,0.000000,1.901432,day720-repeat,600,3.3434,1.641000,3.1445,0
2,base,cloud_layer,1851.283325,0.540166,0.443500,1.096600,1.609100,521.807192,0.447442,0.315142,0.000000,0.000000,0.000000,0.000000,0.002319,0.000000,0.000000,0.000000,0.411528,day720-repeat,600,2.4018,1.581600,1.7249,0
3,base,underground,1107.277062,0.903116,0.705600,1.855700,2.580600,341.438709,0.773147,0.611877,42.000000,22890.000000,22344.000000,0.000000,0.004072,0.000000,0.000000,0.000000,1.847248,day720-repeat,600,3.4202,2.135200,2.992,0
3,base,surface_still,1416.026446,0.706202,0.561750,1.406400,2.015200,362.717479,0.590316,0.655406,42.000000,22890.000000,22344.000000,0.000000,0.002851,0.000000,0.000000,0.000000,1.634412,day720-repeat,600,3.2832,1.660300,2.7208,0
3,base,overview,1020.111151,0.980285,0.776850,1.987600,2.761100,208.355037,0.803379,0.688593,48.000000,25464.000000,25601.000000,0.000000,0.006262,0.000000,0.000000,0.000000,2.447172,day720-repeat,600,10.0564,1.695600,9.6065,2
3,base,sky,1065.299863,0.938703,0.616000,1.571500,2.470300,45.012975,0.600470,0.802007,0.000000,0.000000,0.000000,0.000000,0.003097,0.000000,0.000000,0.000000,2.441608,day720-repeat,600,119.2699,119.269900,2.4886,1
3,base,translate,932.719231,1.072134,0.649150,1.496400,1.930700,30.820044,0.593183,0.946559,41.228333,23682.750000,22078.183333,0.000000,0.003249,0.000000,0.000000,0.000000,3.140488,day720-repeat,600,180.058,180.058000,2.5724,1
3,base,rotate,955.491761,1.046582,0.833200,2.217800,3.270100,251.800373,0.891911,0.676188,41.503333,23165.943333,22304.370000,0.000000,0.005192,0.000000,0.000000,0.000000,2.329236,day720-repeat,600,4.8156,2.568600,3.8252,0
3,base,seam_edits,477.796137,2.092943,1.916550,3.519500,4.649700,182.131669,1.918715,1.268024,42.000000,22896.000000,22345.500000,0.000000,0.965771,2.000000,4.000000,167664.000000,4.280952,day720-repeat,600,7.0857,7.085700,5.4024,5
3,base,sky_moving,1895.474082,0.527572,0.430400,1.023700,1.762900,432.419966,0.439593,0.365756,0.000000,0.000000,0.000000,0.000000,0.002097,0.000000,0.000000,0.000000,0.622752,day720-repeat,600,3.5876,0.830600,2.7377,0
3,base,wall_moving,1414.193125,0.707117,0.559550,1.426600,2.183500,408.978440,0.603141,0.550214,26.816667,15183.423333,14600.740000,0.000000,0.002629,0.000000,0.000000,0.000000,1.725048,day720-repeat,600,2.793,2.793000,2.1501,0
3,base,cloud_layer,1622.076680,0.616494,0.450400,1.419100,2.096500,364.024657,0.512130,0.389212,0.000000,0.000000,0.000000,0.000000,0.002550,0.000000,0.000000,0.000000,1.063504,day720-repeat,600,4.1457,1.341800,3.3384,0
3,candidate,underground,1239.265124,0.806930,0.583650,1.703800,2.564100,123.543983,0.624298,0.725016,42.000000,22890.000000,22344.000000,0.000000,0.003159,0.000000,0.000000,0.000000,3.797820,day720-repeat,600,33.1871,33.187100,2.9462,1
3,candidate,surface_still,1350.381753,0.740531,0.472150,1.365500,2.040900,63.220650,0.499696,0.684581,42.000000,22890.000000,22344.000000,0.000000,0.002652,0.000000,0.000000,0.000000,2.044380,day720-repeat,600,83.1456,83.145600,2.6811,1
3,candidate,overview,1321.456377,0.756741,0.500850,1.496300,2.213800,92.024963,0.557317,0.680907,48.000000,25464.000000,25601.000000,0.000000,0.002947,0.000000,0.000000,0.000000,2.004496,day720-repeat,600,50.9849,50.984900,3.5391,1
3,candidate,sky,1925.291626,0.519402,0.424100,1.025300,1.373400,650.801571,0.433325,0.344513,0.000000,0.000000,0.000000,0.000000,0.002117,0.000000,0.000000,0.000000,1.330784,day720-repeat,600,1.754,0.828800,1.349,0
3,candidate,translate,1122.465473,0.890896,0.605950,1.883200,2.756200,121.536710,0.711246,0.701076,41.228333,23682.750000,22078.183333,0.000000,0.003701,0.000000,0.000000,0.000000,2.351596,day720-repeat,600,34.3681,34.368100,2.8997,1
3,candidate,rotate,1328.688828,0.752622,0.633150,1.396600,1.862500,420.716059,0.650451,0.524062,41.503333,23165.943333,22304.370000,0.000000,0.003149,0.000000,0.000000,0.000000,1.468688,day720-repeat,600,2.8165,1.105400,2.5303,0
3,candidate,seam_edits,569.083622,1.757211,1.599700,2.860600,4.027000,224.629081,1.579235,1.021733,42.000000,22896.000000,22345.500000,0.000000,0.666895,2.000000,4.000000,167664.000000,3.747640,day720-repeat,600,4.7837,2.089200,4.2504,0
3,candidate,sky_moving,1720.526309,0.581218,0.451500,1.230300,1.887000,413.243063,0.483250,0.461072,0.000000,0.000000,0.000000,0.000000,0.002686,0.000000,0.000000,0.000000,1.312428,day720-repeat,600,3.174,0.876800,2.2709,0
3,candidate,wall_moving,1247.432628,0.801646,0.638500,1.595400,2.196500,395.817528,0.680344,0.556183,26.816667,15183.423333,14600.740000,0.000000,0.003324,0.000000,0.000000,0.000000,1.767532,day720-repeat,600,2.7004,1.152800,2.3131,0
3,candidate,cloud_layer,2047.103860,0.488495,0.417900,0.903300,1.418400,556.710214,0.402585,0.320385,0.000000,0.000000,0.000000,0.000000,0.002056,0.000000,0.000000,0.000000,0.670592,day720-repeat,600,2.354,0.749500,1.9413,0
4,candidate,underground,922.172201,1.084396,0.901100,2.239300,3.175600,272.666542,0.918997,0.720507,42.000000,22890.000000,22344.000000,0.000000,0.005075,0.000000,0.000000,0.000000,2.243540,day720-repeat,600,3.96,1.917900,3.493,0
4,candidate,surface_still,1333.207419,0.750071,0.556250,1.420000,2.192200,165.026487,0.602333,0.651864,42.000000,22890.000000,22344.000000,0.000000,0.002890,0.000000,0.000000,0.000000,1.770236,day720-repeat,600,23.8068,23.806800,2.3308,1
4,candidate,overview,1374.107059,0.727745,0.563300,1.498800,2.126500,407.190993,0.610440,0.577160,48.000000,25464.000000,25601.000000,0.000000,0.003273,0.000000,0.000000,0.000000,1.660152,day720-repeat,600,2.7951,2.795100,2.4878,0
4,candidate,sky,2021.065566,0.494788,0.418950,0.912400,1.453500,568.876753,0.409799,0.348828,0.000000,0.000000,0.000000,0.000000,0.002189,0.000000,0.000000,0.000000,1.178944,day720-repeat,600,2.2999,0.758100,1.9617,0
4,candidate,translate,1406.939730,0.710762,0.586250,1.338500,2.021600,431.164576,0.608539,0.591607,41.228333,23682.750000,22078.183333,0.000000,0.002759,0.000000,0.000000,0.000000,1.689532,day720-repeat,600,2.7785,1.542900,2.1402,0
4,candidate,rotate,1451.596865,0.688897,0.577450,1.392000,1.793700,508.629751,0.595361,0.520804,41.503333,23165.943333,22304.370000,0.000000,0.002486,0.000000,0.000000,0.000000,1.467336,day720-repeat,600,2.207,1.712000,1.7868,0
4,candidate,seam_edits,703.557715,1.421347,1.275000,2.284000,2.691500,326.918467,1.293786,0.684253,42.000000,22896.000000,22345.500000,0.000000,0.578223,2.000000,4.000000,167664.000000,1.721668,day720-repeat,600,3.446,1.769600,3.0417,0
4,candidate,sky_moving,1720.859891,0.581105,0.449800,1.210000,1.784700,456.767003,0.485911,0.376227,0.000000,0.000000,0.000000,0.000000,0.002288,0.000000,0.000000,0.000000,0.659308,day720-repeat,600,2.5884,0.941000,2.359,0
4,candidate,wall_moving,1371.590968,0.729080,0.602000,1.365100,2.016500,407.412186,0.627288,0.559392,26.816667,15183.423333,14600.740000,0.000000,0.002979,0.000000,0.000000,0.000000,1.372540,day720-repeat,600,2.9345,1.630800,2.6334,0
4,candidate,cloud_layer,1926.048099,0.519198,0.422350,1.021600,1.455100,612.432377,0.429501,0.317036,0.000000,0.000000,0.000000,0.000000,0.002441,0.000000,0.000000,0.000000,1.022736,day720-repeat,600,1.8,1.309700,1.5903,0
4,base,underground,1353.096968,0.739045,0.598400,1.446300,1.969700,441.011091,0.635300,0.560818,42.000000,22890.000000,22344.000000,0.000000,0.003259,0.000000,0.000000,0.000000,1.558232,day720-repeat,600,2.8043,1.420200,2.5313,0
4,base,surface_still,1430.702153,0.698957,0.509850,1.228600,2.053500,136.857568,0.539357,0.639260,42.000000,22890.000000,22344.000000,0.000000,0.002819,0.000000,0.000000,0.000000,1.562808,day720-repeat,600,30.0168,30.016800,2.7105,1
4,base,overview,1508.256194,0.663017,0.530600,1.315800,1.776300,473.313033,0.557815,0.582552,48.000000,25464.000000,25601.000000,0.000000,0.003192,0.000000,0.000000,0.000000,1.625104,day720-repeat,600,2.3795,1.671700,2.1294,0
4,base,sky,1432.755416,0.697956,0.608050,1.372100,1.859500,396.259312,0.582167,0.364188,0.000000,0.000000,0.000000,0.000000,0.003313,0.000000,0.000000,0.000000,1.412892,day720-repeat,600,5.0792,0.905100,4.509,1
4,base,translate,1549.199477,0.645495,0.547500,1.206100,1.658800,550.746721,0.558312,0.602045,41.228333,23682.750000,22078.183333,0.000000,0.002248,0.000000,0.000000,0.000000,1.601080,day720-repeat,600,2.0973,1.658800,1.7234,0
4,base,rotate,1448.725966,0.690262,0.586500,1.232800,1.812000,499.716827,0.598589,0.519759,41.503333,23165.943333,22304.370000,0.000000,0.002596,0.000000,0.000000,0.000000,1.462240,day720-repeat,600,2.1435,1.158600,1.9595,0
4,base,seam_edits,614.942992,1.626167,1.454200,2.546700,3.094300,290.817439,1.509538,0.663652,42.000000,22896.000000,22345.500000,0.000000,0.806156,2.000000,4.000000,167664.000000,1.563796,day720-repeat,600,3.7834,2.005100,3.4571,0
4,base,sky_moving,1942.515149,0.514797,0.427550,0.985200,1.447800,537.133854,0.433159,0.334516,0.000000,0.000000,0.000000,0.000000,0.001956,0.000000,0.000000,0.000000,0.983632,day720-repeat,600,2.7962,0.841300,2.7244,0
4,base,wall_moving,1492.053324,0.670217,0.556100,1.239400,1.651700,484.261501,0.576476,0.503015,26.816667,15183.423333,14600.740000,0.000000,0.002515,0.000000,0.000000,0.000000,1.332136,day720-repeat,600,2.5128,1.626000,2.197,0
4,base,cloud_layer,1904.292784,0.525129,0.423850,1.025000,1.536800,585.006289,0.442798,0.323552,0.000000,0.000000,0.000000,0.000000,0.002024,0.000000,0.000000,0.000000,0.790608,day720-repeat,600,1.7653,0.772800,1.5941,0
5,base,underground,1513.087831,0.660900,0.518300,1.288900,1.901400,320.987786,0.560740,0.569657,42.000000,22890.000000,22344.000000,0.000000,0.002296,0.000000,0.000000,0.000000,1.471548,day720-repeat,600,7.3138,7.313800,2.7613,1
5,base,surface_still,1415.129050,0.706649,0.494350,1.262000,1.836900,76.985751,0.489166,0.654519,42.000000,22890.000000,22344.000000,0.000000,0.002514,0.000000,0.000000,0.000000,1.688336,day720-repeat,600,66.5633,66.563300,3.0312,1
5,base,overview,1592.864815,0.627800,0.458350,1.237300,1.713900,160.080254,0.490171,0.580511,48.000000,25464.000000,25601.000000,0.000000,0.002926,0.000000,0.000000,0.000000,1.777984,day720-repeat,600,27.7926,27.792600,1.9402,1
5,base,sky,1869.888193,0.534791,0.426600,1.087800,1.515800,529.268551,0.445432,0.347742,0.000000,0.000000,0.000000,0.000000,0.002382,0.000000,0.000000,0.000000,1.092260,day720-repeat,600,2.5032,0.885700,2.2498,0
5,base,translate,1427.119165,0.700712,0.563300,1.434900,1.977400,394.555139,0.604441,0.601206,41.228333,23682.750000,22078.183333,0.000000,0.002593,0.000000,0.000000,0.000000,2.008188,day720-repeat,600,3.2216,1.479100,2.7395,0
5,base,rotate,1384.896412,0.722076,0.595750,1.312100,1.699500,509.523850,0.623278,0.526212,41.503333,23165.943333,22304.370000,0.000000,0.003068,0.000000,0.000000,0.000000,1.402440,day720-repeat,600,2.5397,1.264900,2.0836,0
5,base,seam_edits,596.952973,1.675174,1.542200,2.593700,3.113800,293.648385,1.551489,0.697940,42.000000,22896.000000,22345.500000,0.000000,0.850308,2.000000,4.000000,167664.000000,1.835496,day720-repeat,600,3.5825,2.507400,3.3798,0
5,base,sky_moving,1837.558032,0.544201,0.450650,1.042600,1.533500,573.970441,0.445157,0.347492,0.000000,0.000000,0.000000,0.000000,0.002497,0.000000,0.000000,0.000000,1.141400,day720-repeat,600,2.0296,1.532800,1.5796,0
5,base,wall_moving,1148.009629,0.871073,0.754000,1.771800,2.249600,384.620316,0.741646,0.560801,26.816667,15183.423333,14600.740000,0.000000,0.003400,0.000000,0.000000,0.000000,1.593072,day720-repeat,600,3.3045,3.304500,2.5055,0
5,base,cloud_layer,1740.637474,0.574502,0.441600,1.104600,1.641600,415.705348,0.481276,0.333968,0.000000,0.000000,0.000000,0.000000,0.002295,0.000000,0.000000,0.000000,1.093716,day720-repeat,600,3.2254,0.830200,2.2357,0
5,candidate,underground,1417.042439,0.705695,0.579300,1.330700,1.961200,467.741433,0.606282,0.557982,42.000000,22890.000000,22344.000000,0.000000,0.002935,0.000000,0.000000,0.000000,1.610492,day720-repeat,600,2.5748,1.154200,1.9378,0
5,candidate,surface_still,1412.914319,0.707757,0.506600,1.338100,1.906100,107.802183,0.526593,0.654036,42.000000,22890.000000,22344.000000,0.000000,0.002545,0.000000,0.000000,0.000000,1.768572,day720-repeat,600,44.4477,44.447700,2.3364,1
5,candidate,overview,1400.638037,0.713960,0.554750,1.507900,2.064300,433.641942,0.600917,0.574467,48.000000,25464.000000,25601.000000,0.000000,0.002972,0.000000,0.000000,0.000000,1.729884,day720-repeat,600,2.7564,2.756400,2.1361,0
5,candidate,sky,1374.228857,0.727681,0.576000,1.487700,2.435000,375.836236,0.598197,0.399088,0.000000,0.000000,0.000000,0.000000,0.003807,0.000000,0.000000,0.000000,1.470508,day720-repeat,600,2.9047,0.785700,2.6373,0
5,candidate,translate,1140.295063,0.876966,0.719600,1.680200,2.179300,337.756061,0.745554,0.596180,41.228333,23682.750000,22078.183333,0.000000,0.004116,0.000000,0.000000,0.000000,1.577264,day720-repeat,600,4.3795,1.513800,4.2311,0
5,candidate,rotate,1079.961813,0.925959,0.813750,1.695400,2.216700,393.009668,0.803316,0.538739,41.503333,23165.943333,22304.370000,0.000000,0.003494,0.000000,0.000000,0.000000,1.533064,day720-repeat,600,3.1755,1.263400,2.6499,0
5,candidate,seam_edits,596.423487,1.676661,1.566650,2.711100,3.523900,261.643119,1.522514,0.695943,42.000000,22896.000000,22345.500000,0.000000,0.680594,2.000000,4.000000,167664.000000,1.641380,day720-repeat,600,4.3792,1.874700,4.0706,0
5,candidate,sky_moving,1631.477510,0.612941,0.477000,1.215900,1.852000,375.951628,0.515403,0.407751,0.000000,0.000000,0.000000,0.000000,0.002417,0.000000,0.000000,0.000000,1.355796,day720-repeat,600,3.222,1.291400,3.0936,0
5,candidate,wall_moving,1393.156074,0.717795,0.595550,1.395500,2.027500,407.894111,0.621772,0.515415,26.816667,15183.423333,14600.740000,0.000000,0.002682,0.000000,0.000000,0.000000,1.393132,day720-repeat,600,3.085,2.440000,2.7681,0
5,candidate,cloud_layer,1841.547145,0.543022,0.444350,1.068500,1.593700,458.754177,0.451794,0.327656,0.000000,0.000000,0.000000,0.000000,0.002396,0.000000,0.000000,0.000000,1.041196,day720-repeat,600,3.1216,1.342300,2.9636,0
1,base,underground,678.463335,1.473919,1.031850,2.758000,3.754300,48.383702,1.134645,1.406457,42.000000,22890.000000,22344.000000,0.000000,0.005736,0.000000,0.000000,0.000000,3.868748,f3-1080-final,600,93.8117,93.811700,13.7197,2
1,base,surface_still,627.545088,1.593511,0.880400,2.254000,2.914100,18.430886,0.906091,1.515356,42.000000,22890.000000,22344.000000,0.000000,0.004147,0.000000,0.000000,0.000000,3.850808,f3-1080-final,600,308.0329,308.032900,4.0173,1
1,base,overview,713.819267,1.400915,0.831500,2.410300,3.104500,26.511299,0.909599,1.320468,48.000000,25464.000000,25601.000000,0.000000,0.003589,0.000000,0.000000,0.000000,3.523780,f3-1080-final,600,208.7941,208.794100,3.3583,1
1,base,sky,1047.723637,0.954450,0.745300,1.900400,2.573700,291.953755,0.835884,0.842676,0.000000,0.000000,0.000000,0.000000,0.003234,0.000000,0.000000,0.000000,2.727816,f3-1080-final,600,5.0982,3.407400,4.7568,1
1,base,translate,686.669030,1.456306,0.907700,2.189600,3.030500,25.751029,0.941811,1.358016,41.228333,23682.750000,22078.183333,0.000000,0.003968,0.000000,0.000000,0.000000,3.519724,f3-1080-final,600,215.4656,215.465600,4.0302,1
1,base,rotate,671.207460,1.489852,1.114450,2.776000,3.671100,66.678817,1.199854,1.331026,41.503333,23165.943333,22304.370000,0.000000,0.005758,0.000000,0.000000,0.000000,4.171076,f3-1080-final,600,70.7083,70.708300,3.8092,1
1,base,seam_edits,461.280287,2.167879,2.008100,3.407000,4.334200,190.964818,2.013196,1.399871,42.000000,22896.000000,22345.500000,0.000000,0.886832,2.000000,4.000000,167664.000000,2.851368,f3-1080-final,600,7.6411,3.326300,7.5287,3
1,base,sky_moving,1089.455559,0.917890,0.748400,1.901300,2.645500,342.753338,0.809329,0.746611,0.000000,0.000000,0.000000,0.000000,0.002839,0.000000,0.000000,0.000000,1.764464,f3-1080-final,600,3.2687,2.720500,2.9955,0
1,base,wall_moving,689.818905,1.449656,1.124550,2.904400,3.990400,97.039016,1.243399,1.342994,26.770000,15140.680000,14573.851667,0.000000,0.004554,0.000000,0.000000,0.000000,2.954432,f3-1080-final,600,28.7561,28.756100,9.1664,3
1,base,cloud_layer,1046.459487,0.955603,0.762650,1.930400,2.657600,290.063862,0.846661,0.797856,0.000000,0.000000,0.000000,0.000000,0.002884,0.000000,0.000000,0.000000,2.296632,f3-1080-final,600,4.8157,3.664600,4.2815,0
1,candidate,underground,745.759982,1.340914,0.970300,1.961000,2.859500,39.741679,0.973008,1.268907,42.000000,22890.000000,22344.000000,0.000000,0.003946,0.000000,0.000000,0.000000,2.522104,f3-1080-final,600,135.3304,135.330400,3.1737,1
1,candidate,surface_still,625.071167,1.599818,1.022300,2.594300,4.015800,25.810126,1.070352,1.518286,42.000000,22890.000000,22344.000000,0.000000,0.004110,0.000000,0.000000,0.000000,3.390660,f3-1080-final,600,210.9001,210.900100,4.3422,1
1,candidate,overview,746.499756,1.339585,0.850550,1.780500,2.403800,24.999875,0.816172,1.261469,48.000000,25464.000000,25601.000000,0.000000,0.003814,0.000000,0.000000,0.000000,2.641340,f3-1080-final,600,224.3552,224.355200,4.2627,1
1,candidate,sky,1023.310851,0.977220,0.762800,1.934300,2.938900,265.856101,0.855194,0.784856,0.000000,0.000000,0.000000,0.000000,0.003476,0.000000,0.000000,0.000000,2.021968,f3-1080-final,600,6.3172,6.317200,3.5296,1
1,candidate,translate,719.468974,1.389914,0.900050,2.047900,3.190800,31.031374,0.962754,1.316025,41.228333,23682.750000,22078.183333,0.000000,0.003625,0.000000,0.000000,0.000000,2.838420,f3-1080-final,600,176.496,176.496000,3.1593,1
1,candidate,rotate,786.973180,1.270691,0.964800,2.131900,2.910900,57.873385,0.997981,1.199488,41.503333,23165.943333,22304.370000,0.000000,0.004213,0.000000,0.000000,0.000000,2.590536,f3-1080-final,600,86.1179,86.117900,3.8651,1
1,candidate,seam_edits,481.113798,2.078510,1.880550,3.730400,4.377100,224.183412,1.896411,1.481845,42.000000,22896.000000,22345.500000,0.000000,0.669587,2.000000,4.000000,167664.000000,3.285516,f3-1080-final,600,4.6523,3.470300,4.3739,0
1,candidate,sky_moving,1130.515787,0.884552,0.719700,1.788900,2.408800,305.418117,0.779296,0.761396,0.000000,0.000000,0.000000,0.000000,0.003500,0.000000,0.000000,0.000000,1.738568,f3-1080-final,600,5.867,2.281900,5.4992,1
1,candidate,wall_moving,729.291760,1.371193,1.092600,2.527800,3.587500,90.187319,1.145710,1.209205,26.770000,15140.680000,14573.851667,0.000000,0.005000,0.000000,0.000000,0.000000,3.373812,f3-1080-final,600,46.2278,46.227800,3.96,1
1,candidate,cloud_layer,822.070849,1.216440,1.011200,2.395400,3.081100,254.876640,1.052580,0.805088,0.000000,0.000000,0.000000,0.000000,0.005764,0.000000,0.000000,0.000000,2.628704,f3-1080-final,600,7.1589,1.684400,6.7557,1
2,candidate,underground,549.521856,1.819764,1.583600,3.345000,4.636200,130.143375,1.599266,1.327361,42.000000,22890.000000,22344.000000,0.000000,0.007106,0.000000,0.000000,0.000000,2.900976,f3-1080-final,600,21.7818,21.781800,4.9447,2
2,candidate,surface_still,630.570499,1.585865,1.036300,2.150600,2.853800,23.910946,1.009645,1.487173,42.000000,22890.000000,22344.000000,0.000000,0.004525,0.000000,0.000000,0.000000,3.063268,f3-1080-final,600,235.1239,235.123900,3.1827,1
2,candidate,overview,728.905210,1.371921,0.847950,2.137600,2.765300,28.249452,0.904545,1.288687,48.000000,25464.000000,25601.000000,0.000000,0.003968,0.000000,0.000000,0.000000,2.848196,f3-1080-final,600,196.6624,196.662400,3.1067,1
2,candidate,sky,1103.960107,0.905830,0.751050,1.655900,2.427900,339.397231,0.795869,0.751752,0.000000,0.000000,0.000000,0.000000,0.003523,0.000000,0.000000,0.000000,2.026492,f3-1080-final,600,3.3378,2.427900,2.9725,0
2,candidate,translate,706.715612,1.414996,0.961550,2.188100,3.009800,31.187057,0.983939,1.338945,41.228333,23682.750000,22078.183333,0.000000,0.003715,0.000000,0.000000,0.000000,2.935868,f3-1080-final,600,176.3941,176.394100,3.3997,1
2,candidate,rotate,783.810755,1.275818,0.953950,2.228000,2.845400,56.895012,0.996314,1.212685,41.503333,23165.943333,22304.370000,0.000000,0.003637,0.000000,0.000000,0.000000,2.728752,f3-1080-final,600,88.9247,88.924700,3.6756,1
2,candidate,seam_edits,460.313744,2.172431,1.889700,4.107700,5.462600,169.339885,1.988372,1.536990,42.000000,22896.000000,22345.500000,0.000000,0.649077,2.000000,4.000000,167664.000000,3.907176,f3-1080-final,600,6.8241,5.766900,5.9448,12
2,candidate,sky_moving,616.702081,1.621528,1.417000,3.242400,4.361600,203.418102,1.403016,1.084562,0.000000,0.000000,0.000000,0.000000,0.007656,0.000000,0.000000,0.000000,3.072732,f3-1080-final,600,6.3581,2.556600,5.8874,2
2,candidate,wall_moving,660.594264,1.513789,1.305050,2.843000,3.750600,192.398958,1.324367,1.427656,26.770000,15140.680000,14573.851667,0.000000,0.005840,0.000000,0.000000,0.000000,4.640636,f3-1080-final,600,8.9579,8.957900,4.6046,3
2,candidate,cloud_layer,978.830506,1.021627,0.844150,1.981900,2.747900,305.152500,0.896056,0.819407,0.000000,0.000000,0.000000,0.000000,0.003583,0.000000,0.000000,0.000000,2.099032,f3-1080-final,600,4.9174,1.468400,3.7042,0
2,base,underground,579.415511,1.725877,1.382200,2.762600,4.102600,43.282736,1.344109,1.589928,42.000000,22890.000000,22344.000000,0.000000,0.005612,0.000000,0.000000,0.000000,3.655392,f3-1080-final,600,117.374,117.374000,4.0728,1
2,base,surface_still,633.538515,1.578436,0.970050,2.362400,3.293000,22.991686,1.002302,1.504482,42.000000,22890.000000,22344.000000,0.000000,0.004342,0.000000,0.000000,0.000000,3.365908,f3-1080-final,600,237.9467,237.946700,4.8857,2
2,base,overview,634.123049,1.576981,1.183000,2.933000,4.426900,48.280685,1.238966,1.497606,48.000000,25464.000000,25601.000000,0.000000,0.005173,0.000000,0.000000,0.000000,3.485664,f3-1080-final,600,89.2699,89.269900,10.5681,4
2,base,sky,744.804153,1.342635,0.982650,2.416900,3.387900,51.224522,1.024852,1.220275,0.000000,0.000000,0.000000,0.000000,0.004299,0.000000,0.000000,0.000000,3.132376,f3-1080-final,600,98.1053,98.105300,3.4884,1
2,base,translate,715.913565,1.396817,0.870900,2.138100,2.803000,28.122170,0.935547,1.328648,41.228333,23682.750000,22078.183333,0.000000,0.003405,0.000000,0.000000,0.000000,2.909660,f3-1080-final,600,194.146,194.146000,4.7244,1
2,base,rotate,741.428255,1.348748,1.125850,2.695300,3.564300,170.114317,1.187403,1.232340,41.503333,23165.943333,22304.370000,0.000000,0.004804,0.000000,0.000000,0.000000,2.898324,f3-1080-final,600,13.4222,13.422200,4.4317,2
2,base,seam_edits,489.707811,2.042034,1.832950,3.247500,3.893100,224.476129,1.906201,1.422930,42.000000,22896.000000,22345.500000,0.000000,0.851070,2.000000,4.000000,167664.000000,3.637296,f3-1080-final,600,5.0871,3.868900,4.812,1
2,base,sky_moving,1049.012302,0.953278,0.730050,1.930600,2.718400,204.114958,0.822784,0.773267,0.000000,0.000000,0.000000,0.000000,0.003059,0.000000,0.000000,0.000000,1.994668,f3-1080-final,600,13.5528,13.552800,3.4865,1
2,base,wall_moving,734.583840,1.361315,1.024900,2.613400,3.810500,83.766359,1.135552,1.261313,26.770000,15140.680000,14573.851667,0.000000,0.004306,0.000000,0.000000,0.000000,3.586908,f3-1080-final,600,49.4996,49.499600,5.8831,2
2,base,cloud_layer,1059.663656,0.943696,0.766300,1.915600,2.763300,292.149931,0.826443,0.692360,0.000000,0.000000,0.000000,0.000000,0.003333,0.000000,0.000000,0.000000,1.932892,f3-1080-final,600,4.3896,1.454800,3.9644,0
3,base,underground,695.000847,1.438847,0.987800,2.344200,3.196300,38.074086,1.065991,1.319830,42.000000,22890.000000,22344.000000,0.000000,0.004066,0.000000,0.000000,0.000000,3.087760,f3-1080-final,600,135.0837,135.083700,4.8445,3
3,base,surface_still,526.350926,1.899873,0.985800,2.353100,3.040100,13.324800,0.953605,1.796650,42.000000,22890.000000,22344.000000,0.000000,0.004643,0.000000,0.000000,0.000000,6.079476,f3-1080-final,600,432.8859,432.885900,3.3053,1
3,base,overview,647.629385,1.544093,1.258750,2.777300,3.796900,83.896723,1.283199,1.302976,48.000000,25464.000000,25601.000000,0.000000,0.008154,0.000000,0.000000,0.000000,2.652052,f3-1080-final,600,42.6979,42.697900,12.2466,2
3,base,sky,1090.211356,0.917253,0.782250,1.623200,2.238300,409.679358,0.810078,0.765876,0.000000,0.000000,0.000000,0.000000,0.003082,0.000000,0.000000,0.000000,1.891344,f3-1080-final,600,2.6045,1.604600,2.3759,0
3,base,translate,709.744280,1.408958,0.910800,1.963600,2.647500,27.740200,0.935074,1.323132,41.228333,23682.750000,22078.183333,0.000000,0.003784,0.000000,0.000000,0.000000,2.591940,f3-1080-final,600,201.42,201.420000,3.1251,1
3,base,rotate,780.417453,1.281366,0.992350,2.115500,2.862300,63.086972,1.021404,1.217026,41.503333,23165.943333,22304.370000,0.000000,0.004746,0.000000,0.000000,0.000000,2.584712,f3-1080-final,600,78.4187,78.418700,3.5175,1
3,base,seam_edits,477.842788,2.092739,1.931950,3.279800,4.067300,227.428654,1.951839,1.350896,42.000000,22896.000000,22345.500000,0.000000,0.868907,2.000000,4.000000,167664.000000,2.578888,f3-1080-final,600,4.8382,2.782100,4.5497,0
3,base,sky_moving,1077.554662,0.928027,0.757550,1.717300,2.546700,308.970972,0.816001,0.746797,0.000000,0.000000,0.000000,0.000000,0.003055,0.000000,0.000000,0.000000,1.860300,f3-1080-final,600,3.8872,3.887200,3.3411,0
3,base,wall_moving,823.055880,1.214984,0.968350,2.130800,2.731300,84.130705,1.003132,1.138502,26.770000,15140.680000,14573.851667,0.000000,0.004135,0.000000,0.000000,0.000000,2.417688,f3-1080-final,600,53.4081,53.408100,5.5863,2
3,base,cloud_layer,1115.586057,0.896390,0.730600,1.677400,2.290500,405.008606,0.786442,0.674535,0.000000,0.000000,0.000000,0.000000,0.003313,0.000000,0.000000,0.000000,1.674920,f3-1080-final,600,2.6688,1.603500,2.416,0
3,candidate,underground,562.535211,1.777667,1.536350,3.212800,4.066600,78.471583,1.494531,1.482448,42.000000,22890.000000,22344.000000,0.000000,0.005597,0.000000,0.000000,0.000000,3.234296,f3-1080-final,600,54.6246,54.624600,4.3493,1
3,candidate,surface_still,575.963876,1.736220,1.394400,2.925900,4.187000,46.772904,1.372920,1.619156,42.000000,22890.000000,22344.000000,0.000000,0.005385,0.000000,0.000000,0.000000,3.273504,f3-1080-final,600,104.3005,104.300500,4.7413,4
3,candidate,overview,702.747520,1.422986,1.150750,2.922500,3.944900,153.878508,1.224388,1.312551,48.000000,25464.000000,25601.000000,0.000000,0.005282,0.000000,0.000000,0.000000,3.054844,f3-1080-final,600,15.8732,15.873200,4.4298,2
3,candidate,sky,696.624622,1.435493,1.241400,2.988500,3.921400,221.614015,1.238283,0.838206,0.000000,0.000000,0.000000,0.000000,0.006027,0.000000,0.000000,0.000000,2.598596,f3-1080-final,600,5.9326,5.932600,4.1522,1
3,candidate,translate,457.319374,2.186656,1.953150,4.528100,5.929400,151.863748,1.912912,1.434758,41.228333,23682.750000,22078.183333,0.000000,0.010646,0.000000,0.000000,0.000000,4.158128,f3-1080-final,600,7.4233,5.929400,6.1752,15
3,candidate,rotate,411.621926,2.429414,2.259400,4.016200,4.928700,118.881798,2.159122,1.239606,41.503333,23165.943333,22304.370000,0.000000,0.011809,0.000000,0.000000,0.000000,2.885688,f3-1080-final,600,16.7576,4.757600,15.8382,6
3,candidate,seam_edits,282.439441,3.540582,3.197250,6.616700,8.848900,98.784295,3.235548,1.586286,42.000000,22896.000000,22345.500000,0.000000,0.914609,2.000000,4.000000,167664.000000,4.128592,f3-1080-final,600,12.0836,4.747200,11.2967,98
3,candidate,sky_moving,528.461156,1.892287,1.434650,3.616900,5.413900,42.114809,1.685133,0.795088,0.000000,0.000000,0.000000,0.000000,0.006631,0.000000,0.000000,0.000000,2.081924,f3-1080-final,600,53.7146,2.142700,53.3671,9
3,candidate,wall_moving,355.606763,2.812095,2.705100,4.790600,6.210300,151.516299,2.508636,1.313388,26.770000,15140.680000,14573.851667,0.000000,0.012812,0.000000,0.000000,0.000000,3.481140,f3-1080-final,600,7.8173,4.914900,6.9821,21
3,candidate,cloud_layer,520.054561,1.922875,1.734100,3.559000,4.611500,152.985512,1.686269,0.856818,0.000000,0.000000,0.000000,0.000000,0.008793,0.000000,0.000000,0.000000,2.326324,f3-1080-final,600,14.8004,2.132700,14.2376,3
1,base,seam_edits,385.380934,2.594835,2.429350,4.173200,5.405300,167.104853,2.427958,1.423963,42.000000,22896.000000,22345.500000,0.000000,0.956472,2.000000,4.000000,167664.000000,2.639312,f3-1080-seam-repeat,600,6.8352,5.090400,6.6403,13
1,candidate,seam_edits,439.077294,2.277503,2.094450,3.827900,5.142100,177.167272,2.096689,1.479038,42.000000,22896.000000,22345.500000,0.000000,0.670497,2.000000,4.000000,167664.000000,4.396912,f3-1080-seam-repeat,600,6.2853,4.094600,5.9533,7
2,candidate,seam_edits,371.258182,2.693543,2.533950,4.524400,5.480800,158.368592,2.455649,1.883460,42.000000,22896.000000,22345.500000,0.000000,0.714040,2.000000,4.000000,167664.000000,5.863520,f3-1080-seam-repeat,600,7.0986,7.098600,6.0504,12
2,base,seam_edits,324.769223,3.079110,2.913450,5.007300,6.350500,144.686043,2.845308,1.764868,42.000000,22896.000000,22345.500000,0.000000,1.016812,2.000000,4.000000,167664.000000,5.468112,f3-1080-seam-repeat,600,7.5084,4.735700,6.8451,32
3,base,seam_edits,374.323013,2.671489,2.350750,5.185900,6.868200,117.361020,2.436248,1.988124,42.000000,22896.000000,22345.500000,0.000000,0.950096,2.000000,4.000000,167664.000000,7.436052,f3-1080-seam-repeat,600,10.7189,4.684700,9.9636,32
3,candidate,seam_edits,296.598329,3.371563,3.139300,5.602300,6.729700,126.274318,2.890792,3.135599,42.000000,22896.000000,22345.500000,0.000000,0.835363,2.000000,4.000000,167664.000000,10.775336,f3-1080-seam-repeat,600,8.8948,3.522900,7.6072,57
4,candidate,seam_edits,430.790678,2.321313,2.174000,3.526100,4.367000,208.987872,2.158898,1.388429,42.000000,22896.000000,22345.500000,0.000000,0.686896,2.000000,4.000000,167664.000000,2.466932,f3-1080-seam-repeat,600,5.0094,3.166200,4.7631,1
4,base,seam_edits,393.810481,2.539292,2.430400,3.984900,4.612500,204.447413,2.377148,1.408685,42.000000,22896.000000,22345.500000,0.000000,1.001634,2.000000,4.000000,167664.000000,2.582060,f3-1080-seam-repeat,600,5.0896,4.561600,4.9216,2
5,base,seam_edits,451.254374,2.216045,2.050250,3.509400,4.234100,219.271798,2.077168,1.360767,42.000000,22896.000000,22345.500000,0.000000,0.874761,2.000000,4.000000,167664.000000,2.575664,f3-1080-seam-repeat,600,5.3211,4.535300,4.998,1
5,candidate,seam_edits,492.984785,2.028460,1.831150,3.343000,4.248300,204.492705,1.874444,1.441794,42.000000,22896.000000,22345.500000,0.000000,0.635956,2.000000,4.000000,167664.000000,3.162276,f3-1080-seam-repeat,600,5.7791,3.717600,5.5542,1
1,base,underground,629.675472,1.588120,0.801650,1.844500,2.569700,15.233205,0.731848,1.476364,42.000000,22890.000000,22344.000000,0.000000,0.004531,0.000000,0.000000,0.000000,4.048512,night1080-final,600,379.1137,379.113700,3.0432,1
1,base,surface_still,632.957930,1.579884,0.570150,1.403800,2.102900,11.013782,0.533188,1.478357,42.000000,22890.000000,22344.000000,0.000000,0.003226,0.000000,0.000000,0.000000,2.779400,night1080-final,600,532.7145,532.714500,2.1559,1
1,base,overview,775.649969,1.289241,0.494650,1.329700,1.959200,14.498704,0.493023,1.217430,48.000000,25464.000000,25601.000000,0.000000,0.002807,0.000000,0.000000,0.000000,2.586220,night1080-final,600,400.6129,400.612900,3.5335,1
1,base,sky,1034.028143,0.967092,0.476850,1.201800,1.736800,25.404267,0.478285,0.897039,0.000000,0.000000,0.000000,0.000000,0.002568,0.000000,0.000000,0.000000,2.120664,night1080-final,600,225.9848,225.984800,2.1304,1
1,base,translate,688.898888,1.451592,0.643650,1.628500,2.495400,14.876728,0.650716,1.360718,41.228333,23682.750000,22078.183333,0.000000,0.003434,0.000000,0.000000,0.000000,2.857140,night1080-final,600,389.0659,389.065900,2.9601,1
1,base,rotate,635.684802,1.573107,0.877000,2.072700,3.171700,17.787976,0.840830,1.387479,41.503333,23165.943333,22304.370000,0.000000,0.005191,0.000000,0.000000,0.000000,3.780036,night1080-final,600,320.4625,320.462500,3.2097,1
1,base,seam_edits,568.721403,1.758330,1.574000,2.832700,3.494100,214.725134,1.615107,1.482646,42.000000,22896.000000,22345.500000,0.000000,0.839163,2.000000,4.000000,167664.000000,3.032380,night1080-final,600,6.6468,6.646800,5.9375,2
1,base,sky_moving,894.328526,1.118157,0.601450,1.533900,2.032700,24.827038,0.586440,1.017747,0.000000,0.000000,0.000000,0.000000,0.003175,0.000000,0.000000,0.000000,2.531776,night1080-final,600,230.3379,230.337900,2.1911,1
1,base,wall_moving,661.116374,1.512593,0.684500,1.612600,2.282100,13.921114,0.654921,1.388783,26.770000,15140.680000,14573.851667,0.000000,0.003215,0.000000,0.000000,0.000000,3.186560,night1080-final,600,417.9912,417.991200,2.3783,1
1,base,cloud_layer,1201.436678,0.832337,0.484550,1.176800,1.697900,39.202696,0.482683,0.762650,0.000000,0.000000,0.000000,0.000000,0.002682,0.000000,0.000000,0.000000,1.864044,night1080-final,600,143.2219,143.221900,1.8477,1
1,candidate,underground,701.113052,1.426303,0.749900,1.730600,2.356100,17.943625,0.703288,1.332823,42.000000,22890.000000,22344.000000,0.000000,0.004001,0.000000,0.000000,0.000000,2.867592,night1080-final,600,320.6486,320.648600,3.0546,1
1,candidate,surface_still,620.050255,1.612772,0.659650,1.740500,2.512200,12.240009,0.633816,1.516008,42.000000,22890.000000,22344.000000,0.000000,0.003608,0.000000,0.000000,0.000000,3.061292,night1080-final,600,476.8347,476.834700,2.4768,1
1,candidate,overview,728.041362,1.373548,0.581700,1.458800,2.423900,15.145400,0.578891,1.283424,48.000000,25464.000000,25601.000000,0.000000,0.003404,0.000000,0.000000,0.000000,3.006276,night1080-final,600,381.8482,381.848200,3.2588,1
1,candidate,sky,957.446910,1.044444,0.515750,1.433500,2.040100,24.842684,0.511463,0.954992,0.000000,0.000000,0.000000,0.000000,0.003372,0.000000,0.000000,0.000000,2.387528,night1080-final,600,230.4893,230.489300,1.9246,1
1,candidate,translate,629.620827,1.588257,0.626550,1.511100,2.059400,11.480439,0.582430,1.404260,41.228333,23682.750000,22078.183333,0.000000,0.003176,0.000000,0.000000,0.000000,3.511092,night1080-final,600,511.2851,511.285100,1.9367,1
1,candidate,rotate,642.096488,1.557398,0.815300,2.021100,2.641400,16.665671,0.790747,1.406757,41.503333,23165.943333,22304.370000,0.000000,0.004871,0.000000,0.000000,0.000000,3.559296,night1080-final,600,344.3754,344.375400,3.062,1
1,candidate,seam_edits,539.804850,1.852521,1.608500,2.957000,3.715000,85.291847,1.571406,1.703971,42.000000,22896.000000,22345.500000,0.000000,0.682129,2.000000,4.000000,167664.000000,3.828032,night1080-final,600,50.7515,50.751500,3.9046,1
1,candidate,sky_moving,1010.355300,0.989751,0.463800,1.132500,1.851000,22.803760,0.453634,0.910192,0.000000,0.000000,0.000000,0.000000,0.002578,0.000000,0.000000,0.000000,2.033928,night1080-final,600,252.1675,252.167500,2.1644,1
1,candidate,wall_moving,791.730846,1.263056,0.623250,1.552500,2.418100,19.006469,0.629632,1.184877,26.770000,15140.680000,14573.851667,0.000000,0.003131,0.000000,0.000000,0.000000,2.777008,night1080-final,600,301.124,301.124000,3.0103,1
1,candidate,cloud_layer,1207.642444,0.828060,0.480550,1.334600,1.909800,41.990342,0.496892,0.767915,0.000000,0.000000,0.000000,0.000000,0.002625,0.000000,0.000000,0.000000,1.878708,night1080-final,600,131.2816,131.281600,2.0791,1
2,candidate,underground,725.115925,1.379090,0.679100,1.642300,2.200000,17.113964,0.633169,1.286579,42.000000,22890.000000,22344.000000,0.000000,0.003623,0.000000,0.000000,0.000000,2.618096,night1080-final,600,338.6323,338.632300,2.3494,1
2,candidate,surface_still,639.584458,1.563515,0.554000,1.305600,2.087800,10.890682,0.506019,1.457870,42.000000,22890.000000,22344.000000,0.000000,0.002883,0.000000,0.000000,0.000000,2.721680,night1080-final,600,539.0885,539.088500,2.4635,1
2,candidate,overview,754.125064,1.326040,0.531350,1.477900,2.092400,15.392485,0.556864,1.237996,48.000000,25464.000000,25601.000000,0.000000,0.003332,0.000000,0.000000,0.000000,2.481752,night1080-final,600,378.5353,378.535300,2.0778,1
2,candidate,sky,1016.606952,0.983664,0.445700,1.129100,1.981700,22.257628,0.442559,0.904952,0.000000,0.000000,0.000000,0.000000,0.002734,0.000000,0.000000,0.000000,2.044016,night1080-final,600,258.0734,258.073400,2.1069,1
2,candidate,translate,617.464362,1.619527,0.764750,1.979700,2.935800,14.293794,0.759195,1.473752,41.228333,23682.750000,22078.183333,0.000000,0.004980,0.000000,0.000000,0.000000,4.921488,night1080-final,600,403.4371,403.437100,3.1396,1
2,candidate,rotate,741.462889,1.348685,0.811350,1.963000,2.855500,24.222968,0.806002,1.265521,41.503333,23165.943333,22304.370000,0.000000,0.003836,0.000000,0.000000,0.000000,2.820064,night1080-final,600,232.2,232.200000,2.717,1
2,candidate,seam_edits,578.155103,1.729640,1.432250,2.856500,3.722800,65.948415,1.429554,1.648606,42.000000,22896.000000,22345.500000,0.000000,0.621794,2.000000,4.000000,167664.000000,3.765684,night1080-final,600,70.9203,70.920300,3.7458,1
2,candidate,sky_moving,945.055869,1.058139,0.474500,1.494900,2.259600,22.889162,0.506020,0.982467,0.000000,0.000000,0.000000,0.000000,0.002991,0.000000,0.000000,0.000000,2.620332,night1080-final,600,250.11,250.110000,2.1674,1
2,candidate,wall_moving,729.186643,1.371391,0.618100,1.548200,2.046800,15.437654,0.608297,1.238589,26.770000,15140.680000,14573.851667,0.000000,0.003415,0.000000,0.000000,0.000000,3.521128,night1080-final,600,375.8582,375.858200,2.6278,1
2,candidate,cloud_layer,1224.120561,0.816913,0.451700,1.197200,1.839200,37.289060,0.458229,0.746091,0.000000,0.000000,0.000000,0.000000,0.002744,0.000000,0.000000,0.000000,1.927744,night1080-final,600,150.037,150.037000,2.8604,1
2,base,underground,718.044420,1.392672,0.711900,1.600100,2.227100,17.272833,0.640884,1.294077,42.000000,22890.000000,22344.000000,0.000000,0.004419,0.000000,0.000000,0.000000,3.030976,night1080-final,600,334.7761,334.776100,2.0932,1
2,base,surface_still,603.643289,1.656608,0.710200,2.143400,2.801900,13.446933,0.741328,1.548581,42.000000,22890.000000,22344.000000,0.000000,0.004214,0.000000,0.000000,0.000000,3.881124,night1080-final,600,431.4996,431.499600,2.4828,1
2,base,overview,560.035947,1.785600,1.378700,3.248200,4.009400,37.192511,1.234220,1.568118,48.000000,25464.000000,25601.000000,0.000000,0.010423,0.000000,0.000000,0.000000,5.740852,night1080-final,600,139.9736,139.973600,3.7257,1
2,base,sky,1000.955412,0.999045,0.475500,1.289600,1.740900,25.427392,0.505610,0.910160,0.000000,0.000000,0.000000,0.000000,0.002934,0.000000,0.000000,0.000000,1.929200,night1080-final,600,225.5666,225.566600,1.9841,1
2,base,translate,454.061569,2.202345,0.818300,2.436400,3.772700,8.326873,0.786203,2.047234,41.228333,23682.750000,22078.183333,0.000000,0.004125,0.000000,0.000000,0.000000,6.004336,night1080-final,600,696.6854,696.685400,4.1893,3
2,base,rotate,509.621354,1.962241,1.005250,2.237000,3.103900,11.886979,0.924296,1.795945,41.503333,23165.943333,22304.370000,0.000000,0.004538,0.000000,0.000000,0.000000,5.833308,night1080-final,600,488.3981,488.398100,2.9005,1
2,base,seam_edits,511.065287,1.956697,1.753100,3.352600,4.208700,175.116014,1.797509,1.472656,42.000000,22896.000000,22345.500000,0.000000,0.931084,2.000000,4.000000,167664.000000,2.812680,night1080-final,600,9.9339,6.286400,9.5105,2
2,base,sky_moving,864.224311,1.157107,0.548600,1.601700,2.342200,21.870727,0.564666,1.024578,0.000000,0.000000,0.000000,0.000000,0.003399,0.000000,0.000000,0.000000,2.672488,night1080-final,600,261.7862,261.786200,2.2155,1
2,base,wall_moving,735.882282,1.358913,0.799000,2.253200,3.225400,27.120458,0.843469,1.229750,26.770000,15140.680000,14573.851667,0.000000,0.004572,0.000000,0.000000,0.000000,3.124784,night1080-final,600,202.4749,202.474900,4.1056,1
2,base,cloud_layer,1203.148640,0.831152,0.477400,1.342800,2.541400,43.911939,0.516073,0.755158,0.000000,0.000000,0.000000,0.000000,0.002559,0.000000,0.000000,0.000000,1.995292,night1080-final,600,121.9036,121.903600,3.1596,1
3,base,underground,627.752827,1.592984,0.822400,2.007500,2.601900,15.735810,0.773263,1.400267,42.000000,22890.000000,22344.000000,0.000000,0.004218,0.000000,0.000000,0.000000,3.556384,night1080-final,600,366.0893,366.089300,3.2627,1
3,base,surface_still,566.062247,1.766590,0.574900,1.660800,2.456100,9.548502,0.561271,1.551289,42.000000,22890.000000,22344.000000,0.000000,0.003542,0.000000,0.000000,0.000000,4.177888,night1080-final,600,614.5952,614.595200,2.4412,1
3,base,overview,719.938172,1.389008,0.630800,1.642000,2.304200,15.716010,0.615251,1.267020,48.000000,25464.000000,25601.000000,0.000000,0.003674,0.000000,0.000000,0.000000,2.802124,night1080-final,600,367.657,367.657000,2.4267,1
3,base,sky,955.111054,1.046999,0.486200,1.193800,1.775600,21.591262,0.475186,0.939813,0.000000,0.000000,0.000000,0.000000,0.003157,0.000000,0.000000,0.000000,2.140216,night1080-final,600,267.6505,267.650500,2.2874,1
3,base,translate,591.806848,1.689740,0.865100,2.125600,2.713200,14.476752,0.825023,1.523577,41.228333,23682.750000,22078.183333,0.000000,0.005017,0.000000,0.000000,0.000000,3.921060,night1080-final,600,398.6743,398.674300,2.769,1
3,base,rotate,723.100830,1.382933,0.718200,1.867600,2.789900,19.117035,0.726394,1.255603,41.503333,23165.943333,22304.370000,0.000000,0.004247,0.000000,0.000000,0.000000,2.801084,night1080-final,600,294.7983,294.798300,4.074,1
3,base,seam_edits,561.482208,1.781000,1.596100,2.870700,3.355800,222.908284,1.631286,1.465980,42.000000,22896.000000,22345.500000,0.000000,0.858695,2.000000,4.000000,167664.000000,2.877628,night1080-final,600,8.4354,8.435400,3.9504,1
3,base,sky_moving,971.509512,1.029326,0.508800,1.297300,1.979500,24.300008,0.510554,0.932818,0.000000,0.000000,0.000000,0.000000,0.003119,0.000000,0.000000,0.000000,2.127008,night1080-final,600,235.6141,235.614100,2.5281,1
3,base,wall_moving,770.441152,1.297958,0.636150,1.588600,2.079500,18.169017,0.623374,1.190340,26.770000,15140.680000,14573.851667,0.000000,0.003400,0.000000,0.000000,0.000000,2.504268,night1080-final,600,318.0838,318.083800,2.4472,1
3,base,cloud_layer,1153.291908,0.867083,0.463600,1.256200,2.027000,33.794325,0.476560,0.768499,0.000000,0.000000,0.000000,0.000000,0.002816,0.000000,0.000000,0.000000,1.916824,night1080-final,600,164.4224,164.422400,3.0958,1
3,candidate,underground,691.168275,1.446826,0.728250,1.706000,2.358000,16.383214,0.664587,1.317093,42.000000,22890.000000,22344.000000,0.000000,0.003978,0.000000,0.000000,0.000000,2.975388,night1080-final,600,352.2884,352.288400,2.3863,1
3,candidate,surface_still,605.245176,1.652223,0.594100,1.560400,2.121700,10.674176,0.568312,1.513158,42.000000,22890.000000,22344.000000,0.000000,0.003132,0.000000,0.000000,0.000000,3.336320,night1080-final,600,549.5196,549.519600,2.6665,1
3,candidate,overview,676.793910,1.477555,0.545650,1.518400,2.107800,12.331113,0.531485,1.354948,48.000000,25464.000000,25601.000000,0.000000,0.003608,0.000000,0.000000,0.000000,3.169660,night1080-final,600,472.3531,472.353100,2.8084,1
3,candidate,sky,932.014512,1.072945,0.562100,1.548900,2.303400,26.410880,0.574707,0.952383,0.000000,0.000000,0.000000,0.000000,0.003105,0.000000,0.000000,0.000000,2.248740,night1080-final,600,214.2708,214.270800,2.3141,1
3,candidate,translate,619.941407,1.613056,0.672950,1.750600,2.440700,12.316454,0.657027,1.477549,41.228333,23682.750000,22078.183333,0.000000,0.003458,0.000000,0.000000,0.000000,3.366064,night1080-final,600,472.698,472.698000,2.8084,1
3,candidate,rotate,616.162623,1.622948,0.821800,1.864800,2.416400,14.440951,0.766446,1.471109,41.503333,23165.943333,22304.370000,0.000000,0.003951,0.000000,0.000000,0.000000,3.418480,night1080-final,600,402.1184,402.118400,2.7713,1
3,candidate,seam_edits,563.184463,1.775617,1.587900,2.902300,3.435800,105.956335,1.533165,1.649822,42.000000,22896.000000,22345.500000,0.000000,0.675460,2.000000,4.000000,167664.000000,3.709784,night1080-final,600,35.6155,35.615500,4.8794,2
3,candidate,sky_moving,940.085234,1.063733,0.649300,1.636600,2.256700,34.626638,0.651337,0.962919,0.000000,0.000000,0.000000,0.000000,0.004384,0.000000,0.000000,0.000000,2.336828,night1080-final,600,161.4036,161.403600,1.9884,1
3,candidate,wall_moving,761.382091,1.313401,0.645050,1.698800,2.396500,18.424101,0.642705,1.203878,26.770000,15140.680000,14573.851667,0.000000,0.003372,0.000000,0.000000,0.000000,2.692820,night1080-final,600,311.6109,311.610900,3.0301,1
3,candidate,cloud_layer,1140.914763,0.876490,0.451000,1.232100,1.759700,31.016023,0.460527,0.782377,0.000000,0.000000,0.000000,0.000000,0.003062,0.000000,0.000000,0.000000,1.918384,night1080-final,600,182.2291,182.229100,2.2397,1
1,base,seam_edits,470.242948,2.126560,2.002300,3.451700,4.156700,228.689912,1.946917,1.451696,42.000000,22896.000000,22345.500000,0.000000,0.972312,2.000000,4.000000,167664.000000,3.286192,night1080-seam-repeat,600,4.8746,3.624000,4.0093,0
1,candidate,seam_edits,591.503817,1.690606,1.541000,2.716300,3.503900,191.079760,1.532122,1.466538,42.000000,22896.000000,22345.500000,0.000000,0.619538,2.000000,4.000000,167664.000000,2.825576,night1080-seam-repeat,600,9.1061,9.106100,4.4583,1
2,candidate,seam_edits,523.720205,1.909417,1.698750,3.321800,4.247200,118.558799,1.681305,1.655968,42.000000,22896.000000,22345.500000,0.000000,0.662376,2.000000,4.000000,167664.000000,4.467736,night1080-seam-repeat,600,27.8782,27.878200,4.4197,1
2,base,seam_edits,505.425490,1.978531,1.837100,3.075900,4.160800,209.034470,1.821813,1.449533,42.000000,22896.000000,22345.500000,0.000000,0.881212,2.000000,4.000000,167664.000000,2.770508,night1080-seam-repeat,600,5.112,3.297000,4.956,1
3,base,seam_edits,528.119410,1.893511,1.727550,2.944100,3.600600,261.839510,1.752786,1.424465,42.000000,22896.000000,22345.500000,0.000000,0.889830,2.000000,4.000000,167664.000000,2.571452,night1080-seam-repeat,600,4.1405,4.140500,3.5893,0
3,candidate,seam_edits,629.743014,1.587949,1.424400,2.541100,3.257000,143.581890,1.413919,1.477442,42.000000,22896.000000,22345.500000,0.000000,0.593439,2.000000,4.000000,167664.000000,2.787720,night1080-seam-repeat,600,24.8853,24.885300,3.1959,1
4,candidate,seam_edits,574.521797,1.740578,1.528450,3.047700,3.713800,208.284878,1.568465,1.506259,42.000000,22896.000000,22345.500000,0.000000,0.633135,2.000000,4.000000,167664.000000,3.981588,night1080-seam-repeat,600,9.0697,9.069700,3.5582,1
4,base,seam_edits,544.401673,1.836879,1.664050,2.954200,3.514700,258.591710,1.694836,1.462277,42.000000,22896.000000,22345.500000,0.000000,0.837144,2.000000,4.000000,167664.000000,3.090464,night1080-seam-repeat,600,4.414,3.044800,4.2073,0
5,base,seam_edits,514.245853,1.944595,1.853900,3.040300,3.635300,248.169748,1.795080,1.437666,42.000000,22896.000000,22345.500000,0.000000,0.890213,2.000000,4.000000,167664.000000,2.620228,night1080-seam-repeat,600,4.8294,4.183500,4.3673,0
5,candidate,seam_edits,566.804901,1.764275,1.541700,2.901300,3.710000,106.861202,1.560146,1.577818,42.000000,22896.000000,22345.500000,0.000000,0.655487,2.000000,4.000000,167664.000000,3.217916,night1080-seam-repeat,600,31.0583,31.058300,8.7064,2
1,base,underground,712.184431,1.404131,1.204600,2.919000,3.577400,209.121168,1.166436,0.936971,42.000000,22890.000000,22344.000000,0.000000,0.009060,0.000000,0.000000,0.000000,3.405480,night720,600,9.3575,2.928600,3.6882,1
1,base,surface_still,1155.346549,0.865541,0.611050,1.664600,2.248900,84.915474,0.628225,0.729278,42.000000,22890.000000,22344.000000,0.000000,0.003973,0.000000,0.000000,0.000000,2.458300,night720,600,55.814,55.814000,2.4141,1
1,base,overview,1528.536633,0.654221,0.464750,1.128000,1.843400,101.821761,0.485946,0.598370,48.000000,25464.000000,25601.000000,0.000000,0.002450,0.000000,0.000000,0.000000,1.781936,night720,600,47.5377,47.537700,2.5539,1
1,base,sky,1903.964053,0.525220,0.402900,1.028600,1.552700,373.447857,0.436929,0.443605,0.000000,0.000000,0.000000,0.000000,0.002179,0.000000,0.000000,0.000000,1.421576,night720,600,4.1882,3.644800,4.0619,0
1,base,translate,1432.222573,0.698216,0.532200,1.223400,1.632900,136.113373,0.548115,0.642752,41.228333,23682.750000,22078.183333,0.000000,0.002519,0.000000,0.000000,0.000000,1.936272,night720,600,33.8632,33.863200,2.2462,1
1,base,rotate,1521.216791,0.657368,0.534950,1.323600,1.807700,463.961770,0.567232,0.596474,41.503333,23165.943333,22304.370000,0.000000,0.002344,0.000000,0.000000,0.000000,1.840904,night720,600,2.4607,1.446500,2.0827,0
1,base,seam_edits,630.535444,1.585954,1.420700,2.536100,3.020800,313.167111,1.468897,0.958315,42.000000,22896.000000,22345.500000,0.000000,0.806479,2.000000,4.000000,167664.000000,2.172456,night720,600,3.4823,2.548700,2.9784,0
1,base,sky_moving,1666.792602,0.599955,0.494650,1.182000,2.096500,428.571429,0.502389,0.446716,0.000000,0.000000,0.000000,0.000000,0.002482,0.000000,0.000000,0.000000,1.403896,night720,600,2.5155,1.017900,2.1906,0
1,base,wall_moving,1223.939023,0.817034,0.675200,1.656300,2.221500,396.162506,0.694308,0.590661,26.816667,15183.423333,14600.740000,0.000000,0.003577,0.000000,0.000000,0.000000,1.885572,night720,600,2.817,2.343800,2.5251,0
1,base,cloud_layer,1632.161858,0.612684,0.477150,1.252300,1.886400,449.169037,0.510898,0.375633,0.000000,0.000000,0.000000,0.000000,0.002622,0.000000,0.000000,0.000000,0.740792,night720,600,2.6751,1.245700,2.2483,0
1,candidate,underground,1249.389101,0.800391,0.610900,1.646300,2.348400,285.116898,0.674833,0.652553,42.000000,22890.000000,22344.000000,0.000000,0.003158,0.000000,0.000000,0.000000,1.854060,night720,600,7.0028,2.949000,2.4605,1
1,candidate,surface_still,1191.618395,0.839195,0.532800,1.477900,2.116400,57.140082,0.551586,0.754353,42.000000,22890.000000,22344.000000,0.000000,0.002951,0.000000,0.000000,0.000000,2.133300,night720,600,92.3764,92.376400,2.5303,1
1,candidate,overview,1552.098916,0.644289,0.456250,1.296500,2.144400,152.744824,0.510494,0.582720,48.000000,25464.000000,25601.000000,0.000000,0.002402,0.000000,0.000000,0.000000,1.768104,night720,600,26.5583,26.558300,2.845,1
1,candidate,sky,2009.912890,0.497534,0.417400,0.997100,1.534400,495.114867,0.414091,0.438522,0.000000,0.000000,0.000000,0.000000,0.002099,0.000000,0.000000,0.000000,1.337388,night720,600,2.8929,1.573000,2.378,0
1,candidate,translate,1391.286281,0.718759,0.555850,1.504000,2.091100,349.393802,0.610329,0.636581,41.228333,23682.750000,22078.183333,0.000000,0.002824,0.000000,0.000000,0.000000,1.838980,night720,600,5.2393,5.239300,2.4552,1
1,candidate,rotate,1388.228195,0.720343,0.589050,1.418300,1.865500,487.341309,0.622376,0.562266,41.503333,23165.943333,22304.370000,0.000000,0.002525,0.000000,0.000000,0.000000,1.750996,night720,600,2.2731,1.109100,1.998,0
1,candidate,seam_edits,782.633570,1.277737,1.166000,1.987600,2.444000,335.319168,1.168507,0.854894,42.000000,22896.000000,22345.500000,0.000000,0.544860,2.000000,4.000000,167664.000000,2.154412,night720,600,3.7298,1.891500,3.5637,0
1,candidate,sky_moving,1986.567493,0.503381,0.397750,0.979100,1.823400,522.016026,0.424411,0.428242,0.000000,0.000000,0.000000,0.000000,0.001799,0.000000,0.000000,0.000000,1.390012,night720,600,2.0806,1.394300,1.7703,0
1,candidate,wall_moving,1577.195851,0.634037,0.522150,1.182900,1.643900,322.700357,0.538693,0.576494,26.816667,15183.423333,14600.740000,0.000000,0.002236,0.000000,0.000000,0.000000,1.809236,night720,600,8.5077,8.507700,2.3492,1
1,candidate,cloud_layer,1936.473346,0.516403,0.420550,0.984100,1.397600,522.434195,0.426100,0.381416,0.000000,0.000000,0.000000,0.000000,0.002130,0.000000,0.000000,0.000000,1.349452,night720,600,2.5306,0.967900,2.2281,0
2,candidate,underground,1307.607749,0.764755,0.596100,1.647700,2.149100,258.320059,0.635985,0.687484,42.000000,22890.000000,22344.000000,0.000000,0.003129,0.000000,0.000000,0.000000,2.141048,night720,600,11.6416,11.641600,2.1763,1
2,candidate,surface_still,1299.842741,0.769324,0.509750,1.166400,1.941300,58.976695,0.507038,0.710440,42.000000,22890.000000,22344.000000,0.000000,0.002582,0.000000,0.000000,0.000000,2.141932,night720,600,91.1902,91.190200,1.9362,1
2,candidate,overview,1554.414213,0.643329,0.450450,1.202100,1.742000,112.739148,0.483820,0.580776,48.000000,25464.000000,25601.000000,0.000000,0.002373,0.000000,0.000000,0.000000,1.618916,night720,600,42.08,42.080000,2.1111,1
2,candidate,sky,1822.980123,0.548552,0.406200,1.207600,2.018000,352.127141,0.455326,0.442811,0.000000,0.000000,0.000000,0.000000,0.002096,0.000000,0.000000,0.000000,1.420172,night720,600,4.2021,4.202100,2.4203,0
2,candidate,translate,1426.102234,0.701212,0.541300,1.417400,2.264600,258.878452,0.588127,0.647345,41.228333,23682.750000,22078.183333,0.000000,0.002738,0.000000,0.000000,0.000000,1.963312,night720,600,9.6981,9.698100,2.9964,1
2,candidate,rotate,1479.820064,0.675758,0.550350,1.328800,1.918500,446.847491,0.584317,0.576750,41.503333,23165.943333,22304.370000,0.000000,0.002383,0.000000,0.000000,0.000000,1.903096,night720,600,2.5218,1.133300,2.3601,0
2,candidate,seam_edits,754.392735,1.325570,1.164650,2.226300,2.712100,342.886533,1.210997,0.799188,42.000000,22896.000000,22345.500000,0.000000,0.548158,2.000000,4.000000,167664.000000,1.980472,night720,600,3.2077,3.207700,2.6956,0
2,candidate,sky_moving,1791.339411,0.558242,0.446950,1.191200,1.633000,516.947254,0.468102,0.443497,0.000000,0.000000,0.000000,0.000000,0.002396,0.000000,0.000000,0.000000,1.347320,night720,600,2.2903,0.902900,1.785,0
2,candidate,wall_moving,1559.036422,0.641422,0.526350,1.259200,1.922600,449.498809,0.554591,0.560439,26.816667,15183.423333,14600.740000,0.000000,0.002490,0.000000,0.000000,0.000000,1.696240,night720,600,2.8684,1.296300,2.7455,0
2,candidate,cloud_layer,1962.756050,0.509488,0.411400,1.019300,1.725500,461.375206,0.427264,0.369030,0.000000,0.000000,0.000000,0.000000,0.002075,0.000000,0.000000,0.000000,1.099332,night720,600,2.6827,1.279700,2.2475,0
2,base,underground,1292.711177,0.773568,0.540000,1.394100,1.989400,82.320901,0.561107,0.698822,42.000000,22890.000000,22344.000000,0.000000,0.002704,0.000000,0.000000,0.000000,2.379312,night720,600,61.0989,61.098900,2.7132,1
2,base,surface_still,1309.020174,0.763930,0.479800,1.207300,1.870700,52.121746,0.488148,0.694879,42.000000,22890.000000,22344.000000,0.000000,0.002413,0.000000,0.000000,0.000000,1.876940,night720,600,103.787,103.787000,2.3214,1
2,base,overview,1478.293478,0.676456,0.457750,1.274600,1.866600,93.094267,0.491718,0.616138,48.000000,25464.000000,25601.000000,0.000000,0.002374,0.000000,0.000000,0.000000,1.968512,night720,600,52.5416,52.541600,2.2191,1
2,base,sky,1959.894035,0.510232,0.404250,1.023800,1.628300,495.413299,0.422517,0.417141,0.000000,0.000000,0.000000,0.000000,0.002346,0.000000,0.000000,0.000000,1.332396,night720,600,2.2937,1.359700,1.9431,0
2,base,translate,1438.001293,0.695410,0.522300,1.338700,2.121300,149.030186,0.553543,0.633753,41.228333,23682.750000,22078.183333,0.000000,0.002504,0.000000,0.000000,0.000000,1.862380,night720,600,27.0998,27.099800,2.1587,1
2,base,rotate,1405.654903,0.711412,0.577250,1.474600,2.430900,367.994308,0.616762,0.606731,41.503333,23165.943333,22304.370000,0.000000,0.002639,0.000000,0.000000,0.000000,2.186912,night720,600,3.3027,1.104700,2.5182,0
2,base,seam_edits,628.655303,1.590697,1.380050,2.790300,3.503700,243.834047,1.470295,1.048038,42.000000,22896.000000,22345.500000,0.000000,0.801567,2.000000,4.000000,167664.000000,2.517528,night720,600,4.9148,4.011100,4.5451,0
2,base,sky_moving,1536.507810,0.650826,0.483700,1.451800,2.516800,317.687237,0.541604,0.532198,0.000000,0.000000,0.000000,0.000000,0.003022,0.000000,0.000000,0.000000,1.871116,night720,600,3.937,0.975800,2.9496,0
2,base,wall_moving,1239.804673,0.806579,0.609900,1.820700,2.938200,266.599128,0.691268,0.615689,26.816667,15183.423333,14600.740000,0.000000,0.003297,0.000000,0.000000,0.000000,2.168764,night720,600,4.4352,1.624100,3.8066,0
2,base,cloud_layer,1584.165945,0.631247,0.511550,1.256600,1.804000,412.532745,0.516531,0.396915,0.000000,0.000000,0.000000,0.000000,0.003349,0.000000,0.000000,0.000000,1.645384,night720,600,3.2762,0.864000,2.6306,0
3,base,underground,1307.154229,0.765021,0.559300,1.503200,2.109200,116.999204,0.586278,0.688803,42.000000,22890.000000,22344.000000,0.000000,0.002897,0.000000,0.000000,0.000000,2.426736,night720,600,38.5824,38.582400,2.7078,1
3,base,surface_still,1291.620312,0.774221,0.472150,1.284000,2.045200,54.267408,0.502059,0.697511,42.000000,22890.000000,22344.000000,0.000000,0.002702,0.000000,0.000000,0.000000,2.025244,night720,600,99.0572,99.057200,2.3224,1
3,base,overview,1533.158775,0.652248,0.450850,1.320200,1.954300,131.329536,0.500076,0.597789,48.000000,25464.000000,25601.000000,0.000000,0.002761,0.000000,0.000000,0.000000,2.004704,night720,600,34.1735,34.173500,2.2319,1
3,base,sky,1941.459181,0.515077,0.404050,1.069600,1.605900,501.462599,0.431949,0.442408,0.000000,0.000000,0.000000,0.000000,0.002006,0.000000,0.000000,0.000000,1.515956,night720,600,2.3756,0.973300,2.267,0
3,base,translate,1283.271487,0.779258,0.548000,1.383000,2.337200,84.176974,0.577728,0.705178,41.228333,23682.750000,22078.183333,0.000000,0.002794,0.000000,0.000000,0.000000,2.253472,night720,600,56.7876,56.787600,3.1469,1
3,base,rotate,1361.916943,0.734259,0.562200,1.552100,2.352200,345.865182,0.634509,0.591183,41.503333,23165.943333,22304.370000,0.000000,0.003147,0.000000,0.000000,0.000000,1.860040,night720,600,3.5926,1.161800,2.8899,0
3,base,seam_edits,618.278348,1.617395,1.425550,2.658800,3.228200,272.976674,1.489899,1.012674,42.000000,22896.000000,22345.500000,0.000000,0.804731,2.000000,4.000000,167664.000000,2.686424,night720,600,4.6223,2.356900,4.3627,0
3,base,sky_moving,1873.580763,0.533737,0.424700,1.126000,1.761700,466.265678,0.440231,0.463317,0.000000,0.000000,0.000000,0.000000,0.002249,0.000000,0.000000,0.000000,1.691716,night720,600,3.1571,0.965000,2.4537,0
3,base,wall_moving,1455.704725,0.686953,0.547450,1.339400,1.814600,432.195698,0.596345,0.587119,26.816667,15183.423333,14600.740000,0.000000,0.002664,0.000000,0.000000,0.000000,1.757392,night720,600,3.0458,1.222600,2.7009,0
3,base,cloud_layer,1851.570687,0.540082,0.439950,1.033000,1.483700,525.651808,0.452783,0.408899,0.000000,0.000000,0.000000,0.000000,0.002204,0.000000,0.000000,0.000000,1.275248,night720,600,2.8559,0.818800,2.4862,0
3,candidate,underground,1316.828209,0.759401,0.549550,1.373700,1.740600,89.014696,0.555947,0.704419,42.000000,22890.000000,22344.000000,0.000000,0.002762,0.000000,0.000000,0.000000,2.680600,night720,600,57.7008,57.700800,1.7612,1
3,candidate,surface_still,1284.970471,0.778228,0.502500,1.219400,1.680800,55.708599,0.509315,0.712530,42.000000,22890.000000,22344.000000,0.000000,0.002946,0.000000,0.000000,0.000000,1.940328,night720,600,96.3833,96.383300,2.2966,1
3,candidate,overview,1520.293640,0.657768,0.464000,1.193700,1.708200,108.010996,0.491337,0.607660,48.000000,25464.000000,25601.000000,0.000000,0.002522,0.000000,0.000000,0.000000,1.896388,night720,600,45.0132,45.013200,1.8707,1
3,candidate,sky,1818.340510,0.549952,0.422100,1.168200,1.645100,441.917332,0.460906,0.445328,0.000000,0.000000,0.000000,0.000000,0.002598,0.000000,0.000000,0.000000,1.467024,night720,600,2.8215,1.232900,2.5846,0
3,candidate,translate,1429.954399,0.699323,0.538850,1.334100,1.822800,192.685034,0.577133,0.636325,41.228333,23682.750000,22078.183333,0.000000,0.002650,0.000000,0.000000,0.000000,1.814540,night720,600,19.4744,19.474400,3.2038,1
3,candidate,rotate,1416.655668,0.705888,0.568400,1.413700,1.918200,431.778929,0.611400,0.611031,41.503333,23165.943333,22304.370000,0.000000,0.002899,0.000000,0.000000,0.000000,2.003300,night720,600,2.8851,1.544000,2.705,0
3,candidate,seam_edits,748.711094,1.335629,1.209300,2.207300,2.679400,347.864402,1.219662,0.827029,42.000000,22896.000000,22345.500000,0.000000,0.550262,2.000000,4.000000,167664.000000,2.082028,night720,600,3.0925,2.103200,2.8151,0
3,candidate,sky_moving,1898.396551,0.526760,0.416750,1.072800,1.535300,574.069290,0.438217,0.422424,0.000000,0.000000,0.000000,0.000000,0.002629,0.000000,0.000000,0.000000,1.343576,night720,600,2.1485,1.032000,1.9798,0
3,candidate,wall_moving,1508.170135,0.663055,0.532350,1.340900,1.806800,462.214005,0.572597,0.602661,26.816667,15183.423333,14600.740000,0.000000,0.002652,0.000000,0.000000,0.000000,1.879904,night720,600,3.0256,1.138600,2.5787,0
3,candidate,cloud_layer,1753.734724,0.570212,0.458650,1.124000,1.552500,506.487258,0.478627,0.408829,0.000000,0.000000,0.000000,0.000000,0.002810,0.000000,0.000000,0.000000,1.214928,night720,600,2.7253,1.050600,2.3796,0
1,base,underground,1356.158690,0.737377,0.565800,1.448000,2.272100,187.845165,0.596669,0.672599,42.000000,22890.000000,22344.000000,0.000000,0.008525,0.000000,0.000000,0.000000,2.362516,night720-final,600,17.6847,17.684700,4.1266,1
1,base,surface_still,1170.552413,0.854297,0.527850,1.363800,2.080100,45.235564,0.524189,0.790391,42.000000,22890.000000,22344.000000,0.000000,0.002915,0.000000,0.000000,0.000000,2.402504,night720-final,600,120.5056,120.505600,2.6105,1
1,base,overview,1530.916866,0.653203,0.463950,1.210800,1.887000,102.910127,0.485486,0.589943,48.000000,25464.000000,25601.000000,0.000000,0.002471,0.000000,0.000000,0.000000,1.791608,night720-final,600,46.9743,46.974300,2.4693,1
1,base,sky,1775.092260,0.563351,0.454100,1.168900,1.616400,500.133369,0.466886,0.446575,0.000000,0.000000,0.000000,0.000000,0.002655,0.000000,0.000000,0.000000,1.418716,night720-final,600,2.8886,0.912000,2.6594,0
1,base,translate,986.542411,1.013641,0.821300,2.194300,2.840500,221.411201,0.852589,0.734253,41.228333,23682.750000,22078.183333,0.000000,0.005534,0.000000,0.000000,0.000000,2.880020,night720-final,600,11.7476,2.560300,11.3933,1
1,base,rotate,1271.526143,0.786456,0.645100,1.577600,1.969000,453.916162,0.670976,0.565658,41.503333,23165.943333,22304.370000,0.000000,0.003198,0.000000,0.000000,0.000000,1.511380,night720-final,600,2.4342,1.515200,2.0454,0
1,base,seam_edits,606.967194,1.647535,1.507650,2.676400,3.043300,287.172026,1.522882,1.029186,42.000000,22896.000000,22345.500000,0.000000,0.807624,2.000000,4.000000,167664.000000,2.305680,night720-final,600,3.9293,3.015100,3.4661,0
1,base,sky_moving,1780.643162,0.561595,0.450900,1.075200,2.104200,256.993434,0.456901,0.516873,0.000000,0.000000,0.000000,0.000000,0.001940,0.000000,0.000000,0.000000,1.679652,night720-final,600,9.4667,9.466700,2.5975,1
1,base,wall_moving,1508.435169,0.662939,0.561700,1.248600,1.784400,458.459728,0.567087,0.564944,26.816667,15183.423333,14600.740000,0.000000,0.002459,0.000000,0.000000,0.000000,1.647516,night720-final,600,3.0308,3.030800,1.8105,0
1,base,cloud_layer,1734.680100,0.576475,0.459100,1.113500,1.486200,487.436329,0.480935,0.414074,0.000000,0.000000,0.000000,0.000000,0.002674,0.000000,0.000000,0.000000,1.313780,night720-final,600,3.188,0.884000,2.8763,0
1,candidate,underground,1300.154545,0.769139,0.577550,1.497700,2.002500,122.596596,0.592425,0.687504,42.000000,22890.000000,22344.000000,0.000000,0.002960,0.000000,0.000000,0.000000,1.940484,night720-final,600,35.8241,35.824100,2.3584,1
1,candidate,surface_still,1325.264241,0.754567,0.471000,1.192700,1.695200,54.414217,0.487080,0.684386,42.000000,22890.000000,22344.000000,0.000000,0.002394,0.000000,0.000000,0.000000,1.700972,night720-final,600,99.9206,99.920600,2.1767,1
1,candidate,overview,1279.522312,0.781542,0.640450,1.756100,2.503800,335.113157,0.655113,0.609510,48.000000,25464.000000,25601.000000,0.000000,0.003309,0.000000,0.000000,0.000000,1.657656,night720-final,600,3.3726,2.257200,2.9537,0
1,candidate,sky,1396.222613,0.716218,0.480950,1.309600,2.358500,84.943484,0.485405,0.597215,0.000000,0.000000,0.000000,0.000000,0.002811,0.000000,0.000000,0.000000,2.822976,night720-final,600,57.6261,57.626100,2.4396,1
1,candidate,translate,519.646716,1.924384,0.776400,1.839400,2.452700,9.590590,0.709713,1.692271,41.228333,23682.750000,22078.183333,0.000000,0.003607,0.000000,0.000000,0.000000,4.544540,night720-final,600,610.8836,610.883600,3.0469,1
1,candidate,rotate,1397.346393,0.715642,0.557000,1.480900,2.269200,388.593486,0.609244,0.639008,41.503333,23165.943333,22304.370000,0.000000,0.002736,0.000000,0.000000,0.000000,2.056860,night720-final,600,3.3254,1.100500,2.6397,0
1,candidate,seam_edits,737.716558,1.355534,1.182400,2.232700,3.150300,284.643484,1.234815,0.890810,42.000000,22896.000000,22345.500000,0.000000,0.575270,2.000000,4.000000,167664.000000,2.387944,night720-final,600,4.7244,1.818300,4.6322,0
1,candidate,sky_moving,1735.742969,0.576122,0.447900,1.157300,1.887800,386.802305,0.485746,0.434684,0.000000,0.000000,0.000000,0.000000,0.002366,0.000000,0.000000,0.000000,1.445236,night720-final,600,3.1992,0.902100,2.971,0
1,candidate,wall_moving,1467.615235,0.681378,0.525650,1.445800,2.184200,354.015718,0.584596,0.554252,26.816667,15183.423333,14600.740000,0.000000,0.002299,0.000000,0.000000,0.000000,1.637740,night720-final,600,4.2521,4.252100,2.1111,0
1,candidate,cloud_layer,1918.075786,0.521356,0.399900,1.199700,1.790900,432.703749,0.439360,0.442761,0.000000,0.000000,0.000000,0.000000,0.002027,0.000000,0.000000,0.000000,1.296100,night720-final,600,3.1227,0.861800,2.8396,0
2,candidate,underground,1071.046246,0.933667,0.583950,1.453500,2.195600,42.163345,0.566268,0.848509,42.000000,22890.000000,22344.000000,0.000000,0.003279,0.000000,0.000000,0.000000,3.446456,night720-final,600,129.0044,129.004400,2.8066,1
2,candidate,surface_still,1170.599915,0.854263,0.535550,1.597000,2.371400,57.695248,0.593279,0.746605,42.000000,22890.000000,22344.000000,0.000000,0.002928,0.000000,0.000000,0.000000,2.558556,night720-final,600,90.4729,90.472900,2.6394,1
2,candidate,overview,1571.859111,0.636189,0.443950,1.231400,1.712700,112.816733,0.481964,0.583033,48.000000,25464.000000,25601.000000,0.000000,0.002304,0.000000,0.000000,0.000000,1.849484,night720-final,600,40.5866,40.586600,2.7563,1
2,candidate,sky,2033.636345,0.491730,0.411500,0.981100,1.527000,589.495196,0.407353,0.432039,0.000000,0.000000,0.000000,0.000000,0.002120,0.000000,0.000000,0.000000,1.469728,night720-final,600,1.9018,1.074500,1.4728,0
2,candidate,translate,1417.067539,0.705683,0.535300,1.310200,2.167800,173.206162,0.569743,0.657620,41.228333,23682.750000,22078.183333,0.000000,0.002500,0.000000,0.000000,0.000000,1.645280,night720-final,600,21.0678,21.067800,2.8479,1
2,candidate,rotate,1191.373976,0.839367,0.700600,1.674100,2.521200,282.884098,0.723563,0.548798,41.503333,23165.943333,22304.370000,0.000000,0.003178,0.000000,0.000000,0.000000,1.509664,night720-final,600,5.1488,1.248600,4.9615,1
2,candidate,seam_edits,514.914940,1.942068,1.806800,3.338600,4.374500,213.431227,1.743042,1.163642,42.000000,22896.000000,22345.500000,0.000000,0.698514,2.000000,4.000000,167664.000000,5.126264,night720-final,600,4.9289,3.347100,4.6503,0
2,candidate,sky_moving,722.001591,1.385039,1.232150,2.893200,3.529300,227.479527,1.135133,0.597543,0.000000,0.000000,0.000000,0.000000,0.010018,0.000000,0.000000,0.000000,2.219932,night720-final,600,5.0498,1.231300,4.2385,1
2,candidate,wall_moving,1032.470509,0.968551,0.733700,2.204500,3.377400,205.570269,0.825358,0.609914,26.816667,15183.423333,14600.740000,0.000000,0.005178,0.000000,0.000000,0.000000,1.822808,night720-final,600,7.7082,1.507800,7.2709,2
2,candidate,cloud_layer,1642.943926,0.608664,0.498000,1.200000,1.702100,547.600142,0.507260,0.389595,0.000000,0.000000,0.000000,0.000000,0.002657,0.000000,0.000000,0.000000,1.165528,night720-final,600,1.902,0.789200,1.5774,0
2,base,underground,1214.020234,0.823709,0.644100,1.690800,2.423200,329.135033,0.711567,0.603408,42.000000,22890.000000,22344.000000,0.000000,0.003040,0.000000,0.000000,0.000000,1.606072,night720-final,600,3.6611,1.337800,3.1791,0
2,base,surface_still,1289.902599,0.775252,0.585200,1.825300,2.871000,312.431656,0.627748,0.711726,42.000000,22890.000000,22344.000000,0.000000,0.003337,0.000000,0.000000,0.000000,1.860092,night720-final,600,4.0072,2.914800,2.963,0
2,base,overview,1245.636639,0.802802,0.546450,1.795500,2.516000,153.846548,0.640727,0.643511,48.000000,25464.000000,25601.000000,0.000000,0.003155,0.000000,0.000000,0.000000,1.867060,night720-final,600,24.993,24.993000,2.3427,1
2,base,sky,1604.547502,0.623229,0.469700,1.311900,2.024000,435.119984,0.516589,0.406481,0.000000,0.000000,0.000000,0.000000,0.002456,0.000000,0.000000,0.000000,1.334060,night720-final,600,2.4948,0.868100,2.1991,0
2,base,translate,1167.865253,0.856263,0.624700,1.387400,2.169700,69.384616,0.611245,0.783150,41.228333,23682.750000,22078.183333,0.000000,0.003086,0.000000,0.000000,0.000000,2.190656,night720-final,600,73.0927,73.092700,3.0563,1
2,base,rotate,1422.492643,0.702991,0.579400,1.384300,2.022900,363.653995,0.607868,0.555863,41.503333,23165.943333,22304.370000,0.000000,0.002372,0.000000,0.000000,0.000000,1.608412,night720-final,600,4.0367,1.384300,3.1198,0
2,base,seam_edits,651.083066,1.535902,1.426400,2.348100,2.816200,307.569280,1.423540,0.705465,42.000000,22896.000000,22345.500000,0.000000,0.770300,2.000000,4.000000,167664.000000,1.713244,night720-final,600,3.7972,2.211000,3.6122,0
2,base,sky_moving,1894.530837,0.527835,0.415300,1.153300,1.752200,502.685177,0.443389,0.412684,0.000000,0.000000,0.000000,0.000000,0.002011,0.000000,0.000000,0.000000,1.436292,night720-final,600,2.1891,1.290300,1.9114,0
2,base,wall_moving,1556.582554,0.642433,0.540150,1.304300,1.717300,547.200613,0.554019,0.527945,26.816667,15183.423333,14600.740000,0.000000,0.002146,0.000000,0.000000,0.000000,1.584492,night720-final,600,2.1359,1.492200,1.8339,0
2,base,cloud_layer,1975.922723,0.506093,0.413650,0.978900,1.540000,527.347355,0.422806,0.369787,0.000000,0.000000,0.000000,0.000000,0.001922,0.000000,0.000000,0.000000,1.120080,night720-final,600,2.4981,0.818900,2.1542,0
3,base,underground,1279.740639,0.781408,0.581850,1.613400,2.228300,245.603694,0.658735,0.617290,42.000000,22890.000000,22344.000000,0.000000,0.003112,0.000000,0.000000,0.000000,1.817660,night720-final,600,7.3112,7.162900,2.3088,2
3,base,surface_still,1370.713294,0.729547,0.487800,1.183900,1.831900,62.356645,0.485690,0.674528,42.000000,22890.000000,22344.000000,0.000000,0.002177,0.000000,0.000000,0.000000,1.942616,night720-final,600,85.4213,85.421300,2.4054,1
3,base,overview,1585.438068,0.630741,0.456350,1.200200,1.851900,145.961607,0.493534,0.578568,48.000000,25464.000000,25601.000000,0.000000,0.002126,0.000000,0.000000,0.000000,1.826916,night720-final,600,30.3883,30.388300,1.8973,1
3,base,sky,1961.537518,0.509804,0.411100,1.003400,1.459100,560.627155,0.427654,0.400313,0.000000,0.000000,0.000000,0.000000,0.001981,0.000000,0.000000,0.000000,1.143272,night720-final,600,2.4393,1.023900,1.7827,0
3,base,translate,1458.041927,0.685851,0.537250,1.213900,1.816600,174.573386,0.558692,0.633823,41.228333,23682.750000,22078.183333,0.000000,0.002272,0.000000,0.000000,0.000000,1.915940,night720-final,600,23.7602,23.760200,2.1041,1
3,base,rotate,1271.137965,0.786697,0.625150,1.592700,2.110400,395.280353,0.676309,0.632439,41.503333,23165.943333,22304.370000,0.000000,0.002883,0.000000,0.000000,0.000000,2.095392,night720-final,600,3.0475,1.161800,2.528,0
3,base,seam_edits,552.319017,1.810548,1.684750,2.924700,3.509700,257.996827,1.642525,1.480725,42.000000,22896.000000,22345.500000,0.000000,0.846928,2.000000,4.000000,167664.000000,4.804644,night720-final,600,4.3224,2.427100,3.8508,0
3,base,sky_moving,1891.877319,0.528575,0.432050,1.035300,1.629500,514.871196,0.439872,0.405199,0.000000,0.000000,0.000000,0.000000,0.002179,0.000000,0.000000,0.000000,0.934232,night720-final,600,2.672,0.933200,1.9304,0
3,base,wall_moving,1468.316304,0.681052,0.555400,1.304100,1.893400,481.776793,0.582978,0.531112,26.816667,15183.423333,14600.740000,0.000000,0.002644,0.000000,0.000000,0.000000,1.493336,night720-final,600,2.4531,1.980800,2.2054,0
3,base,cloud_layer,1876.074052,0.533028,0.431950,0.996200,1.400800,539.811066,0.449767,0.366187,0.000000,0.000000,0.000000,0.000000,0.001928,0.000000,0.000000,0.000000,1.142648,night720-final,600,2.5187,1.076000,2.0481,0
3,candidate,underground,1419.085518,0.704679,0.551400,1.426600,1.810300,301.288006,0.598449,0.588872,42.000000,22890.000000,22344.000000,0.000000,0.002801,0.000000,0.000000,0.000000,1.636440,night720-final,600,8.9161,8.916100,2.2124,1
3,candidate,surface_still,1330.071112,0.751840,0.564400,1.417200,2.142800,122.270814,0.573557,0.703739,42.000000,22890.000000,22344.000000,0.000000,0.003113,0.000000,0.000000,0.000000,2.066116,night720-final,600,37.5883,37.588300,1.8663,1
3,candidate,overview,1055.015173,0.947854,0.797700,1.946500,2.679600,239.372843,0.768347,0.639517,48.000000,25464.000000,25601.000000,0.000000,0.005617,0.000000,0.000000,0.000000,2.458196,night720-final,600,9.3908,9.390800,2.5301,1
3,candidate,sky,1525.395160,0.655568,0.517800,1.295400,1.858000,393.672373,0.544324,0.413697,0.000000,0.000000,0.000000,0.000000,0.002912,0.000000,0.000000,0.000000,1.281072,night720-final,600,3.2304,1.058700,2.8108,0
3,candidate,translate,1316.047200,0.759851,0.610500,1.589900,2.094800,358.742250,0.655049,0.644709,41.228333,23682.750000,22078.183333,0.000000,0.002896,0.000000,0.000000,0.000000,1.764100,night720-final,600,5.3044,1.594300,5.1093,1
3,candidate,rotate,1377.820398,0.725784,0.615600,1.347500,1.983600,454.211678,0.628155,0.553724,41.503333,23165.943333,22304.370000,0.000000,0.002513,0.000000,0.000000,0.000000,1.549652,night720-final,600,2.3646,1.110300,2.0005,0
3,candidate,seam_edits,742.142657,1.347450,1.219800,2.127900,2.586700,333.720820,1.233466,0.681962,42.000000,22896.000000,22345.500000,0.000000,0.564390,2.000000,4.000000,167664.000000,1.634464,night720-final,600,3.6854,2.550600,3.5681,0
3,candidate,sky_moving,1920.229199,0.520771,0.419200,0.960700,1.427400,529.871506,0.440902,0.401329,0.000000,0.000000,0.000000,0.000000,0.002037,0.000000,0.000000,0.000000,1.198600,night720-final,600,2.6757,1.117500,1.9862,0
3,candidate,wall_moving,1440.575885,0.694167,0.573200,1.347100,1.794000,495.986641,0.598813,0.526065,26.816667,15183.423333,14600.740000,0.000000,0.002524,0.000000,0.000000,0.000000,1.374048,night720-final,600,2.4687,1.683200,2.1335,0
3,candidate,cloud_layer,1743.738453,0.573481,0.438900,1.139500,1.635400,470.252604,0.485418,0.352141,0.000000,0.000000,0.000000,0.000000,0.002544,0.000000,0.000000,0.000000,1.081340,night720-final,600,3.0818,0.856700,2.823,0
1,base,underground,582.477165,1.716805,1.030700,2.207500,2.888800,16.381340,0.859692,1.504286,42.000000,22890.000000,22344.000000,0.000000,0.004643,0.000000,0.000000,0.000000,5.400460,night720-repeat,600,349.9593,349.959300,3.1893,1
1,base,surface_still,1312.010538,0.762189,0.495450,1.491500,2.108800,89.545824,0.567959,0.691666,42.000000,22890.000000,22344.000000,0.000000,0.002804,0.000000,0.000000,0.000000,1.787760,night720-repeat,600,55.9207,55.920700,2.1529,1
1,base,overview,1226.125297,0.815577,0.651000,1.717600,2.226900,238.216237,0.682651,0.678217,48.000000,25464.000000,25601.000000,0.000000,0.003765,0.000000,0.000000,0.000000,2.487524,night720-repeat,600,7.7231,2.226900,7.4301,1
1,base,sky,1462.462607,0.683778,0.535200,1.441400,2.078500,394.443604,0.566938,0.483070,0.000000,0.000000,0.000000,0.000000,0.003547,0.000000,0.000000,0.000000,1.973764,night720-repeat,600,3.0463,2.078500,2.4187,0
1,base,translate,1168.085111,0.856102,0.640200,2.044100,2.839100,310.130410,0.722964,0.681301,41.228333,23682.750000,22078.183333,0.000000,0.003795,0.000000,0.000000,0.000000,3.204968,night720-repeat,600,3.8484,3.848400,3.1219,0
1,base,rotate,1051.603959,0.950928,0.724500,2.145100,2.854400,308.668968,0.811239,0.629013,41.503333,23165.943333,22304.370000,0.000000,0.003609,0.000000,0.000000,0.000000,1.990716,night720-repeat,600,3.4555,3.186700,3.2526,0
1,base,seam_edits,570.987660,1.751351,1.482300,3.080600,4.034800,213.924335,1.611962,0.900578,42.000000,22896.000000,22345.500000,0.000000,0.862097,2.000000,4.000000,167664.000000,2.297048,night720-repeat,600,5.4219,4.324900,4.826,2
1,base,sky_moving,1318.945108,0.758182,0.517700,1.935200,2.876800,299.797637,0.629158,0.482441,0.000000,0.000000,0.000000,0.000000,0.003688,0.000000,0.000000,0.000000,1.796392,night720-repeat,600,3.7955,2.563300,2.9156,0
1,base,wall_moving,781.343598,1.279847,0.935950,2.170200,2.886000,42.235259,0.871143,1.000418,26.816667,15183.423333,14600.740000,0.000000,0.004832,0.000000,0.000000,0.000000,4.901832,night720-repeat,600,125.6976,125.697600,3.1312,1
1,base,cloud_layer,913.420244,1.094786,0.697850,1.828800,2.622500,35.261739,0.671607,0.812007,0.000000,0.000000,0.000000,0.000000,0.004499,0.000000,0.000000,0.000000,3.355976,night720-repeat,600,154.6573,154.657300,3.2254,1
1,candidate,underground,984.269406,1.015982,0.778100,2.136800,2.742200,145.043852,0.808885,0.792070,42.000000,22890.000000,22344.000000,0.000000,0.004930,0.000000,0.000000,0.000000,3.741036,night720-repeat,600,25.3802,25.380200,2.8732,1
1,candidate,surface_still,953.250529,1.049042,0.563500,2.426600,4.256400,46.063102,0.733111,0.926960,42.000000,22890.000000,22344.000000,0.000000,0.003300,0.000000,0.000000,0.000000,4.841512,night720-repeat,600,106.3458,106.345800,4.9193,2
1,candidate,overview,397.379205,2.516488,0.741800,1.653900,2.485600,5.938319,0.600493,2.158238,48.000000,25464.000000,25601.000000,0.000000,0.004302,0.000000,0.000000,0.000000,10.750636,night720-repeat,600,997.3418,997.341800,2.2502,1
1,candidate,sky,1581.663251,0.632246,0.509750,1.344600,2.045500,410.877291,0.527028,0.456260,0.000000,0.000000,0.000000,0.000000,0.003219,0.000000,0.000000,0.000000,2.070588,night720-repeat,600,2.6854,1.031500,2.4634,0
1,candidate,translate,1140.691567,0.876661,0.654050,1.479100,2.309300,90.325533,0.661034,0.799377,41.228333,23682.750000,22078.183333,0.000000,0.003226,0.000000,0.000000,0.000000,3.110848,night720-repeat,600,53.1118,53.111800,2.611,1
1,candidate,rotate,1220.410139,0.819397,0.677300,1.551600,2.043900,442.833841,0.709465,0.612675,41.503333,23165.943333,22304.370000,0.000000,0.003418,0.000000,0.000000,0.000000,1.910688,night720-repeat,600,2.7488,2.029800,2.5657,0
1,candidate,seam_edits,625.983381,1.597486,1.441200,2.736000,3.540900,206.706239,1.449275,0.914852,42.000000,22896.000000,22345.500000,0.000000,0.656502,2.000000,4.000000,167664.000000,2.232880,night720-repeat,600,9.4419,2.728500,9.0336,1
1,candidate,sky_moving,1700.856239,0.587939,0.455200,1.243800,1.974700,409.115084,0.492250,0.433544,0.000000,0.000000,0.000000,0.000000,0.002299,0.000000,0.000000,0.000000,1.262508,night720-repeat,600,2.967,1.789000,2.7707,0
1,candidate,wall_moving,992.283671,1.007776,0.642350,1.650100,2.331400,42.760017,0.670207,0.916148,26.816667,15183.423333,14600.740000,0.000000,0.003185,0.000000,0.000000,0.000000,3.276936,night720-repeat,600,126.9698,126.969800,2.7674,1
1,candidate,cloud_layer,1835.889248,0.544695,0.443300,1.088300,1.686700,444.000444,0.452829,0.388261,0.000000,0.000000,0.000000,0.000000,0.002515,0.000000,0.000000,0.000000,1.410188,night720-repeat,600,3.2957,0.866000,3.1671,0
2,candidate,underground,1158.135934,0.863456,0.622800,1.535900,2.213100,86.428431,0.630578,0.782900,42.000000,22890.000000,22344.000000,0.000000,0.003384,0.000000,0.000000,0.000000,2.934932,night720-repeat,600,57.1013,57.101300,2.3555,1
2,candidate,surface_still,953.459269,1.048812,0.857450,2.012800,2.668900,127.709571,0.837723,0.790311,42.000000,22890.000000,22344.000000,0.000000,0.005630,0.000000,0.000000,0.000000,2.953756,night720-repeat,600,32.5514,32.551400,2.9578,1
2,candidate,overview,1243.854065,0.803953,0.690250,1.609600,2.112000,412.473189,0.672423,0.605103,48.000000,25464.000000,25601.000000,0.000000,0.004120,0.000000,0.000000,0.000000,1.878448,night720-repeat,600,2.6184,1.637200,2.1461,0
2,candidate,sky,1727.660770,0.578817,0.455250,1.198100,1.989700,417.487145,0.475269,0.449520,0.000000,0.000000,0.000000,0.000000,0.002784,0.000000,0.000000,0.000000,1.257828,night720-repeat,600,2.9115,1.306800,2.6516,0
2,candidate,translate,1355.692315,0.737631,0.573550,1.457300,2.263100,296.913583,0.622576,0.666478,41.228333,23682.750000,22078.183333,0.000000,0.002894,0.000000,0.000000,0.000000,2.080832,night720-repeat,600,6.0935,6.093500,4.0092,1
2,candidate,rotate,1286.302126,0.777422,0.613600,1.519000,2.190800,393.262109,0.670296,0.590358,41.503333,23165.943333,22304.370000,0.000000,0.002810,0.000000,0.000000,0.000000,1.560988,night720-repeat,600,2.774,2.774000,2.386,0
2,candidate,seam_edits,642.823555,1.555637,1.453350,2.511800,3.144100,286.409852,1.416026,0.988126,42.000000,22896.000000,22345.500000,0.000000,0.640825,2.000000,4.000000,167664.000000,2.365948,night720-repeat,600,4.2787,2.914200,3.9223,0
2,candidate,sky_moving,718.478464,1.391830,0.627450,2.496200,4.247600,19.439847,0.717106,1.086588,0.000000,0.000000,0.000000,0.000000,0.004402,0.000000,0.000000,0.000000,5.353608,night720-repeat,600,283.7923,283.792300,4.3782,4
2,candidate,wall_moving,1169.996151,0.854704,0.698300,1.692300,2.624100,315.598454,0.731524,0.700951,26.816667,15183.423333,14600.740000,0.000000,0.003469,0.000000,0.000000,0.000000,3.674008,night720-repeat,600,3.7179,1.557000,3.2214,0
2,candidate,cloud_layer,1110.143641,0.900784,0.505750,2.221300,3.392500,56.363484,0.612883,0.714643,0.000000,0.000000,0.000000,0.000000,0.003625,0.000000,0.000000,0.000000,3.198676,night720-repeat,600,85.6845,85.684500,4.5184,2
2,base,underground,1361.137748,0.734680,0.586250,1.417900,1.858100,394.011032,0.623928,0.643384,42.000000,22890.000000,22344.000000,0.000000,0.002909,0.000000,0.000000,0.000000,1.813032,night720-repeat,600,4.426,4.426000,2.2231,0
2,base,surface_still,1287.232392,0.776860,0.548150,1.329700,1.865500,77.379118,0.546883,0.703192,42.000000,22890.000000,22344.000000,0.000000,0.003194,0.000000,0.000000,0.000000,1.992952,night720-repeat,600,66.8207,66.820700,2.2202,1
2,base,overview,1396.584002,0.716033,0.533450,1.472000,1.994300,214.885860,0.580217,0.616142,48.000000,25464.000000,25601.000000,0.000000,0.003202,0.000000,0.000000,0.000000,1.943136,night720-repeat,600,14.9303,14.930300,2.4962,1
2,base,sky,875.962537,1.141601,0.764000,1.992600,2.541700,37.896947,0.716000,0.899191,0.000000,0.000000,0.000000,0.000000,0.004076,0.000000,0.000000,0.000000,3.514784,night720-repeat,600,142.9682,142.968200,2.768,1
2,base,translate,920.464644,1.086408,0.929600,2.280900,3.195200,284.279352,0.918834,0.731554,41.228333,23682.750000,22078.183333,0.000000,0.004540,0.000000,0.000000,0.000000,2.368704,night720-repeat,600,3.885,1.862000,3.3654,0
2,base,rotate,1261.035373,0.792999,0.614800,1.662400,2.709500,300.548501,0.681552,0.576533,41.503333,23165.943333,22304.370000,0.000000,0.002892,0.000000,0.000000,0.000000,1.949376,night720-repeat,600,3.8275,1.074500,3.4056,0
2,base,seam_edits,449.616938,2.224115,1.940450,4.160000,5.284400,108.491641,2.028292,1.006412,42.000000,22896.000000,22345.500000,0.000000,1.021075,2.000000,4.000000,167664.000000,3.918980,night720-repeat,600,16.4704,4.562000,13.1085,9
2,base,sky_moving,1189.071717,0.840992,0.640400,1.795400,2.577100,330.992481,0.699156,0.593973,0.000000,0.000000,0.000000,0.000000,0.003963,0.000000,0.000000,0.000000,2.359084,night720-repeat,600,3.2685,0.919800,2.9209,0
2,base,wall_moving,1260.143102,0.793561,0.636650,1.663700,2.464500,371.917732,0.677274,0.564641,26.816667,15183.423333,14600.740000,0.000000,0.003148,0.000000,0.000000,0.000000,1.548976,night720-repeat,600,3.0706,1.300200,2.433,0
2,base,cloud_layer,1171.422904,0.853663,0.724200,1.873600,2.506200,373.843422,0.702916,0.393433,0.000000,0.000000,0.000000,0.000000,0.004522,0.000000,0.000000,0.000000,1.272180,night720-repeat,600,2.8041,2.772400,2.5259,0
3,base,underground,1507.707779,0.663258,0.547150,1.259500,1.720900,397.088021,0.571930,0.603177,42.000000,22890.000000,22344.000000,0.000000,0.002433,0.000000,0.000000,0.000000,1.559012,night720-repeat,600,5.0698,5.069800,2.0626,1
3,base,surface_still,1219.882871,0.819751,0.634950,1.631100,2.327200,195.616240,0.671693,0.699237,42.000000,22890.000000,22344.000000,0.000000,0.002806,0.000000,0.000000,0.000000,1.815944,night720-repeat,600,15.9867,15.986700,3.1848,1
3,base,overview,1580.490843,0.632715,0.481600,1.107500,1.448100,131.410937,0.481986,0.591205,48.000000,25464.000000,25601.000000,0.000000,0.002510,0.000000,0.000000,0.000000,1.518140,night720-repeat,600,36.0726,36.072600,2.0227,1
3,base,sky,1934.686281,0.516880,0.426200,1.016000,1.335900,496.602412,0.427130,0.418476,0.000000,0.000000,0.000000,0.000000,0.002228,0.000000,0.000000,0.000000,1.247168,night720-repeat,600,3.6784,3.678400,1.8433,0
3,base,translate,1417.262350,0.705586,0.587250,1.295300,1.858000,330.773514,0.602654,0.650601,41.228333,23682.750000,22078.183333,0.000000,0.002345,0.000000,0.000000,0.000000,1.859936,night720-repeat,600,7.2326,7.232600,2.0999,1
3,base,rotate,1548.276420,0.645880,0.545900,1.193900,1.693500,508.672872,0.563210,0.563671,41.503333,23165.943333,22304.370000,0.000000,0.002202,0.000000,0.000000,0.000000,1.480024,night720-repeat,600,2.2881,1.151700,2.1236,0
3,base,seam_edits,475.158929,2.104559,1.918700,3.451000,4.796300,131.662102,1.901752,1.459491,42.000000,22896.000000,22345.500000,0.000000,0.941757,2.000000,4.000000,167664.000000,4.330248,night720-repeat,600,20.2856,20.285600,5.2687,3
3,base,sky_moving,548.047007,1.824661,0.628250,1.648500,3.036000,9.342447,0.545648,1.410737,0.000000,0.000000,0.000000,0.000000,0.003710,0.000000,0.000000,0.000000,9.590568,night720-repeat,600,625.4776,625.477600,3.0336,1
3,base,wall_moving,1248.485171,0.800971,0.680400,1.592400,2.152800,393.770550,0.688914,0.580127,26.816667,15183.423333,14600.740000,0.000000,0.003203,0.000000,0.000000,0.000000,1.948180,night720-repeat,600,3.2811,1.551000,3.0424,0
3,base,cloud_layer,1761.223322,0.567787,0.438650,1.278800,1.998400,433.554205,0.471553,0.368858,0.000000,0.000000,0.000000,0.000000,0.002636,0.000000,0.000000,0.000000,1.121744,night720-repeat,600,2.6401,0.909300,2.2849,0
3,candidate,underground,1347.906903,0.741891,0.573950,1.593800,2.369800,214.606091,0.617490,0.656679,42.000000,22890.000000,22344.000000,0.000000,0.003352,0.000000,0.000000,0.000000,2.747472,night720-repeat,600,14.2566,14.256600,3.1692,1
3,candidate,surface_still,1174.867700,0.851160,0.582400,1.650800,2.715800,83.689128,0.627440,0.778213,42.000000,22890.000000,22344.000000,0.000000,0.004014,0.000000,0.000000,0.000000,3.027492,night720-repeat,600,49.9257,49.925700,5.6591,3
3,candidate,overview,1379.855943,0.724713,0.488600,1.555400,2.348500,109.021730,0.547145,0.656817,48.000000,25464.000000,25601.000000,0.000000,0.002866,0.000000,0.000000,0.000000,3.256760,night720-repeat,600,42.3342,42.334200,2.3074,1
3,candidate,sky,1739.617023,0.574839,0.439600,1.317500,1.877000,351.211974,0.467621,0.440806,0.000000,0.000000,0.000000,0.000000,0.002964,0.000000,0.000000,0.000000,1.824732,night720-repeat,600,4.7571,4.757100,2.652,0
3,candidate,translate,1279.502393,0.781554,0.600750,1.557700,2.106200,200.792461,0.635212,0.706407,41.228333,23682.750000,22078.183333,0.000000,0.003077,0.000000,0.000000,0.000000,2.524028,night720-repeat,600,17.4658,17.465800,2.0386,1
3,candidate,rotate,1270.012755,0.787394,0.626300,1.545400,2.155000,387.897595,0.679885,0.582485,41.503333,23165.943333,22304.370000,0.000000,0.003113,0.000000,0.000000,0.000000,2.010840,night720-repeat,600,2.876,1.725400,2.6429,0
3,candidate,seam_edits,697.561998,1.433564,1.281300,2.359600,3.095200,277.245108,1.308013,0.879509,42.000000,22896.000000,22345.500000,0.000000,0.593616,2.000000,4.000000,167664.000000,2.364024,night720-repeat,600,4.468,2.222400,3.6523,0
3,candidate,sky_moving,1723.527763,0.580205,0.444250,1.231300,1.917800,432.750563,0.484338,0.437995,0.000000,0.000000,0.000000,0.000000,0.002273,0.000000,0.000000,0.000000,1.558388,night720-repeat,600,2.6338,0.957400,1.9545,0
3,candidate,wall_moving,1299.512228,0.769520,0.615100,1.637400,2.095200,417.443576,0.653565,0.557491,26.816667,15183.423333,14600.740000,0.000000,0.003139,0.000000,0.000000,0.000000,1.738932,night720-repeat,600,2.778,2.778000,2.1063,0
3,candidate,cloud_layer,1782.885547,0.560888,0.436000,1.177500,1.872400,405.413623,0.466646,0.371686,0.000000,0.000000,0.000000,0.000000,0.002432,0.000000,0.000000,0.000000,1.135940,night720-repeat,600,3.6058,1.008400,3.4914,0
4,candidate,underground,1351.337047,0.740008,0.554400,1.520300,2.096600,183.259266,0.606345,0.663986,42.000000,22890.000000,22344.000000,0.000000,0.003058,0.000000,0.000000,0.000000,2.465008,night720-repeat,600,19.9094,19.909400,2.6209,1
4,candidate,surface_still,1214.317778,0.823508,0.528250,1.474200,1.853400,58.889405,0.544279,0.733299,42.000000,22890.000000,22344.000000,0.000000,0.003493,0.000000,0.000000,0.000000,2.685228,night720-repeat,600,88.0647,88.064700,2.8491,1
4,candidate,overview,1419.731235,0.704359,0.499100,1.397500,2.104100,117.491555,0.530052,0.627396,48.000000,25464.000000,25601.000000,0.000000,0.003538,0.000000,0.000000,0.000000,2.282904,night720-repeat,600,39.4213,39.421300,2.2027,1
4,candidate,sky,1895.748973,0.527496,0.411400,1.098700,1.742400,451.973996,0.436335,0.442161,0.000000,0.000000,0.000000,0.000000,0.002421,0.000000,0.000000,0.000000,1.777620,night720-repeat,600,2.7677,1.448700,2.4306,0
4,candidate,translate,1196.135764,0.836026,0.669350,1.751400,2.208400,397.216834,0.716727,0.678691,41.228333,23682.750000,22078.183333,0.000000,0.003403,0.000000,0.000000,0.000000,1.995656,night720-repeat,600,2.6922,1.452000,2.5033,0
4,candidate,rotate,1106.471308,0.903774,0.813600,1.666000,2.221000,407.185466,0.779740,0.608703,41.503333,23165.943333,22304.370000,0.000000,0.003752,0.000000,0.000000,0.000000,1.878240,night720-repeat,600,2.7759,1.814700,2.2384,0
4,candidate,seam_edits,692.035057,1.445014,1.325750,2.301400,2.891800,312.430029,1.318015,0.858389,42.000000,22896.000000,22345.500000,0.000000,0.611437,2.000000,4.000000,167664.000000,2.197104,night720-repeat,600,3.7112,1.938300,3.3189,0
4,candidate,sky_moving,1716.069446,0.582727,0.451600,1.187600,1.879400,354.241451,0.491011,0.427732,0.000000,0.000000,0.000000,0.000000,0.002411,0.000000,0.000000,0.000000,1.322828,night720-repeat,600,3.9196,2.800500,3.2034,0
4,candidate,wall_moving,1330.457771,0.751621,0.618550,1.525100,2.256600,359.139502,0.643693,0.594129,26.816667,15183.423333,14600.740000,0.000000,0.003042,0.000000,0.000000,0.000000,2.231996,night720-repeat,600,3.3788,2.674900,3.0325,0
4,candidate,cloud_layer,1687.912325,0.592448,0.446800,1.224100,2.046300,456.110744,0.502485,0.411451,0.000000,0.000000,0.000000,0.000000,0.002249,0.000000,0.000000,0.000000,1.548508,night720-repeat,600,2.5066,2.127200,2.2273,0
4,base,underground,1159.468461,0.862464,0.615550,1.475600,1.900700,70.436424,0.603018,0.756622,42.000000,22890.000000,22344.000000,0.000000,0.003387,0.000000,0.000000,0.000000,2.606344,night720-repeat,600,74.5027,74.502700,2.2946,1
4,base,surface_still,1207.399670,0.828226,0.509650,1.332600,2.022800,48.495273,0.529751,0.733634,42.000000,22890.000000,22344.000000,0.000000,0.002795,0.000000,0.000000,0.000000,2.356952,night720-repeat,600,111.0335,111.033500,2.4378,1
4,base,overview,1424.201842,0.702148,0.512600,1.351500,1.989100,157.151987,0.553700,0.634051,48.000000,25464.000000,25601.000000,0.000000,0.002681,0.000000,0.000000,0.000000,2.084212,night720-repeat,600,26.4563,26.456300,2.6131,1
4,base,sky,1825.665942,0.547745,0.442000,1.064500,1.556500,536.130744,0.454793,0.438227,0.000000,0.000000,0.000000,0.000000,0.002432,0.000000,0.000000,0.000000,1.338688,night720-repeat,600,2.225,2.225000,2.0175,0
4,base,translate,1318.556418,0.758405,0.592400,1.516900,2.006500,267.398745,0.633479,0.686525,41.228333,23682.750000,22078.183333,0.000000,0.002799,0.000000,0.000000,0.000000,2.181712,night720-repeat,600,11.273,11.273000,2.3951,1
4,base,rotate,1417.237912,0.705598,0.577900,1.428600,1.908200,489.771930,0.609090,0.585280,41.503333,23165.943333,22304.370000,0.000000,0.002702,0.000000,0.000000,0.000000,1.821976,night720-repeat,600,2.2525,1.579900,1.9995,0
4,base,seam_edits,588.593124,1.698966,1.530450,2.769700,3.259400,274.959443,1.565610,0.891932,42.000000,22896.000000,22345.500000,0.000000,0.829196,2.000000,4.000000,167664.000000,2.453776,night720-repeat,600,4.2214,2.720500,3.6664,0
4,base,sky_moving,1702.586996,0.587341,0.450000,1.263900,1.672000,443.898614,0.482586,0.505463,0.000000,0.000000,0.000000,0.000000,0.002849,0.000000,0.000000,0.000000,1.961804,night720-repeat,600,3.202,1.458900,2.4452,0
4,base,wall_moving,1272.040487,0.786138,0.637000,1.499500,2.246400,412.073761,0.668564,0.581291,26.816667,15183.423333,14600.740000,0.000000,0.003375,0.000000,0.000000,0.000000,2.009644,night720-repeat,600,2.6686,1.713200,2.4534,0
4,base,cloud_layer,1770.599897,0.564780,0.446350,1.232300,1.743400,505.373808,0.466876,0.374088,0.000000,0.000000,0.000000,0.000000,0.002439,0.000000,0.000000,0.000000,1.033656,night720-repeat,600,2.282,0.936700,1.742,0
5,base,underground,983.521265,1.016755,0.671350,1.869500,2.394300,57.958415,0.702676,0.883296,42.000000,22890.000000,22344.000000,0.000000,0.003864,0.000000,0.000000,0.000000,3.360344,night720-repeat,600,89.1641,89.164100,3.0624,1
5,base,surface_still,1266.726062,0.789437,0.522150,1.311900,2.290100,61.534990,0.547702,0.722045,42.000000,22890.000000,22344.000000,0.000000,0.002723,0.000000,0.000000,0.000000,2.019628,night720-repeat,600,82.4042,82.404200,3.5962,1
5,base,overview,1465.511746,0.682356,0.513850,1.387600,1.946400,218.376372,0.555566,0.617651,48.000000,25464.000000,25601.000000,0.000000,0.002776,0.000000,0.000000,0.000000,1.903460,night720-repeat,600,16.2897,16.289700,2.8383,1
5,base,sky,1791.673199,0.558138,0.443350,1.176000,1.652200,506.282117,0.459876,0.431069,0.000000,0.000000,0.000000,0.000000,0.002560,0.000000,0.000000,0.000000,1.318148,night720-repeat,600,2.3762,1.635000,2.1387,0
5,base,translate,1197.329954,0.835192,0.648600,1.919100,2.865500,319.536459,0.704512,0.684683,41.228333,23682.750000,22078.183333,0.000000,0.003646,0.000000,0.000000,0.000000,2.173912,night720-repeat,600,3.4961,2.268000,3.0417,0
5,base,rotate,1285.893025,0.777670,0.645200,1.590100,2.037800,427.079700,0.659367,0.621346,41.503333,23165.943333,22304.370000,0.000000,0.003309,0.000000,0.000000,0.000000,1.962636,night720-repeat,600,2.733,2.733000,2.1647,0
5,base,seam_edits,496.003493,2.016115,1.874950,3.570000,4.247300,170.214215,1.858493,1.094073,42.000000,22896.000000,22345.500000,0.000000,0.982790,2.000000,4.000000,167664.000000,2.635880,night720-repeat,600,11.6867,3.121500,11.3228,1
5,base,sky_moving,1730.408674,0.577898,0.422200,1.259400,2.200900,287.089582,0.478346,0.469890,0.000000,0.000000,0.000000,0.000000,0.002466,0.000000,0.000000,0.000000,1.493232,night720-repeat,600,6.5684,0.999500,5.0323,1
5,base,wall_moving,1301.156598,0.768547,0.604750,1.499200,2.481700,319.138751,0.660731,0.565149,26.816667,15183.423333,14600.740000,0.000000,0.002987,0.000000,0.000000,0.000000,2.049112,night720-repeat,600,5.1497,3.439900,4.9064,1
5,base,cloud_layer,1866.756520,0.535689,0.419450,1.126800,1.617100,552.450579,0.444705,0.375188,0.000000,0.000000,0.000000,0.000000,0.002060,0.000000,0.000000,0.000000,1.293604,night720-repeat,600,2.1325,1.510700,1.9653,0
5,candidate,underground,1212.259581,0.824906,0.610650,1.628900,2.182900,124.788120,0.644490,0.743238,42.000000,22890.000000,22344.000000,0.000000,0.003504,0.000000,0.000000,0.000000,2.604940,night720-repeat,600,33.4316,33.431600,3.5062,1
5,candidate,surface_still,1249.171123,0.800531,0.538900,1.487200,2.040100,69.279585,0.560647,0.729282,42.000000,22890.000000,22344.000000,0.000000,0.003181,0.000000,0.000000,0.000000,2.050256,night720-repeat,600,74.5334,74.533400,2.4629,1
5,candidate,overview,1517.334024,0.659051,0.485200,1.308600,1.790800,137.713858,0.507816,0.600027,48.000000,25464.000000,25601.000000,0.000000,0.002991,0.000000,0.000000,0.000000,1.949428,night720-repeat,600,32.7571,32.757100,2.2071,1
5,candidate,sky,1738.237132,0.575296,0.442450,1.298900,1.887100,391.501801,0.480547,0.413249,0.000000,0.000000,0.000000,0.000000,0.002299,0.000000,0.000000,0.000000,1.176552,night720-repeat,600,3.5661,0.945300,3.3261,0
5,candidate,translate,1265.336938,0.790303,0.599950,1.655500,2.495300,178.086990,0.646713,0.705618,41.228333,23682.750000,22078.183333,0.000000,0.003185,0.000000,0.000000,0.000000,2.455700,night720-repeat,600,18.6648,18.664800,4.2412,1
5,candidate,rotate,1141.678061,0.875904,0.722600,1.836500,2.547500,344.780030,0.758746,0.589409,41.503333,23165.943333,22304.370000,0.000000,0.003702,0.000000,0.000000,0.000000,1.783444,night720-repeat,600,3.194,2.795300,2.7582,0
5,candidate,seam_edits,652.722981,1.532043,1.403450,2.446200,3.379400,246.480464,1.396426,0.849565,42.000000,22896.000000,22345.500000,0.000000,0.627116,2.000000,4.000000,167664.000000,2.307968,night720-repeat,600,6.3675,2.645900,6.0387,1
5,candidate,sky_moving,1726.581938,0.579179,0.442050,1.147400,1.872300,464.604854,0.488985,0.452884,0.000000,0.000000,0.000000,0.000000,0.002394,0.000000,0.000000,0.000000,1.492972,night720-repeat,600,2.4222,1.259500,2.1484,0
5,candidate,wall_moving,1391.543774,0.718626,0.584750,1.415500,2.096200,420.949241,0.620328,0.560817,26.816667,15183.423333,14600.740000,0.000000,0.003152,0.000000,0.000000,0.000000,1.835912,night720-repeat,600,3.0594,1.401000,2.5895,0
5,candidate,cloud_layer,1688.369721,0.592287,0.462750,1.239700,1.886200,472.854227,0.487290,0.364966,0.000000,0.000000,0.000000,0.000000,0.002849,0.000000,0.000000,0.000000,1.161784,night720-repeat,600,2.5581,0.759300,1.9234,0
