suite,batch,pair,variant,scenario,fps,frame_mean_ms,frame_median_ms,frame_p95_ms,frame_p99_ms,one_percent_low_fps,cpu_submit_mean_ms,gpu_mean_ms,terrain_draws,triangles,surface_blocks,queries,rebuild_mean_ms,chunks_rebuilt,upload_calls,upload_bytes,gpu_p99_ms,cloud_gpu_mean_ms,cloud_gpu_p95_ms,cloud_gpu_p99_ms,cloud_cpu_mean_ms,cloud_draws
diagnostic-dawn1080,dawn1080,1,base,surface_still,604.915910,1.653122,0.864750,1.862900,2.434300,14.809253,0.792861,1.567126,42.000000,22890.000000,22344.000000,0.000000,0.004636,0.000000,0.000000,0.000000,3.575572,0.227896,0.241540,0.267956,0.078026,1.000000
diagnostic-dawn1080,dawn1080,1,candidate,surface_still,650.826208,1.536508,0.877300,2.000500,2.887200,18.750873,0.834465,1.466372,42.000000,22890.000000,22344.000000,0.000000,0.005092,0.000000,0.000000,0.000000,3.306524,0.129011,0.120068,1.064648,0.085338,1.000000
diagnostic-dawn1080,dawn1080,2,candidate,surface_still,644.059395,1.552652,0.885650,1.816600,2.468700,17.987941,0.826784,1.466591,42.000000,22890.000000,22344.000000,0.000000,0.004702,0.000000,0.000000,0.000000,3.447028,0.114709,0.124072,0.168064,0.086414,1.000000
diagnostic-dawn1080,dawn1080,2,base,surface_still,552.337220,1.810488,0.914900,2.200400,3.035600,13.298524,0.852681,1.654230,42.000000,22890.000000,22344.000000,0.000000,0.004755,0.000000,0.000000,0.000000,5.650112,0.238647,0.252148,0.878436,0.086509,1.000000
diagnostic-dawn1080,dawn1080,3,base,surface_still,585.101844,1.709104,1.027800,2.087100,2.677700,17.011046,0.902117,1.629716,42.000000,22890.000000,22344.000000,0.000000,0.005547,0.000000,0.000000,0.000000,3.382704,0.237331,0.247780,0.277108,0.088461,1.000000
diagnostic-dawn1080,dawn1080,3,candidate,surface_still,621.525478,1.608945,1.182650,2.336400,3.379200,30.141560,1.086345,1.520443,42.000000,22890.000000,22344.000000,0.000000,0.005872,0.000000,0.000000,0.000000,2.862600,0.118725,0.129844,0.233272,0.130449,1.000000
dawn1080-final,dawn1080-final,1,base,surface_still,599.356231,1.668457,0.917200,1.940100,2.438800,15.671779,0.846008,1.579848,42.000000,22890.000000,22344.000000,0.000000,0.004101,0.000000,0.000000,0.000000,2.849080,0.230044,0.242112,0.253968,0.085073,1.000000
dawn1080-final,dawn1080-final,1,candidate,surface_still,627.302789,1.594126,0.838150,1.942000,2.830300,16.116425,0.795576,1.492139,42.000000,22890.000000,22344.000000,0.000000,0.005195,0.000000,0.000000,0.000000,3.413176,0.117359,0.118612,0.128648,0.081283,1.000000
dawn1080-final,dawn1080-final,2,candidate,surface_still,641.249804,1.559455,0.854100,1.722200,2.337600,16.758653,0.791255,1.464600,42.000000,22890.000000,22344.000000,0.000000,0.004424,0.000000,0.000000,0.000000,2.807792,0.115574,0.125372,0.170196,0.082795,1.000000
dawn1080-final,dawn1080-final,2,base,surface_still,585.624500,1.707579,0.892150,1.850800,2.487700,14.254910,0.809792,1.600393,42.000000,22890.000000,22344.000000,0.000000,0.004713,0.000000,0.000000,0.000000,3.242512,0.244010,0.245908,1.060852,0.081469,1.000000
dawn1080-final,dawn1080-final,3,base,surface_still,550.288883,1.817227,1.213900,2.466900,3.264800,20.554034,1.133311,1.661817,42.000000,22890.000000,22344.000000,0.000000,0.005902,0.000000,0.000000,0.000000,5.010096,0.244033,0.262132,0.564564,0.107819,1.000000
dawn1080-final,dawn1080-final,3,candidate,surface_still,626.534945,1.596080,1.109950,2.437500,3.282400,28.272641,1.068226,1.518301,42.000000,22890.000000,22344.000000,0.000000,0.006181,0.000000,0.000000,0.000000,2.933476,0.116784,0.129272,0.169936,0.122347,1.000000
diagnostic-day1080,day1080,1,base,underground,641.007013,1.560045,1.138300,2.548600,3.586300,35.347472,1.084063,1.444206,42.000000,22890.000000,22344.000000,0.000000,0.007363,0.000000,0.000000,0.000000,5.009368,0.239732,0.275236,0.523016,0.113745,1.000000
diagnostic-day1080,day1080,1,base,surface_still,607.880810,1.645059,0.877700,2.229000,3.260800,16.057817,0.786118,1.491311,42.000000,22890.000000,22344.000000,0.000000,0.005508,0.000000,0.000000,0.000000,5.417308,0.236007,0.253708,0.301756,0.041736,1.000000
diagnostic-day1080,day1080,1,base,overview,711.229122,1.406017,0.605250,1.941900,2.981600,16.041773,0.614409,1.307905,48.000000,25464.000000,25601.000000,0.000000,0.003987,0.000000,0.000000,0.000000,4.088448,0.202730,0.282464,0.295932,0.051319,1.000000
diagnostic-day1080,day1080,1,base,sky,612.425063,1.632853,0.872400,1.952300,2.630700,14.786593,0.711028,1.496493,0.000000,0.000000,0.000000,0.000000,0.004379,0.000000,0.000000,0.000000,6.448208,0.503965,0.939380,1.071304,0.005751,1.000000
diagnostic-day1080,day1080,1,base,translate,685.198390,1.459431,0.917800,2.118100,3.046700,23.002669,0.839270,1.363822,41.228333,23682.750000,22078.183333,0.000000,0.006593,0.000000,0.000000,0.000000,4.146324,0.238506,0.260832,1.076920,0.053338,1.000000
diagnostic-day1080,day1080,1,base,rotate,703.804061,1.420850,0.874400,2.157900,3.001200,24.877282,0.855749,1.325600,41.503333,23165.943333,22304.370000,0.000000,0.006089,0.000000,0.000000,0.000000,3.778112,0.249896,0.327184,0.366496,0.065047,1.000000
diagnostic-day1080,day1080,1,base,seam_edits,489.730594,2.041939,1.836100,3.529300,4.560900,173.063777,1.864312,1.452051,42.000000,22896.000000,22345.500000,0.000000,0.966710,2.000000,4.000000,167664.000000,3.650036,0.231957,0.261196,0.425360,0.054564,1.000000
diagnostic-day1080,day1080,1,base,sky_moving,1219.922803,0.819724,0.510300,1.495500,1.932200,55.137633,0.530479,0.763187,0.000000,0.000000,0.000000,0.000000,0.003361,0.000000,0.000000,0.000000,2.037568,0.273290,0.316004,0.398112,0.004272,1.000000
diagnostic-day1080,day1080,1,base,wall_moving,818.757628,1.221363,0.646550,1.538200,2.428700,21.615157,0.640587,1.151630,26.770000,15140.680000,14573.851667,0.000000,0.003878,0.000000,0.000000,0.000000,3.068052,0.225005,0.329680,0.340860,0.027473,1.000000
diagnostic-day1080,day1080,1,base,cloud_layer,602.738543,1.659094,0.717900,1.808900,2.818400,12.151603,0.648443,1.408924,0.000000,0.000000,0.000000,0.000000,0.004306,0.000000,0.000000,0.000000,7.684976,0.521377,1.306864,1.385748,0.005134,1.000000
diagnostic-day1080,day1080,1,candidate,underground,840.810710,1.189328,0.952650,2.056600,2.784100,84.476464,0.940183,1.111978,42.000000,22890.000000,22344.000000,0.000000,0.004762,0.000000,0.000000,0.000000,2.497144,0.109742,0.118664,0.126776,0.094946,1.000000
diagnostic-day1080,day1080,1,candidate,surface_still,733.782490,1.362802,0.777750,1.581500,2.104600,19.406359,0.643855,1.291833,42.000000,22890.000000,22344.000000,0.000000,0.004916,0.000000,0.000000,0.000000,2.620644,0.118146,0.125112,0.169624,0.034274,1.000000
diagnostic-day1080,day1080,1,candidate,overview,828.739813,1.206651,0.731500,1.777800,2.525400,27.594530,0.704008,1.079848,48.000000,25464.000000,25601.000000,0.000000,0.004792,0.000000,0.000000,0.000000,4.548752,0.001079,0.001560,0.002236,0.000630,0.000000
diagnostic-day1080,day1080,1,candidate,sky,1275.293317,0.784133,0.512050,1.703500,2.300200,109.663151,0.589168,0.742753,0.000000,0.000000,0.000000,0.000000,0.003366,0.000000,0.000000,0.000000,2.110628,0.267615,0.285688,0.302588,0.004955,1.000000
diagnostic-day1080,day1080,1,candidate,translate,609.368121,1.641044,0.884700,2.151300,3.079500,15.680158,0.803913,1.540879,41.228333,23682.750000,22078.183333,0.000000,0.004654,0.000000,0.000000,0.000000,3.895892,0.152614,0.172068,1.082172,0.046133,1.000000
diagnostic-day1080,day1080,1,candidate,rotate,882.618116,1.132993,0.931000,1.963200,2.513800,85.340494,0.883367,1.063247,41.503333,23165.943333,22304.370000,0.000000,0.005796,0.000000,0.000000,0.000000,2.575300,0.115142,0.119808,0.123968,0.067621,1.000000
diagnostic-day1080,day1080,1,candidate,seam_edits,365.246170,2.737880,2.653250,4.426200,5.626600,158.461445,2.457460,2.287484,42.000000,22896.000000,22345.500000,0.000000,1.190067,2.000000,4.000000,167664.000000,6.505980,0.208701,0.278304,1.680848,0.080679,1.000000
diagnostic-day1080,day1080,1,candidate,sky_moving,1211.828904,0.825199,0.602400,1.481600,2.064800,100.082401,0.615983,0.773849,0.000000,0.000000,0.000000,0.000000,0.004436,0.000000,0.000000,0.000000,2.196948,0.275752,0.298792,0.317720,0.005378,1.000000
diagnostic-day1080,day1080,1,candidate,wall_moving,960.606950,1.041009,0.663700,1.672000,2.328100,42.943213,0.707096,0.991072,26.770000,15140.680000,14573.851667,0.000000,0.003374,0.000000,0.000000,0.000000,2.357732,0.109325,0.118248,0.129116,0.035507,1.000000
diagnostic-day1080,day1080,1,candidate,cloud_layer,823.685573,1.214056,0.792800,1.866500,2.531600,30.143029,0.723253,1.131216,0.000000,0.000000,0.000000,0.000000,0.004414,0.000000,0.000000,0.000000,3.338972,0.446947,0.578188,0.600080,0.006570,1.000000
diagnostic-day1080,day1080,2,candidate,underground,627.571080,1.593445,0.929000,1.807500,2.323100,17.453814,0.809588,1.491030,42.000000,22890.000000,22344.000000,0.000000,0.004248,0.000000,0.000000,0.000000,3.702348,0.148931,0.203008,0.207688,0.081734,1.000000
diagnostic-day1080,day1080,2,candidate,surface_still,679.116763,1.472501,0.604550,1.613500,2.010200,13.351474,0.583841,1.377614,42.000000,22890.000000,22344.000000,0.000000,0.003253,0.000000,0.000000,0.000000,4.673708,0.128980,0.159224,0.216944,0.030315,1.000000
diagnostic-day1080,day1080,2,candidate,overview,849.124574,1.177683,0.715600,1.770000,2.467700,29.110274,0.692666,1.093652,48.000000,25464.000000,25601.000000,0.000000,0.004700,0.000000,0.000000,0.000000,4.167436,0.001107,0.001612,0.002340,0.000593,0.000000
diagnostic-day1080,day1080,2,candidate,sky,1127.814461,0.886671,0.589250,1.371000,1.983800,46.982656,0.566181,0.834970,0.000000,0.000000,0.000000,0.000000,0.003595,0.000000,0.000000,0.000000,4.442360,0.267477,0.282828,0.302848,0.005140,1.000000
diagnostic-day1080,day1080,2,candidate,translate,804.075807,1.243664,0.823300,2.078800,3.144700,39.810872,0.868839,1.191096,41.228333,23682.750000,22078.183333,0.000000,0.005586,0.000000,0.000000,0.000000,2.971800,0.114242,0.122408,0.142272,0.059316,1.000000
diagnostic-day1080,day1080,2,candidate,rotate,932.952875,1.071865,0.702000,1.651600,2.161500,39.786506,0.702873,1.032620,41.503333,23165.943333,22304.370000,0.000000,0.003343,0.000000,0.000000,0.000000,2.691364,0.111456,0.118300,0.123552,0.049756,1.000000
diagnostic-day1080,day1080,2,candidate,seam_edits,526.252408,1.900229,1.762750,2.982500,3.677200,216.594769,1.754924,1.234531,42.000000,22896.000000,22345.500000,0.000000,0.916887,2.000000,4.000000,167664.000000,2.824432,0.107657,0.119912,0.126516,0.051971,1.000000
diagnostic-day1080,day1080,2,candidate,sky_moving,1297.810809,0.770528,0.522400,1.284700,1.905200,64.148414,0.522908,0.737006,0.000000,0.000000,0.000000,0.000000,0.003289,0.000000,0.000000,0.000000,1.893528,0.273436,0.302432,0.317304,0.005245,1.000000
diagnostic-day1080,day1080,2,candidate,wall_moving,979.939815,1.020471,0.662650,1.672800,2.263200,41.690697,0.685138,0.980285,26.770000,15140.680000,14573.851667,0.000000,0.003160,0.000000,0.000000,0.000000,2.347748,0.109275,0.117780,0.129688,0.031375,1.000000
diagnostic-day1080,day1080,2,candidate,cloud_layer,1376.586918,0.726434,0.513550,1.382700,2.206500,97.084865,0.536584,0.679211,0.000000,0.000000,0.000000,0.000000,0.002550,0.000000,0.000000,0.000000,1.882452,0.280690,0.313560,0.327444,0.004122,1.000000
diagnostic-day1080,day1080,2,base,underground,776.204870,1.288320,0.816050,1.986800,2.590200,29.571407,0.811228,1.242089,42.000000,22890.000000,22344.000000,0.000000,0.004219,0.000000,0.000000,0.000000,2.842528,0.229035,0.244452,0.256880,0.083026,1.000000
diagnostic-day1080,day1080,2,base,surface_still,658.640980,1.518278,0.672400,1.624000,2.193200,13.219228,0.582822,1.443740,42.000000,22890.000000,22344.000000,0.000000,0.003829,0.000000,0.000000,0.000000,3.309800,0.242000,0.283296,0.424944,0.029331,1.000000
diagnostic-day1080,day1080,2,base,overview,769.353965,1.299792,0.544150,1.588900,2.403900,16.788303,0.581633,1.245504,48.000000,25464.000000,25601.000000,0.000000,0.003921,0.000000,0.000000,0.000000,2.859116,0.201280,0.221624,0.254696,0.046183,1.000000
diagnostic-day1080,day1080,2,base,sky,1301.953647,0.768077,0.456600,1.176900,2.386200,48.121883,0.471830,0.726928,0.000000,0.000000,0.000000,0.000000,0.002640,0.000000,0.000000,0.000000,2.051504,0.270271,0.283660,0.300612,0.003706,1.000000
diagnostic-day1080,day1080,2,base,translate,745.314024,1.341716,0.648750,1.597600,2.280100,17.133248,0.637017,1.287630,41.228333,23682.750000,22078.183333,0.000000,0.003693,0.000000,0.000000,0.000000,2.952040,0.236805,0.241176,0.302588,0.034727,1.000000
diagnostic-day1080,day1080,2,base,rotate,802.709412,1.245781,0.717850,1.901900,2.670200,25.603758,0.721338,1.198898,41.503333,23165.943333,22304.370000,0.000000,0.004211,0.000000,0.000000,0.000000,2.733900,0.235827,0.249132,0.283556,0.051502,1.000000
diagnostic-day1080,day1080,2,base,seam_edits,440.303666,2.271160,2.120450,3.768600,4.500900,209.675841,2.078146,1.430295,42.000000,22896.000000,22345.500000,0.000000,1.072620,2.000000,4.000000,167664.000000,4.648384,0.221034,0.253968,0.265928,0.064545,1.000000
diagnostic-day1080,day1080,2,base,sky_moving,982.690883,1.017614,0.814000,1.875500,2.583000,90.339541,0.765346,0.874657,0.000000,0.000000,0.000000,0.000000,0.006360,0.000000,0.000000,0.000000,5.135936,0.270206,0.300560,0.319852,0.006859,1.000000
diagnostic-day1080,day1080,2,base,wall_moving,747.147577,1.338424,0.760500,1.982900,2.719300,23.373998,0.773170,1.218342,26.770000,15140.680000,14573.851667,0.000000,0.004655,0.000000,0.000000,0.000000,4.245748,0.226661,0.239252,0.253916,0.037020,1.000000
diagnostic-day1080,day1080,2,base,cloud_layer,1262.849228,0.791860,0.505950,1.519500,2.105300,59.124776,0.521311,0.720620,0.000000,0.000000,0.000000,0.000000,0.003462,0.000000,0.000000,0.000000,2.639312,0.288792,0.371072,0.404664,0.004662,1.000000
diagnostic-day1080,day1080,3,base,underground,699.356697,1.429886,0.919000,2.023000,2.809200,26.664439,0.893885,1.329480,42.000000,22890.000000,22344.000000,0.000000,0.005253,0.000000,0.000000,0.000000,5.461664,0.233489,0.248820,0.265980,0.091826,1.000000
diagnostic-day1080,day1080,3,base,surface_still,638.113363,1.567120,0.772700,2.130300,2.982900,16.020973,0.811704,1.481284,42.000000,22890.000000,22344.000000,0.000000,0.005640,0.000000,0.000000,0.000000,4.152408,0.248466,0.244660,0.334932,0.044414,1.000000
diagnostic-day1080,day1080,3,base,overview,666.252258,1.500933,0.771300,2.089500,2.898800,16.973020,0.747899,1.307798,48.000000,25464.000000,25601.000000,0.000000,0.005371,0.000000,0.000000,0.000000,4.745884,0.199798,0.224120,0.265928,0.067555,1.000000
diagnostic-day1080,day1080,3,base,sky,1251.634165,0.798955,0.527700,1.333400,1.899100,55.770064,0.524247,0.758665,0.000000,0.000000,0.000000,0.000000,0.002863,0.000000,0.000000,0.000000,2.015052,0.276446,0.292916,0.313768,0.004522,1.000000
diagnostic-day1080,day1080,3,base,translate,728.363772,1.372940,0.754000,1.881800,2.749800,20.484653,0.736133,1.302512,41.228333,23682.750000,22078.183333,0.000000,0.004829,0.000000,0.000000,0.000000,2.740868,0.242133,0.244920,1.030848,0.045571,1.000000
diagnostic-day1080,day1080,3,base,rotate,802.292417,1.246428,0.738800,1.860300,2.620300,27.374148,0.745542,1.188345,41.503333,23165.943333,22304.370000,0.000000,0.003933,0.000000,0.000000,0.000000,2.608528,0.233866,0.244452,0.266656,0.048423,1.000000
diagnostic-day1080,day1080,3,base,seam_edits,429.905518,2.326093,2.203400,3.484600,4.284400,210.093597,2.129681,1.549739,42.000000,22896.000000,22345.500000,0.000000,1.100842,2.000000,4.000000,167664.000000,4.027244,0.253667,0.367536,0.745368,0.069093,1.000000
diagnostic-day1080,day1080,3,base,sky_moving,1154.831314,0.865927,0.516400,1.511500,2.345500,50.865778,0.562417,0.785786,0.000000,0.000000,0.000000,0.000000,0.003465,0.000000,0.000000,0.000000,2.346084,0.277053,0.333372,0.473460,0.004611,1.000000
diagnostic-day1080,day1080,3,base,wall_moving,664.520708,1.504844,0.969200,2.439600,3.208400,28.108140,0.963306,1.316343,26.770000,15140.680000,14573.851667,0.000000,0.006937,0.000000,0.000000,0.000000,4.237636,0.242338,0.313664,0.348088,0.046870,1.000000
diagnostic-day1080,day1080,3,base,cloud_layer,1387.825532,0.720552,0.486050,1.229000,1.926400,70.990123,0.495268,0.683371,0.000000,0.000000,0.000000,0.000000,0.002937,0.000000,0.000000,0.000000,1.728376,0.283330,0.316004,0.328900,0.004268,1.000000
diagnostic-day1080,day1080,3,candidate,underground,797.677694,1.253639,0.865950,1.986600,2.680000,38.225472,0.846304,1.178133,42.000000,22890.000000,22344.000000,0.000000,0.004780,0.000000,0.000000,0.000000,2.778516,0.115016,0.125424,0.217204,0.089785,1.000000
diagnostic-day1080,day1080,3,candidate,surface_still,712.648912,1.403216,0.729150,1.641800,2.449200,16.607677,0.618592,1.308487,42.000000,22890.000000,22344.000000,0.000000,0.004381,0.000000,0.000000,0.000000,2.797340,0.120464,0.124904,0.376844,0.032189,1.000000
diagnostic-day1080,day1080,3,candidate,overview,854.100794,1.170822,0.605150,1.679300,2.624800,23.160586,0.598829,1.082403,48.000000,25464.000000,25601.000000,0.000000,0.004410,0.000000,0.000000,0.000000,2.864836,0.001127,0.001560,0.002080,0.000622,0.000000
diagnostic-day1080,day1080,3,candidate,sky,1155.116560,0.865714,0.517900,1.416600,1.918700,44.739994,0.546078,0.781850,0.000000,0.000000,0.000000,0.000000,0.003292,0.000000,0.000000,0.000000,2.573272,0.274671,0.358332,0.396084,0.005136,1.000000
diagnostic-day1080,day1080,3,candidate,translate,748.376024,1.336227,0.693400,1.761000,2.611800,20.634383,0.717932,1.216401,41.228333,23682.750000,22078.183333,0.000000,0.004274,0.000000,0.000000,0.000000,3.455972,0.117354,0.149344,0.152568,0.042112,1.000000
diagnostic-day1080,day1080,3,candidate,rotate,819.497596,1.220260,0.768600,1.856900,2.528100,29.908078,0.754206,1.106700,41.503333,23165.943333,22304.370000,0.000000,0.004122,0.000000,0.000000,0.000000,2.965404,0.115776,0.149916,0.167804,0.051854,1.000000
diagnostic-day1080,day1080,3,candidate,seam_edits,504.794623,1.981004,1.802050,3.324800,4.242200,205.837553,1.819607,1.354607,42.000000,22896.000000,22345.500000,0.000000,0.942051,2.000000,4.000000,167664.000000,3.327168,0.122103,0.168688,0.804700,0.056299,1.000000
diagnostic-day1080,day1080,3,candidate,sky_moving,1138.481471,0.878363,0.541950,1.415900,2.202300,47.599139,0.558047,0.812407,0.000000,0.000000,0.000000,0.000000,0.003373,0.000000,0.000000,0.000000,2.201004,0.294430,0.397696,0.402532,0.004507,1.000000
diagnostic-day1080,day1080,3,candidate,wall_moving,906.727099,1.102868,0.673100,1.698100,2.308500,33.271190,0.693777,1.032788,26.770000,15140.680000,14573.851667,0.000000,0.003474,0.000000,0.000000,0.000000,2.735408,0.112328,0.132652,0.134784,0.031202,1.000000
diagnostic-day1080,day1080,3,candidate,cloud_layer,1305.164121,0.766187,0.519100,1.376200,2.312000,73.045841,0.532506,0.701992,0.000000,0.000000,0.000000,0.000000,0.004228,0.000000,0.000000,0.000000,2.047240,0.288277,0.389636,0.392860,0.004884,1.000000
day1080-final,day1080-final,1,base,underground,777.675024,1.285884,0.941100,1.928900,2.721600,37.535588,0.874912,1.212330,42.000000,22890.000000,22344.000000,0.000000,0.003706,0.000000,0.000000,0.000000,2.661152,0.225415,0.246584,0.262860,0.091460,1.000000
day1080-final,day1080-final,1,base,surface_still,685.482162,1.458827,0.720500,1.512500,2.075000,15.011379,0.593853,1.373955,42.000000,22890.000000,22344.000000,0.000000,0.003887,0.000000,0.000000,0.000000,2.866344,0.233839,0.246116,0.704132,0.028757,1.000000
day1080-final,day1080-final,1,base,overview,789.889623,1.266000,0.553000,1.531400,2.380800,17.007468,0.559166,1.192740,48.000000,25464.000000,25601.000000,0.000000,0.003180,0.000000,0.000000,0.000000,2.654652,0.195685,0.206752,0.225836,0.042552,1.000000
day1080-final,day1080-final,1,base,sky,1307.176157,0.765008,0.469300,1.149400,1.897300,53.879214,0.495777,0.719642,0.000000,0.000000,0.000000,0.000000,0.002054,0.000000,0.000000,0.000000,1.815944,0.266795,0.289848,0.302276,0.003972,1.000000
day1080-final,day1080-final,1,base,translate,747.686471,1.337459,0.641400,1.446400,2.203400,16.823754,0.621719,1.257899,41.228333,23682.750000,22078.183333,0.000000,0.003283,0.000000,0.000000,0.000000,2.704572,0.225106,0.242684,0.270816,0.033659,1.000000
day1080-final,day1080-final,1,base,rotate,827.837641,1.207966,0.758600,1.727000,2.164800,27.462983,0.716046,1.141439,41.503333,23165.943333,22304.370000,0.000000,0.003410,0.000000,0.000000,0.000000,2.478944,0.227886,0.244556,0.260052,0.045404,1.000000
day1080-final,day1080-final,1,base,seam_edits,577.416268,1.731853,1.550450,2.849500,3.508100,244.667273,1.586082,1.345264,42.000000,22896.000000,22345.500000,0.000000,0.835568,2.000000,4.000000,167664.000000,2.673684,0.221953,0.250432,0.265876,0.049776,1.000000
day1080-final,day1080-final,1,base,sky_moving,1314.142185,0.760953,0.474850,1.207400,1.866000,56.622096,0.486613,0.717509,0.000000,0.000000,0.000000,0.000000,0.002635,0.000000,0.000000,0.000000,1.805960,0.268205,0.290628,0.304668,0.003926,1.000000
day1080-final,day1080-final,1,base,wall_moving,869.862610,1.149607,0.642600,1.448300,2.280200,24.639109,0.637294,1.091409,26.770000,15140.680000,14573.851667,0.000000,0.002790,0.000000,0.000000,0.000000,2.340624,0.223368,0.241852,0.252564,0.027634,1.000000
day1080-final,day1080-final,1,base,cloud_layer,1069.111463,0.935356,0.750050,1.596700,2.536000,96.804328,0.735868,0.666575,0.000000,0.000000,0.000000,0.000000,0.005571,0.000000,0.000000,0.000000,1.845428,0.274304,0.309088,0.320268,0.006803,1.000000
day1080-final,day1080-final,1,candidate,underground,858.730650,1.164509,0.836950,1.787900,2.978900,46.350157,0.828147,1.100064,42.000000,22890.000000,22344.000000,0.000000,0.004197,0.000000,0.000000,0.000000,2.365636,0.113264,0.118924,0.126880,0.088272,1.000000
day1080-final,day1080-final,1,candidate,surface_still,740.166883,1.351047,0.699450,1.682900,2.299100,17.865086,0.631389,1.271492,42.000000,22890.000000,22344.000000,0.000000,0.003368,0.000000,0.000000,0.000000,2.524496,0.112259,0.117260,0.126412,0.031937,1.000000
day1080-final,day1080-final,1,candidate,overview,913.808376,1.094321,0.598400,1.598500,2.547000,27.623584,0.600790,1.019888,48.000000,25464.000000,25601.000000,0.000000,0.004537,0.000000,0.000000,0.000000,2.341092,0.001066,0.001508,0.001976,0.000558,0.000000
day1080-final,day1080-final,1,candidate,sky,1297.355643,0.770799,0.464350,1.312900,1.992000,51.401329,0.488422,0.721558,0.000000,0.000000,0.000000,0.000000,0.002663,0.000000,0.000000,0.000000,1.820260,0.268152,0.300768,0.302588,0.004242,1.000000
day1080-final,day1080-final,1,candidate,translate,812.549887,1.230694,0.638300,1.566800,2.578000,21.592334,0.632476,1.158778,41.228333,23682.750000,22078.183333,0.000000,0.004092,0.000000,0.000000,0.000000,2.442856,0.118131,0.117260,0.132600,0.037458,1.000000
day1080-final,day1080-final,1,candidate,rotate,919.652702,1.087367,0.700400,1.805600,2.712800,40.295987,0.726113,1.022044,41.503333,23165.943333,22304.370000,0.000000,0.003721,0.000000,0.000000,0.000000,2.409368,0.114720,0.118248,0.123448,0.050896,1.000000
day1080-final,day1080-final,1,candidate,seam_edits,542.931395,1.841853,1.699500,2.937000,3.948700,228.590587,1.687406,1.202960,42.000000,22896.000000,22345.500000,0.000000,0.889206,2.000000,4.000000,167664.000000,2.485496,0.109279,0.118976,0.132340,0.050621,1.000000
day1080-final,day1080-final,1,candidate,sky_moving,1279.966141,0.781271,0.501600,1.298700,2.446400,57.634673,0.519887,0.731282,0.000000,0.000000,0.000000,0.000000,0.002958,0.000000,0.000000,0.000000,1.875120,0.271221,0.299780,0.315848,0.004586,1.000000
day1080-final,day1080-final,1,candidate,wall_moving,960.637402,1.040975,0.700650,1.599700,2.520500,42.404115,0.706566,0.984799,26.770000,15140.680000,14573.851667,0.000000,0.003339,0.000000,0.000000,0.000000,2.307240,0.112031,0.117364,0.126568,0.033991,1.000000
day1080-final,day1080-final,1,candidate,cloud_layer,1407.372049,0.710544,0.488300,1.286100,2.153500,89.358451,0.507799,0.671208,0.000000,0.000000,0.000000,0.000000,0.002886,0.000000,0.000000,0.000000,1.849172,0.279523,0.314652,0.337688,0.004238,1.000000
day1080-final,day1080-final,2,candidate,underground,841.875682,1.187824,0.850300,1.982500,2.447300,48.485279,0.855282,1.119064,42.000000,22890.000000,22344.000000,0.000000,0.003972,0.000000,0.000000,0.000000,2.476500,0.113226,0.120536,0.130208,0.092370,1.000000
day1080-final,day1080-final,2,candidate,surface_still,621.771452,1.608308,0.786850,2.034300,3.081100,14.764197,0.742583,1.511503,42.000000,22890.000000,22344.000000,0.000000,0.004720,0.000000,0.000000,0.000000,5.266872,0.129375,0.121576,0.634036,0.038968,1.000000
day1080-final,day1080-final,2,candidate,overview,790.655402,1.264773,0.618200,1.617100,2.120000,19.096543,0.567359,1.170039,48.000000,25464.000000,25601.000000,0.000000,0.004060,0.000000,0.000000,0.000000,3.287388,0.001230,0.001976,0.002912,0.000510,0.000000
day1080-final,day1080-final,2,candidate,sky,1286.424852,0.777348,0.461750,1.304200,1.695600,53.477890,0.503080,0.731178,0.000000,0.000000,0.000000,0.000000,0.002655,0.000000,0.000000,0.000000,1.902420,0.269592,0.292136,0.314548,0.004247,1.000000
day1080-final,day1080-final,2,candidate,translate,818.791483,1.221312,0.671350,1.622300,2.385700,22.925693,0.664657,1.153701,41.228333,23682.750000,22078.183333,0.000000,0.003374,0.000000,0.000000,0.000000,2.737436,0.117858,0.116688,0.336544,0.039263,1.000000
day1080-final,day1080-final,2,candidate,rotate,814.932829,1.227095,0.795050,2.421900,3.935000,40.855737,0.839283,1.178243,41.503333,23165.943333,22304.370000,0.000000,0.005315,0.000000,0.000000,0.000000,4.551872,0.117401,0.119080,0.133536,0.058114,1.000000
day1080-final,day1080-final,2,candidate,seam_edits,346.793928,2.883557,2.147200,3.855400,4.791600,16.428877,1.948079,2.765639,42.000000,22896.000000,22345.500000,0.000000,1.060660,2.000000,4.000000,167664.000000,8.883316,0.284012,0.378196,3.035968,0.060618,1.000000
day1080-final,day1080-final,2,candidate,sky_moving,1264.456158,0.790854,0.503900,1.339400,1.799700,55.076138,0.506934,0.753233,0.000000,0.000000,0.000000,0.000000,0.003269,0.000000,0.000000,0.000000,2.317224,0.275240,0.292760,0.304564,0.004775,1.000000
day1080-final,day1080-final,2,candidate,wall_moving,822.987015,1.215086,0.936950,2.509000,3.521200,110.037027,0.976335,1.042547,26.770000,15140.680000,14573.851667,0.000000,0.004942,0.000000,0.000000,0.000000,2.838992,0.109692,0.119808,0.127088,0.042177,1.000000
day1080-final,day1080-final,2,candidate,cloud_layer,1115.092404,0.896787,0.510550,1.976500,3.178700,52.293688,0.609639,0.744076,0.000000,0.000000,0.000000,0.000000,0.003261,0.000000,0.000000,0.000000,3.051360,0.280426,0.303940,0.318032,0.004976,1.000000
day1080-final,day1080-final,2,base,underground,739.966425,1.351413,0.869550,1.945400,2.868100,27.513861,0.852597,1.281990,42.000000,22890.000000,22344.000000,0.000000,0.003786,0.000000,0.000000,0.000000,3.170544,0.231182,0.251836,0.314444,0.083832,1.000000
day1080-final,day1080-final,2,base,surface_still,627.475062,1.593689,0.652050,1.692400,2.387400,12.351143,0.603271,1.514658,42.000000,22890.000000,22344.000000,0.000000,0.003392,0.000000,0.000000,0.000000,3.631316,0.247951,0.286780,0.584740,0.028717,1.000000
day1080-final,day1080-final,2,base,overview,726.603195,1.376267,0.853350,2.950100,3.826600,33.831846,0.907590,1.310745,48.000000,25464.000000,25601.000000,0.000000,0.005069,0.000000,0.000000,0.000000,3.967340,0.201014,0.225628,0.284024,0.072932,1.000000
day1080-final,day1080-final,2,base,sky,1157.510565,0.863923,0.667750,1.804800,2.397000,131.480337,0.654160,0.798036,0.000000,0.000000,0.000000,0.000000,0.004668,0.000000,0.000000,0.000000,3.100188,0.276438,0.301236,0.318344,0.005356,1.000000
day1080-final,day1080-final,2,base,translate,688.781924,1.451838,0.909800,3.251100,4.322600,44.317336,1.042220,1.379967,41.228333,23682.750000,22078.183333,0.000000,0.005622,0.000000,0.000000,0.000000,3.686280,0.244333,0.260156,0.281892,0.054360,1.000000
day1080-final,day1080-final,2,base,rotate,753.547703,1.327056,0.920550,2.929600,3.892600,57.827758,1.004673,1.252418,41.503333,23165.943333,22304.370000,0.000000,0.004518,0.000000,0.000000,0.000000,3.770988,0.243164,0.270296,0.280904,0.062550,1.000000
day1080-final,day1080-final,2,base,seam_edits,509.707464,1.961910,1.719200,3.421000,4.578700,189.845181,1.778368,1.638167,42.000000,22896.000000,22345.500000,0.000000,0.878876,2.000000,4.000000,167664.000000,5.855720,0.258463,0.298532,1.131104,0.056431,1.000000
day1080-final,day1080-final,2,base,sky_moving,1059.210764,0.944099,0.635800,2.278700,3.731400,118.821293,0.729423,0.858150,0.000000,0.000000,0.000000,0.000000,0.004569,0.000000,0.000000,0.000000,3.677596,0.274227,0.328692,0.331500,0.005649,1.000000
day1080-final,day1080-final,2,base,wall_moving,765.375924,1.306547,0.979500,2.082500,3.382000,42.857633,0.936836,1.197043,26.770000,15140.680000,14573.851667,0.000000,0.007916,0.000000,0.000000,0.000000,4.772924,0.229360,0.245856,0.281996,0.048030,1.000000
day1080-final,day1080-final,2,base,cloud_layer,782.803375,1.277460,0.662800,2.264200,3.426200,23.500400,0.637516,1.216705,0.000000,0.000000,0.000000,0.000000,0.004604,0.000000,0.000000,0.000000,8.370804,0.423575,0.979056,1.190072,0.005174,1.000000
day1080-final,day1080-final,3,base,underground,678.472158,1.473900,1.237300,2.476600,3.510600,62.750085,1.144185,1.368235,42.000000,22890.000000,22344.000000,0.000000,0.006417,0.000000,0.000000,0.000000,5.732220,0.230824,0.246844,0.263224,0.122376,1.000000
day1080-final,day1080-final,3,base,surface_still,610.340573,1.638429,0.762800,1.679700,2.361100,13.044922,0.677020,1.520909,42.000000,22890.000000,22344.000000,0.000000,0.005487,0.000000,0.000000,0.000000,4.310280,0.253888,0.245544,0.287092,0.034812,1.000000
day1080-final,day1080-final,3,base,overview,730.193235,1.369500,0.711950,1.837500,2.396100,19.213471,0.714249,1.294609,48.000000,25464.000000,25601.000000,0.000000,0.004595,0.000000,0.000000,0.000000,2.685644,0.210719,0.240708,0.276068,0.060360,1.000000
day1080-final,day1080-final,3,base,sky,710.501112,1.407457,0.751500,1.782500,2.373400,18.914360,0.689521,1.302249,0.000000,0.000000,0.000000,0.000000,0.004483,0.000000,0.000000,0.000000,3.572816,0.457659,0.631956,0.686504,0.006063,1.000000
day1080-final,day1080-final,3,base,translate,666.667481,1.499998,0.711050,1.533300,2.347400,14.658848,0.668878,1.427033,41.228333,23682.750000,22078.183333,0.000000,0.003735,0.000000,0.000000,0.000000,4.638608,0.252499,0.418184,0.710060,0.040019,1.000000
day1080-final,day1080-final,3,base,rotate,743.259841,1.345424,1.030550,2.391000,3.083000,52.283846,0.975037,1.242085,41.503333,23165.943333,22304.370000,0.000000,0.006726,0.000000,0.000000,0.000000,3.480672,0.239344,0.262548,0.478608,0.073065,1.000000
day1080-final,day1080-final,3,base,seam_edits,479.978843,2.083425,1.912300,3.672200,4.387100,204.779555,1.911085,1.559929,42.000000,22896.000000,22345.500000,0.000000,0.949336,2.000000,4.000000,167664.000000,4.035512,0.249015,0.260000,0.868764,0.060877,1.000000
day1080-final,day1080-final,3,base,sky_moving,1092.669481,0.915190,0.589450,2.244900,3.680800,88.008930,0.685653,0.853627,0.000000,0.000000,0.000000,0.000000,0.004352,0.000000,0.000000,0.000000,3.928600,0.273603,0.303888,0.315952,0.005145,1.000000
day1080-final,day1080-final,3,base,wall_moving,845.518905,1.182706,0.625250,1.456100,2.170100,22.135345,0.618942,1.122477,26.770000,15140.680000,14573.851667,0.000000,0.003437,0.000000,0.000000,0.000000,2.432456,0.226998,0.241540,0.252200,0.027127,1.000000
day1080-final,day1080-final,3,base,cloud_layer,1392.152068,0.718312,0.462700,1.183300,2.095200,62.019222,0.470355,0.674573,0.000000,0.000000,0.000000,0.000000,0.002551,0.000000,0.000000,0.000000,1.787344,0.280939,0.308984,0.328900,0.003652,1.000000
day1080-final,day1080-final,3,candidate,underground,760.236875,1.315379,1.151150,2.639100,3.373300,243.880629,1.154256,1.109306,42.000000,22890.000000,22344.000000,0.000000,0.005367,0.000000,0.000000,0.000000,2.451644,0.111731,0.121888,0.128804,0.159962,1.000000
day1080-final,day1080-final,3,candidate,surface_still,719.030115,1.390762,0.816650,1.685000,2.283500,20.739953,0.689740,1.311897,42.000000,22890.000000,22344.000000,0.000000,0.004258,0.000000,0.000000,0.000000,2.422160,0.112924,0.118456,0.128960,0.037860,1.000000
day1080-final,day1080-final,3,candidate,overview,892.530944,1.120409,0.616100,1.542700,2.346400,25.361614,0.605811,1.047406,48.000000,25464.000000,25601.000000,0.000000,0.003807,0.000000,0.000000,0.000000,2.386748,0.001125,0.001560,0.002340,0.000549,0.000000
day1080-final,day1080-final,3,candidate,sky,1271.523448,0.786458,0.511500,1.444400,2.042100,63.528567,0.532009,0.740942,0.000000,0.000000,0.000000,0.000000,0.003256,0.000000,0.000000,0.000000,1.950364,0.269508,0.289744,0.298844,0.004653,1.000000
day1080-final,day1080-final,3,candidate,translate,774.334127,1.291432,0.995200,2.243000,2.827400,49.140613,0.938149,1.209259,41.228333,23682.750000,22078.183333,0.000000,0.004732,0.000000,0.000000,0.000000,2.960464,0.129477,0.119184,0.993304,0.056891,1.000000
day1080-final,day1080-final,3,candidate,rotate,851.217894,1.174787,0.715450,1.636400,2.553600,29.218664,0.705944,1.080227,41.503333,23165.943333,22304.370000,0.000000,0.004042,0.000000,0.000000,0.000000,2.600156,0.115504,0.130104,0.143156,0.049510,1.000000
day1080-final,day1080-final,3,candidate,seam_edits,519.275327,1.925761,1.810350,3.020100,3.918100,229.881534,1.770492,1.418138,42.000000,22896.000000,22345.500000,0.000000,0.906109,2.000000,4.000000,167664.000000,3.079440,0.130810,0.143364,0.655512,0.053260,1.000000
day1080-final,day1080-final,3,candidate,sky_moving,1038.878109,0.962577,0.560500,1.397000,1.956000,34.246419,0.544336,0.894701,0.000000,0.000000,0.000000,0.000000,0.003334,0.000000,0.000000,0.000000,2.923180,0.323210,0.580892,0.586404,0.004597,1.000000
day1080-final,day1080-final,3,candidate,wall_moving,849.278778,1.177470,0.932500,2.039300,2.702900,56.192613,0.866167,1.029783,26.770000,15140.680000,14573.851667,0.000000,0.005514,0.000000,0.000000,0.000000,2.899676,0.110431,0.121992,0.128440,0.043824,1.000000
day1080-final,day1080-final,3,candidate,cloud_layer,1359.175180,0.735740,0.481600,1.216800,1.922100,58.987248,0.477622,0.689994,0.000000,0.000000,0.000000,0.000000,0.003045,0.000000,0.000000,0.000000,1.731444,0.287233,0.319072,0.350428,0.004231,1.000000
diagnostic-day1080,day1080-repeat,1,base,underground,733.579645,1.363178,1.076450,2.261000,2.778900,49.444247,0.992844,1.286944,42.000000,22890.000000,22344.000000,0.000000,0.005127,0.000000,0.000000,0.000000,2.706912,0.232453,0.262340,0.446888,0.099745,1.000000
diagnostic-day1080,day1080-repeat,1,base,surface_still,640.598165,1.561041,0.884300,2.163500,3.265100,17.857021,0.809801,1.474081,42.000000,22890.000000,22344.000000,0.000000,0.005461,0.000000,0.000000,0.000000,3.391908,0.249932,0.246168,1.117012,0.039488,1.000000
diagnostic-day1080,day1080-repeat,1,base,overview,750.114392,1.333130,0.698000,1.750800,2.423900,20.208008,0.681951,1.257261,48.000000,25464.000000,25601.000000,0.000000,0.004719,0.000000,0.000000,0.000000,2.929992,0.203162,0.221728,0.260000,0.061256,1.000000
diagnostic-day1080,day1080-repeat,1,base,sky,1189.669387,0.840570,0.490000,1.273200,1.768300,40.378155,0.484595,0.790425,0.000000,0.000000,0.000000,0.000000,0.003292,0.000000,0.000000,0.000000,2.164552,0.290293,0.422240,0.471068,0.004682,1.000000
diagnostic-day1080,day1080-repeat,1,base,translate,719.779085,1.389315,0.883250,2.009400,2.715500,26.301220,0.847189,1.326269,41.228333,23682.750000,22078.183333,0.000000,0.005173,0.000000,0.000000,0.000000,3.180996,0.236302,0.244036,0.320424,0.048851,1.000000
diagnostic-day1080,day1080-repeat,1,base,rotate,775.488163,1.289510,0.838700,2.459300,3.371700,42.799669,0.913681,1.217072,41.503333,23165.943333,22304.370000,0.000000,0.005418,0.000000,0.000000,0.000000,2.876224,0.237840,0.250432,0.267852,0.061703,1.000000
diagnostic-day1080,day1080-repeat,1,base,seam_edits,536.602075,1.863578,1.761850,2.914800,3.534600,234.452846,1.718089,1.351038,42.000000,22896.000000,22345.500000,0.000000,0.911689,2.000000,4.000000,167664.000000,2.719288,0.226387,0.241488,0.510172,0.047857,1.000000
diagnostic-day1080,day1080-repeat,1,base,sky_moving,1292.048646,0.773965,0.510700,1.332700,1.902700,67.860100,0.536948,0.731769,0.000000,0.000000,0.000000,0.000000,0.003078,0.000000,0.000000,0.000000,1.855828,0.270841,0.288496,0.303368,0.004471,1.000000
diagnostic-day1080,day1080-repeat,1,base,wall_moving,851.383974,1.174558,0.649200,1.539200,1.968000,23.954037,0.646263,1.114405,26.770000,15140.680000,14573.851667,0.000000,0.003218,0.000000,0.000000,0.000000,2.521168,0.225879,0.238732,0.245336,0.029461,1.000000
diagnostic-day1080,day1080-repeat,1,base,cloud_layer,1372.028501,0.728848,0.500000,1.295500,2.004500,88.794832,0.535304,0.667795,0.000000,0.000000,0.000000,0.000000,0.002793,0.000000,0.000000,0.000000,1.729780,0.280082,0.308620,0.327288,0.004334,1.000000
diagnostic-day1080,day1080-repeat,1,candidate,underground,837.053805,1.194666,0.859950,1.816800,2.352700,45.019054,0.836566,1.127413,42.000000,22890.000000,22344.000000,0.000000,0.004344,0.000000,0.000000,0.000000,2.340156,0.112955,0.120068,0.124852,0.086334,1.000000
diagnostic-day1080,day1080-repeat,1,candidate,surface_still,727.556695,1.374463,0.747450,1.709900,2.758100,18.846843,0.667285,1.295526,42.000000,22890.000000,22344.000000,0.000000,0.004050,0.000000,0.000000,0.000000,2.665936,0.116702,0.118560,0.128024,0.033780,1.000000
diagnostic-day1080,day1080-repeat,1,candidate,overview,904.778406,1.105243,0.636900,1.894300,2.724600,36.380989,0.696527,1.043738,48.000000,25464.000000,25601.000000,0.000000,0.004010,0.000000,0.000000,0.000000,2.341820,0.001107,0.001560,0.002652,0.000619,0.000000
diagnostic-day1080,day1080-repeat,1,candidate,sky,1122.242720,0.891073,0.494500,1.435900,2.284600,37.349342,0.506388,0.835641,0.000000,0.000000,0.000000,0.000000,0.003030,0.000000,0.000000,0.000000,2.612116,0.304742,0.538720,0.579488,0.004538,1.000000
diagnostic-day1080,day1080-repeat,1,candidate,translate,655.722871,1.525035,0.826200,1.953200,2.793600,17.459681,0.766985,1.429062,41.228333,23682.750000,22078.183333,0.000000,0.004248,0.000000,0.000000,0.000000,3.865732,0.146230,0.165880,1.162356,0.045701,1.000000
diagnostic-day1080,day1080-repeat,1,candidate,rotate,891.718874,1.121430,0.747150,2.034500,2.629000,41.776184,0.755964,1.053080,41.503333,23165.943333,22304.370000,0.000000,0.004318,0.000000,0.000000,0.000000,2.547272,0.114067,0.120536,0.128908,0.051470,1.000000
diagnostic-day1080,day1080-repeat,1,candidate,seam_edits,507.990436,1.968541,1.811750,3.252000,4.090500,212.864841,1.810111,1.256919,42.000000,22896.000000,22345.500000,0.000000,0.910226,2.000000,4.000000,167664.000000,2.815280,0.111783,0.126256,0.130364,0.055392,1.000000
diagnostic-day1080,day1080-repeat,1,candidate,sky_moving,966.387901,1.034781,0.828950,1.979300,3.071100,92.649641,0.783738,0.958705,0.000000,0.000000,0.000000,0.000000,0.004637,0.000000,0.000000,0.000000,2.764268,0.344422,0.349648,0.357968,0.005948,1.000000
diagnostic-day1080,day1080-repeat,1,candidate,wall_moving,406.401776,2.460619,0.857500,1.966300,3.628700,6.697356,0.753392,2.311824,26.770000,15140.680000,14573.851667,0.000000,0.004723,0.000000,0.000000,0.000000,7.218900,0.219082,0.310700,0.338312,0.035048,1.000000
diagnostic-day1080,day1080-repeat,1,candidate,cloud_layer,1163.239762,0.859668,0.707650,1.935600,2.607000,238.329785,0.705578,0.687931,0.000000,0.000000,0.000000,0.000000,0.003520,0.000000,0.000000,0.000000,1.972152,0.285675,0.319956,0.346528,0.004949,1.000000
diagnostic-day1080,day1080-repeat,2,candidate,underground,853.010994,1.172318,0.825150,1.769000,2.466300,43.351442,0.813283,1.111556,42.000000,22890.000000,22344.000000,0.000000,0.003874,0.000000,0.000000,0.000000,2.355236,0.110848,0.118300,0.123552,0.086148,1.000000
diagnostic-day1080,day1080-repeat,2,candidate,surface_still,714.120701,1.400324,0.610650,1.467900,2.211100,14.462459,0.546082,1.325820,42.000000,22890.000000,22344.000000,0.000000,0.003564,0.000000,0.000000,0.000000,2.674880,0.116031,0.142428,0.198692,0.028122,1.000000
diagnostic-day1080,day1080-repeat,2,candidate,overview,943.021687,1.060421,0.594200,1.715200,2.281200,30.101442,0.602907,1.018996,48.000000,25464.000000,25601.000000,0.000000,0.003630,0.000000,0.000000,0.000000,2.192892,0.001066,0.001456,0.001820,0.000500,0.000000
diagnostic-day1080,day1080-repeat,2,candidate,sky,1307.550187,0.764789,0.456350,1.147100,1.568600,47.126575,0.464626,0.735766,0.000000,0.000000,0.000000,0.000000,0.002654,0.000000,0.000000,0.000000,1.679964,0.274882,0.290212,0.300664,0.004189,1.000000
diagnostic-day1080,day1080-repeat,2,candidate,translate,821.070081,1.217923,0.602800,1.582200,2.341500,20.611764,0.619102,1.163792,41.228333,23682.750000,22078.183333,0.000000,0.003158,0.000000,0.000000,0.000000,2.646072,0.119887,0.117468,0.419952,0.035854,1.000000
diagnostic-day1080,day1080-repeat,2,candidate,rotate,922.686698,1.083792,0.684100,1.589900,2.339800,34.775331,0.688770,1.036174,41.503333,23165.943333,22304.370000,0.000000,0.003370,0.000000,0.000000,0.000000,2.148276,0.115833,0.121004,0.126048,0.051688,1.000000
diagnostic-day1080,day1080-repeat,2,candidate,seam_edits,547.811980,1.825444,1.633550,2.898400,3.624000,210.235674,1.684810,1.220620,42.000000,22896.000000,22345.500000,0.000000,0.911740,2.000000,4.000000,167664.000000,2.292836,0.110082,0.122824,0.136396,0.045892,1.000000
diagnostic-day1080,day1080-repeat,2,candidate,sky_moving,1301.446449,0.768376,0.474500,1.240600,1.873500,54.698710,0.498448,0.732917,0.000000,0.000000,0.000000,0.000000,0.002776,0.000000,0.000000,0.000000,1.710436,0.274504,0.287144,0.297752,0.004596,1.000000
diagnostic-day1080,day1080-repeat,2,candidate,wall_moving,974.907664,1.025738,0.655050,1.729300,2.414900,43.778301,0.694605,0.991208,26.770000,15140.680000,14573.851667,0.000000,0.003688,0.000000,0.000000,0.000000,2.117960,0.111171,0.116740,0.122304,0.030981,1.000000
diagnostic-day1080,day1080-repeat,2,candidate,cloud_layer,1307.123190,0.765039,0.598250,1.578900,2.283300,270.645761,0.624286,0.693188,0.000000,0.000000,0.000000,0.000000,0.003725,0.000000,0.000000,0.000000,1.863316,0.288541,0.315744,0.339924,0.005299,1.000000
diagnostic-day1080,day1080-repeat,2,base,underground,755.000367,1.324503,0.857400,2.134400,3.048700,34.862601,0.895773,1.272015,42.000000,22890.000000,22344.000000,0.000000,0.004642,0.000000,0.000000,0.000000,2.752620,0.234840,0.248248,0.273104,0.087835,1.000000
diagnostic-day1080,day1080-repeat,2,base,surface_still,689.495241,1.450336,0.667200,1.884500,2.533400,15.907453,0.656205,1.403196,42.000000,22890.000000,22344.000000,0.000000,0.003856,0.000000,0.000000,0.000000,2.801292,0.234499,0.240500,0.260936,0.030337,1.000000
diagnostic-day1080,day1080-repeat,2,base,overview,781.796239,1.279106,0.566450,1.493000,2.093400,17.155974,0.571292,1.222546,48.000000,25464.000000,25601.000000,0.000000,0.003253,0.000000,0.000000,0.000000,2.679924,0.203154,0.216320,0.245596,0.043444,1.000000
diagnostic-day1080,day1080-repeat,2,base,sky,1296.789797,0.771135,0.457700,1.250800,1.746000,49.687342,0.483446,0.737962,0.000000,0.000000,0.000000,0.000000,0.002513,0.000000,0.000000,0.000000,1.917396,0.276684,0.284700,0.292552,0.003870,1.000000
diagnostic-day1080,day1080-repeat,2,base,translate,746.936533,1.338802,0.704900,1.601600,2.212000,19.377492,0.684276,1.297569,41.228333,23682.750000,22078.183333,0.000000,0.003857,0.000000,0.000000,0.000000,2.859948,0.236541,0.242736,0.260052,0.039713,1.000000
diagnostic-day1080,day1080-repeat,2,base,rotate,822.890510,1.215229,0.736200,1.704700,2.318700,27.236429,0.729758,1.157850,41.503333,23165.943333,22304.370000,0.000000,0.003849,0.000000,0.000000,0.000000,2.626936,0.235814,0.247468,0.274976,0.049991,1.000000
diagnostic-day1080,day1080-repeat,2,base,seam_edits,542.837624,1.842171,1.704250,2.905200,3.704900,230.856246,1.703743,1.319583,42.000000,22896.000000,22345.500000,0.000000,0.909264,2.000000,4.000000,167664.000000,2.423876,0.216844,0.233220,0.247156,0.046276,1.000000
diagnostic-day1080,day1080-repeat,2,base,sky_moving,1299.607367,0.769463,0.484100,1.288000,2.010400,54.448091,0.499144,0.740789,0.000000,0.000000,0.000000,0.000000,0.002397,0.000000,0.000000,0.000000,1.740804,0.277332,0.302380,0.304252,0.003838,1.000000
diagnostic-day1080,day1080-repeat,2,base,wall_moving,842.082453,1.187532,0.886800,2.061700,2.975500,51.826406,0.863716,1.153272,26.770000,15140.680000,14573.851667,0.000000,0.005861,0.000000,0.000000,0.000000,2.422108,0.232617,0.245856,0.261144,0.041831,1.000000
diagnostic-day1080,day1080-repeat,2,base,cloud_layer,1335.014265,0.749056,0.519550,1.686300,2.187500,170.196833,0.586762,0.674424,0.000000,0.000000,0.000000,0.000000,0.003238,0.000000,0.000000,0.000000,1.791088,0.281890,0.313092,0.327756,0.004968,1.000000
diagnostic-day1080,day1080-repeat,3,base,underground,780.248072,1.281644,0.837200,1.853300,2.605800,31.239831,0.819297,1.239918,42.000000,22890.000000,22344.000000,0.000000,0.004058,0.000000,0.000000,0.000000,2.369068,0.233666,0.242008,0.249184,0.083636,1.000000
diagnostic-day1080,day1080-repeat,3,base,surface_still,683.457003,1.463150,0.632500,1.626400,2.600400,14.208989,0.592537,1.413535,42.000000,22890.000000,22344.000000,0.000000,0.003566,0.000000,0.000000,0.000000,2.567084,0.236575,0.240968,0.537992,0.028356,1.000000
diagnostic-day1080,day1080-repeat,3,base,overview,738.656726,1.353809,0.575250,1.625300,2.139800,15.780902,0.580740,1.279894,48.000000,25464.000000,25601.000000,0.000000,0.004000,0.000000,0.000000,0.000000,2.712840,0.205263,0.251316,0.264368,0.048037,1.000000
diagnostic-day1080,day1080-repeat,3,base,sky,1278.617593,0.782095,0.474750,1.220400,2.143700,47.528028,0.477047,0.735633,0.000000,0.000000,0.000000,0.000000,0.003046,0.000000,0.000000,0.000000,1.674088,0.271426,0.283504,0.294008,0.004047,1.000000
diagnostic-day1080,day1080-repeat,3,base,translate,723.487354,1.382194,0.681200,1.654500,2.527400,17.552102,0.680407,1.311451,41.228333,23682.750000,22078.183333,0.000000,0.004354,0.000000,0.000000,0.000000,2.817516,0.236077,0.241228,0.284388,0.038154,1.000000
diagnostic-day1080,day1080-repeat,3,base,rotate,664.517028,1.504852,0.763200,1.948800,2.747100,16.992844,0.764533,1.397338,41.503333,23165.943333,22304.370000,0.000000,0.003856,0.000000,0.000000,0.000000,4.145440,0.261588,0.389532,0.444912,0.051458,1.000000
diagnostic-day1080,day1080-repeat,3,base,seam_edits,500.927634,1.996296,1.861600,3.191100,3.803200,236.784467,1.842884,1.350852,42.000000,22896.000000,22345.500000,0.000000,0.979373,2.000000,4.000000,167664.000000,2.543268,0.217255,0.243256,0.261664,0.054019,1.000000
diagnostic-day1080,day1080-repeat,3,base,sky_moving,1246.972196,0.801942,0.573450,1.365900,2.287800,84.754741,0.581460,0.754468,0.000000,0.000000,0.000000,0.000000,0.003859,0.000000,0.000000,0.000000,1.768624,0.275472,0.292760,0.297180,0.004983,1.000000
diagnostic-day1080,day1080-repeat,3,base,wall_moving,833.050328,1.200408,0.746250,1.788500,2.591800,31.233228,0.759712,1.122644,26.770000,15140.680000,14573.851667,0.000000,0.004433,0.000000,0.000000,0.000000,2.397772,0.227021,0.238212,0.246948,0.034256,1.000000
diagnostic-day1080,day1080-repeat,3,base,cloud_layer,1296.952378,0.771038,0.530550,1.487900,1.944000,105.115811,0.581725,0.682099,0.000000,0.000000,0.000000,0.000000,0.003637,0.000000,0.000000,0.000000,1.708876,0.281296,0.321464,0.330772,0.005009,1.000000
diagnostic-day1080,day1080-repeat,3,candidate,underground,765.271861,1.306725,1.005200,2.270800,2.826500,53.954457,0.977273,1.176893,42.000000,22890.000000,22344.000000,0.000000,0.005305,0.000000,0.000000,0.000000,4.232020,0.110128,0.121160,0.127348,0.103246,1.000000
diagnostic-day1080,day1080-repeat,3,candidate,surface_still,729.783359,1.370270,0.690350,1.677300,2.346200,17.317952,0.616574,1.287728,42.000000,22890.000000,22344.000000,0.000000,0.004162,0.000000,0.000000,0.000000,2.407028,0.119258,0.118300,0.126204,0.033351,1.000000
diagnostic-day1080,day1080-repeat,3,candidate,overview,880.780748,1.135356,0.680650,1.757900,2.525400,30.808777,0.667996,1.054420,48.000000,25464.000000,25601.000000,0.000000,0.005382,0.000000,0.000000,0.000000,2.388412,0.001176,0.001716,0.002860,0.000761,0.000000
diagnostic-day1080,day1080-repeat,3,candidate,sky,1243.837820,0.803963,0.614000,1.566100,2.688200,199.157564,0.636034,0.754565,0.000000,0.000000,0.000000,0.000000,0.005543,0.000000,0.000000,0.000000,1.801332,0.274227,0.290888,0.306852,0.005559,1.000000
diagnostic-day1080,day1080-repeat,3,candidate,translate,762.885906,1.310812,0.827200,1.999600,2.563100,28.198377,0.799669,1.201625,41.228333,23682.750000,22078.183333,0.000000,0.005616,0.000000,0.000000,0.000000,3.742752,0.128454,0.119704,0.130156,0.053446,1.000000
diagnostic-day1080,day1080-repeat,3,candidate,rotate,784.932437,1.273995,0.935000,2.171200,3.035100,54.057414,0.931299,1.153879,41.503333,23165.943333,22304.370000,0.000000,0.005962,0.000000,0.000000,0.000000,4.556084,0.125827,0.124176,0.129220,0.078115,1.000000
diagnostic-day1080,day1080-repeat,3,candidate,seam_edits,457.354721,2.186487,2.064900,3.576000,4.663300,194.988788,2.009436,1.265812,42.000000,22896.000000,22345.500000,0.000000,1.050587,2.000000,4.000000,167664.000000,2.851420,0.106655,0.119080,0.124072,0.063443,1.000000
diagnostic-day1080,day1080-repeat,3,candidate,sky_moving,1105.047674,0.904938,0.763350,1.705800,3.292800,211.272069,0.744099,0.781592,0.000000,0.000000,0.000000,0.000000,0.005177,0.000000,0.000000,0.000000,2.379884,0.275107,0.359424,0.361296,0.007522,1.000000
diagnostic-day1080,day1080-repeat,3,candidate,wall_moving,885.771629,1.128959,0.768300,1.699500,2.508700,40.854430,0.760948,1.038578,26.770000,15140.680000,14573.851667,0.000000,0.004889,0.000000,0.000000,0.000000,2.669472,0.112184,0.119392,0.123708,0.035714,1.000000
diagnostic-day1080,day1080-repeat,3,candidate,cloud_layer,1247.360533,0.801693,0.522250,1.564200,2.274600,73.277431,0.561538,0.721600,0.000000,0.000000,0.000000,0.000000,0.003445,0.000000,0.000000,0.000000,2.175108,0.292587,0.327912,0.354796,0.004673,1.000000
diagnostic-day720,day720,1,base,underground,503.957791,1.984293,0.845150,1.888700,2.433400,9.915615,0.753906,1.883302,42.000000,22890.000000,22344.000000,0.000000,0.004301,0.000000,0.000000,0.000000,7.321132,0.265977,0.412776,0.480012,0.076721,1.000000
diagnostic-day720,day720,1,base,surface_still,1306.792380,0.765233,0.515850,1.436600,2.200700,93.079103,0.569059,0.722959,42.000000,22890.000000,22344.000000,0.000000,0.003062,0.000000,0.000000,0.000000,2.205372,0.109596,0.181272,0.221416,0.026863,1.000000
diagnostic-day720,day720,1,base,overview,1485.941875,0.672974,0.520600,1.515700,2.244900,415.015252,0.567225,0.567074,48.000000,25464.000000,25601.000000,0.000000,0.002771,0.000000,0.000000,0.000000,1.801384,0.083854,0.090168,0.098176,0.043810,1.000000
diagnostic-day720,day720,1,base,sky,1714.776630,0.583166,0.445950,1.182500,1.809400,516.640117,0.488018,0.363045,0.000000,0.000000,0.000000,0.000000,0.002413,0.000000,0.000000,0.000000,1.212432,0.121652,0.142480,0.145808,0.004423,1.000000
diagnostic-day720,day720,1,base,translate,1371.886703,0.728923,0.585550,1.426500,1.909500,449.519015,0.626269,0.588608,41.228333,23682.750000,22078.183333,0.000000,0.002675,0.000000,0.000000,0.000000,1.638884,0.098380,0.111436,0.120588,0.033425,1.000000
diagnostic-day720,day720,1,base,rotate,1270.112496,0.787332,0.629100,1.580000,2.150600,424.325146,0.681657,0.527200,41.503333,23165.943333,22304.370000,0.000000,0.003193,0.000000,0.000000,0.000000,1.399528,0.097889,0.109928,0.119080,0.044113,1.000000
diagnostic-day720,day720,1,base,seam_edits,574.083681,1.741906,1.570550,2.784100,3.280300,261.004607,1.613018,0.743558,42.000000,22896.000000,22345.500000,0.000000,0.875503,2.000000,4.000000,167664.000000,2.106728,0.110993,0.132340,0.137540,0.041703,1.000000
diagnostic-day720,day720,1,base,sky_moving,1810.695416,0.552274,0.440150,1.104400,1.671600,497.442317,0.459856,0.490882,0.000000,0.000000,0.000000,0.000000,0.002642,0.000000,0.000000,0.000000,1.809236,0.165461,0.229372,0.231400,0.003891,1.000000
diagnostic-day720,day720,1,base,wall_moving,1489.625133,0.671310,0.551700,1.278700,2.009900,419.647915,0.577966,0.519781,26.816667,15183.423333,14600.740000,0.000000,0.002788,0.000000,0.000000,0.000000,1.421056,0.098366,0.111800,0.117572,0.024310,1.000000
diagnostic-day720,day720,1,base,cloud_layer,1740.251762,0.574630,0.442100,1.177800,1.690300,429.132366,0.473508,0.331690,0.000000,0.000000,0.000000,0.000000,0.002463,0.000000,0.000000,0.000000,1.199692,0.123659,0.142272,0.153504,0.004131,1.000000
diagnostic-day720,day720,1,candidate,underground,1136.047996,0.880245,0.737050,1.756400,2.144500,416.452656,0.763720,0.543824,42.000000,22890.000000,22344.000000,0.000000,0.003776,0.000000,0.000000,0.000000,1.540032,0.052111,0.060840,0.065936,0.077407,1.000000
diagnostic-day720,day720,1,candidate,surface_still,1455.779250,0.686917,0.546300,1.337500,2.009200,378.761576,0.583381,0.597144,42.000000,22890.000000,22344.000000,0.000000,0.002764,0.000000,0.000000,0.000000,1.515956,0.050642,0.052884,0.057408,0.030076,1.000000
diagnostic-day720,day720,1,candidate,overview,1549.565967,0.645342,0.545300,1.274400,1.717100,401.286793,0.537539,0.477164,48.000000,25464.000000,25601.000000,0.000000,0.003212,0.000000,0.000000,0.000000,1.381588,0.001094,0.001352,0.001560,0.000455,0.000000
diagnostic-day720,day720,1,candidate,sky,1590.043782,0.628913,0.510350,1.240300,1.891800,413.001280,0.523718,0.349030,0.000000,0.000000,0.000000,0.000000,0.002922,0.000000,0.000000,0.000000,1.103700,0.117062,0.131768,0.141180,0.004859,1.000000
diagnostic-day720,day720,1,candidate,translate,1418.792905,0.704824,0.594100,1.417100,1.793900,471.153620,0.600766,0.590717,41.228333,23682.750000,22078.183333,0.000000,0.003165,0.000000,0.000000,0.000000,1.739816,0.062239,0.058552,0.062504,0.034507,1.000000
diagnostic-day720,day720,1,candidate,rotate,1254.270268,0.797276,0.670300,1.534600,2.085800,414.281670,0.690721,0.483643,41.503333,23165.943333,22304.370000,0.000000,0.003082,0.000000,0.000000,0.000000,1.432132,0.050297,0.051324,0.060112,0.044728,1.000000
diagnostic-day720,day720,1,candidate,seam_edits,578.605874,1.728292,1.589250,2.657000,3.358300,260.719935,1.597644,0.671804,42.000000,22896.000000,22345.500000,0.000000,0.853749,2.000000,4.000000,167664.000000,1.645904,0.056961,0.066040,0.067548,0.043645,1.000000
diagnostic-day720,day720,1,candidate,sky_moving,1756.709239,0.569246,0.464850,1.185400,1.772300,517.835104,0.474098,0.448109,0.000000,0.000000,0.000000,0.000000,0.002595,0.000000,0.000000,0.000000,1.581320,0.149041,0.214968,0.215852,0.004192,1.000000
diagnostic-day720,day720,1,candidate,wall_moving,1278.684626,0.782054,0.652100,1.503900,2.190200,397.009197,0.669598,0.476428,26.816667,15183.423333,14600.740000,0.000000,0.003146,0.000000,0.000000,0.000000,1.393340,0.051411,0.055692,0.061308,0.029683,1.000000
diagnostic-day720,day720,1,candidate,cloud_layer,1559.974385,0.641036,0.515950,1.174600,1.809600,483.286347,0.539927,0.329475,0.000000,0.000000,0.000000,0.000000,0.002673,0.000000,0.000000,0.000000,1.087788,0.122271,0.132964,0.150852,0.004430,1.000000
diagnostic-day720,day720,2,candidate,underground,1248.420228,0.801012,0.648950,1.592000,1.942500,423.752754,0.699141,0.533179,42.000000,22890.000000,22344.000000,0.000000,0.002894,0.000000,0.000000,0.000000,1.477840,0.052820,0.059332,0.063180,0.070718,1.000000
diagnostic-day720,day720,2,candidate,surface_still,1434.985129,0.696871,0.538400,1.372900,2.104300,307.643400,0.586711,0.593654,42.000000,22890.000000,22344.000000,0.000000,0.002857,0.000000,0.000000,0.000000,1.520948,0.052998,0.054340,0.061412,0.030350,1.000000
diagnostic-day720,day720,2,candidate,overview,1490.717674,0.670818,0.554350,1.243200,1.792600,506.119832,0.564303,0.487841,48.000000,25464.000000,25601.000000,0.000000,0.003080,0.000000,0.000000,0.000000,1.450384,0.001107,0.001404,0.001820,0.000473,0.000000
diagnostic-day720,day720,2,candidate,sky,1765.874476,0.566292,0.452450,1.063200,1.658700,528.201562,0.469834,0.354827,0.000000,0.000000,0.000000,0.000000,0.002469,0.000000,0.000000,0.000000,1.082536,0.120296,0.155220,0.156780,0.003938,1.000000
diagnostic-day720,day720,2,candidate,translate,1401.196388,0.713676,0.613650,1.363000,1.843500,444.985019,0.609932,0.555107,41.228333,23682.750000,22078.183333,0.000000,0.003056,0.000000,0.000000,0.000000,1.677676,0.050751,0.057200,0.060892,0.036041,1.000000
diagnostic-day720,day720,2,candidate,rotate,1282.724987,0.779590,0.644250,1.437800,2.049300,414.579375,0.678606,0.488564,41.503333,23165.943333,22304.370000,0.000000,0.002748,0.000000,0.000000,0.000000,1.440764,0.049495,0.056004,0.060788,0.044179,1.000000
diagnostic-day720,day720,2,candidate,seam_edits,597.881884,1.672571,1.529800,2.576500,3.088200,311.723937,1.548036,0.630400,42.000000,22896.000000,22345.500000,0.000000,0.848672,2.000000,4.000000,167664.000000,1.527604,0.052128,0.060840,0.064272,0.041767,1.000000
diagnostic-day720,day720,2,candidate,sky_moving,1656.546090,0.603666,0.466950,1.239600,1.824800,266.161551,0.509086,0.372380,0.000000,0.000000,0.000000,0.000000,0.002343,0.000000,0.000000,0.000000,1.135316,0.128003,0.164424,0.166296,0.003923,1.000000
diagnostic-day720,day720,2,candidate,wall_moving,1423.036494,0.702723,0.579550,1.392800,1.840600,398.869869,0.600371,0.467307,26.816667,15183.423333,14600.740000,0.000000,0.002806,0.000000,0.000000,0.000000,1.311440,0.049822,0.053872,0.060112,0.028016,1.000000
diagnostic-day720,day720,2,candidate,cloud_layer,1835.287813,0.544874,0.444750,1.050000,1.744000,475.586557,0.450767,0.335197,0.000000,0.000000,0.000000,0.000000,0.002400,0.000000,0.000000,0.000000,1.122680,0.124499,0.153920,0.160368,0.003810,1.000000
diagnostic-day720,day720,2,base,underground,1186.489679,0.842822,0.672050,1.659800,2.091900,436.423942,0.732453,0.581643,42.000000,22890.000000,22344.000000,0.000000,0.003245,0.000000,0.000000,0.000000,1.509352,0.099477,0.115492,0.122044,0.073367,1.000000
diagnostic-day720,day720,2,base,surface_still,1355.435057,0.737770,0.570000,1.496700,2.624100,336.946145,0.630728,0.649987,42.000000,22890.000000,22344.000000,0.000000,0.002622,0.000000,0.000000,0.000000,1.667796,0.100788,0.106444,0.117000,0.030564,1.000000
diagnostic-day720,day720,2,base,overview,1590.450089,0.628753,0.492850,1.195600,1.546600,219.016470,0.508655,0.589392,48.000000,25464.000000,25601.000000,0.000000,0.002653,0.000000,0.000000,0.000000,1.586104,0.087138,0.093860,0.100048,0.039237,1.000000
diagnostic-day720,day720,2,base,sky,1708.930415,0.585161,0.456600,1.208300,1.663500,502.012232,0.488099,0.347561,0.000000,0.000000,0.000000,0.000000,0.002547,0.000000,0.000000,0.000000,0.725088,0.118547,0.137644,0.138684,0.003953,1.000000
diagnostic-day720,day720,2,base,translate,1215.250913,0.822875,0.666900,1.655800,2.387400,365.519342,0.702977,0.649448,41.228333,23682.750000,22078.183333,0.000000,0.003564,0.000000,0.000000,0.000000,2.391480,0.106808,0.142844,0.146328,0.040351,1.000000
diagnostic-day720,day720,2,base,rotate,1294.900961,0.772260,0.630800,1.458300,1.895400,476.758045,0.662970,0.532779,41.503333,23165.943333,22304.370000,0.000000,0.003218,0.000000,0.000000,0.000000,1.506856,0.098437,0.099892,0.114504,0.040723,1.000000
diagnostic-day720,day720,2,base,seam_edits,497.806086,2.008814,1.735750,3.401500,4.220800,122.093165,1.860332,0.862549,42.000000,22896.000000,22345.500000,0.000000,1.001613,2.000000,4.000000,167664.000000,1.980888,0.128956,0.139048,0.141128,0.049839,1.000000
diagnostic-day720,day720,2,base,sky_moving,1583.087141,0.631677,0.480950,1.272300,1.921600,333.813654,0.522078,0.371692,0.000000,0.000000,0.000000,0.000000,0.002809,0.000000,0.000000,0.000000,1.200004,0.125938,0.191100,0.192504,0.004136,1.000000
diagnostic-day720,day720,2,base,wall_moving,1431.567153,0.698535,0.590150,1.321000,1.761900,500.250125,0.595084,0.497905,26.816667,15183.423333,14600.740000,0.000000,0.002872,0.000000,0.000000,0.000000,1.366508,0.098825,0.098436,0.112840,0.025335,1.000000
diagnostic-day720,day720,2,base,cloud_layer,1803.930765,0.554345,0.450600,1.042500,1.527500,588.004704,0.460485,0.322809,0.000000,0.000000,0.000000,0.000000,0.002366,0.000000,0.000000,0.000000,1.118780,0.121514,0.129688,0.135096,0.003926,1.000000
diagnostic-day720,day720,3,base,underground,1112.681641,0.898730,0.748000,1.634600,2.274400,370.658660,0.779137,0.632907,42.000000,22890.000000,22344.000000,0.000000,0.003806,0.000000,0.000000,0.000000,2.087852,0.106565,0.205452,0.209196,0.077363,1.000000
diagnostic-day720,day720,3,base,surface_still,1385.351113,0.721839,0.580950,1.289000,1.839200,171.482466,0.578517,0.665001,42.000000,22890.000000,22344.000000,0.000000,0.002915,0.000000,0.000000,0.000000,1.853384,0.104654,0.112216,0.121212,0.027757,1.000000
diagnostic-day720,day720,3,base,overview,1488.378000,0.671872,0.525050,1.324800,2.168300,230.805627,0.549032,0.592258,48.000000,25464.000000,25601.000000,0.000000,0.003028,0.000000,0.000000,0.000000,2.148276,0.085409,0.092716,0.097760,0.044010,1.000000
diagnostic-day720,day720,3,base,sky,1726.775233,0.579114,0.470350,1.088100,1.957400,454.204801,0.480160,0.393259,0.000000,0.000000,0.000000,0.000000,0.002505,0.000000,0.000000,0.000000,1.295112,0.132906,0.138112,0.139048,0.004049,1.000000
diagnostic-day720,day720,3,base,translate,1452.387471,0.688521,0.568200,1.433200,2.085700,433.576136,0.584615,0.640382,41.228333,23682.750000,22078.183333,0.000000,0.002752,0.000000,0.000000,0.000000,1.933568,0.107879,0.150020,0.152932,0.031683,1.000000
diagnostic-day720,day720,3,base,rotate,1290.904459,0.774651,0.638950,1.521600,2.065200,430.437683,0.666159,0.580300,41.503333,23165.943333,22304.370000,0.000000,0.003414,0.000000,0.000000,0.000000,1.823172,0.108729,0.125164,0.128024,0.040812,1.000000
diagnostic-day720,day720,3,base,seam_edits,462.714968,2.161158,2.046700,3.450700,3.973500,225.638557,1.986944,0.924801,42.000000,22896.000000,22345.500000,0.000000,1.082273,2.000000,4.000000,167664.000000,2.292784,0.138288,0.160108,0.162240,0.056292,1.000000
diagnostic-day720,day720,3,base,sky_moving,1404.830792,0.711830,0.559200,1.440500,2.150700,398.827447,0.589338,0.486730,0.000000,0.000000,0.000000,0.000000,0.003340,0.000000,0.000000,0.000000,2.053792,0.157593,0.246740,0.251368,0.004810,1.000000
diagnostic-day720,day720,3,base,wall_moving,1010.572781,0.989538,0.850050,1.825600,2.238400,349.247372,0.842126,0.581136,26.816667,15183.423333,14600.740000,0.000000,0.005134,0.000000,0.000000,0.000000,2.439216,0.098643,0.110760,0.117936,0.039419,1.000000
diagnostic-day720,day720,3,base,cloud_layer,1511.679234,0.661516,0.530550,1.417300,1.827300,388.731956,0.555962,0.347111,0.000000,0.000000,0.000000,0.000000,0.003206,0.000000,0.000000,0.000000,1.190228,0.125089,0.138164,0.144352,0.004579,1.000000
diagnostic-day720,day720,3,candidate,underground,1030.103929,0.970776,0.813050,1.820300,2.327400,344.942567,0.841367,0.609886,42.000000,22890.000000,22344.000000,0.000000,0.004422,0.000000,0.000000,0.000000,1.888224,0.058189,0.063336,0.180960,0.088574,1.000000
diagnostic-day720,day720,3,candidate,surface_still,1325.622628,0.754362,0.580850,1.465600,2.174300,175.624491,0.596214,0.692395,42.000000,22890.000000,22344.000000,0.000000,0.003564,0.000000,0.000000,0.000000,2.313844,0.061269,0.097812,0.102960,0.030953,1.000000
diagnostic-day720,day720,3,candidate,overview,1415.323662,0.706552,0.588900,1.448700,1.851700,459.224676,0.594543,0.503242,48.000000,25464.000000,25601.000000,0.000000,0.003544,0.000000,0.000000,0.000000,1.775332,0.001169,0.001612,0.002132,0.000485,0.000000
diagnostic-day720,day720,3,candidate,sky,971.725383,1.029097,0.747300,2.453800,3.585400,104.762320,0.796398,0.784430,0.000000,0.000000,0.000000,0.000000,0.006096,0.000000,0.000000,0.000000,4.489576,0.202228,0.244920,0.264576,0.007143,1.000000
diagnostic-day720,day720,3,candidate,translate,1203.015961,0.831244,0.680950,1.667300,2.158600,384.209010,0.685801,0.742565,41.228333,23682.750000,22078.183333,0.000000,0.004256,0.000000,0.000000,0.000000,3.159000,0.063397,0.141648,0.144456,0.039529,1.000000
diagnostic-day720,day720,3,candidate,rotate,1176.090550,0.850275,0.699350,1.733700,2.360200,403.141819,0.710963,0.744591,41.503333,23165.943333,22304.370000,0.000000,0.003537,0.000000,0.000000,0.000000,4.028076,0.072035,0.155844,0.158860,0.047370,1.000000
diagnostic-day720,day720,3,candidate,seam_edits,521.306265,1.918258,1.676900,3.344700,3.998700,194.258370,1.753350,1.266477,42.000000,22896.000000,22345.500000,0.000000,0.893920,2.000000,4.000000,167664.000000,4.099108,0.104190,0.130312,0.132912,0.050290,1.000000
diagnostic-day720,day720,3,candidate,sky_moving,1359.485607,0.735572,0.538350,1.615300,2.357900,374.939072,0.603361,0.514334,0.000000,0.000000,0.000000,0.000000,0.003871,0.000000,0.000000,0.000000,2.573948,0.155797,0.286988,0.573300,0.005609,1.000000
diagnostic-day720,day720,3,candidate,wall_moving,1196.020123,0.836106,0.685550,1.641100,2.272100,386.456005,0.714635,0.552711,26.816667,15183.423333,14600.740000,0.000000,0.003800,0.000000,0.000000,0.000000,1.868360,0.058102,0.110292,0.111436,0.032376,1.000000
diagnostic-day720,day720,3,candidate,cloud_layer,1365.346149,0.732415,0.498000,2.348200,3.121300,295.137608,0.600656,0.409718,0.000000,0.000000,0.000000,0.000000,0.003426,0.000000,0.000000,0.000000,2.605096,0.133503,0.152204,0.156052,0.004867,1.000000
day720-final,day720-final,1,base,underground,1016.122477,0.984133,0.798950,2.016200,2.701700,297.763794,0.858502,0.699300,42.000000,22890.000000,22344.000000,0.000000,0.003975,0.000000,0.000000,0.000000,3.130660,0.111409,0.141024,0.145652,0.084680,1.000000
day720-final,day720-final,1,base,surface_still,1162.273981,0.860382,0.736950,1.704000,1.995000,436.258934,0.737599,0.673940,42.000000,22890.000000,22344.000000,0.000000,0.004241,0.000000,0.000000,0.000000,1.834664,0.107218,0.110708,0.119132,0.037763,1.000000
day720-final,day720-final,1,base,overview,1383.549094,0.722779,0.580950,1.359500,1.912800,277.628681,0.593840,0.599280,48.000000,25464.000000,25601.000000,0.000000,0.003473,0.000000,0.000000,0.000000,1.802580,0.087550,0.126152,0.127660,0.047773,1.000000
day720-final,day720-final,1,base,sky,1556.998201,0.642261,0.518450,1.284400,1.885400,462.431310,0.523451,0.456943,0.000000,0.000000,0.000000,0.000000,0.003190,0.000000,0.000000,0.000000,1.595464,0.152229,0.263796,0.265408,0.004422,1.000000
day720-final,day720-final,1,base,translate,1334.439435,0.749378,0.607450,1.480900,1.902400,429.215251,0.645772,0.627181,41.228333,23682.750000,22078.183333,0.000000,0.003241,0.000000,0.000000,0.000000,1.909908,0.108945,0.142896,0.145288,0.035992,1.000000
day720-final,day720-final,1,base,rotate,1291.407363,0.774349,0.650450,1.398500,1.819900,513.188956,0.667634,0.550400,41.503333,23165.943333,22304.370000,0.000000,0.003407,0.000000,0.000000,0.000000,1.646008,0.099314,0.119548,0.124124,0.042751,1.000000
day720-final,day720-final,1,base,seam_edits,524.443801,1.906782,1.764850,3.111600,3.945900,220.100292,1.713872,1.442883,42.000000,22896.000000,22345.500000,0.000000,0.859187,2.000000,4.000000,167664.000000,5.726188,0.229517,0.410540,1.240616,0.046124,1.000000
day720-final,day720-final,1,base,sky_moving,1275.245883,0.784162,0.623700,1.590700,2.120000,230.770118,0.639048,0.518021,0.000000,0.000000,0.000000,0.000000,0.003980,0.000000,0.000000,0.000000,1.865292,0.168748,0.218036,0.230464,0.005178,1.000000
day720-final,day720-final,1,base,wall_moving,1185.691549,0.843390,0.675800,1.805700,2.585200,282.460609,0.717207,0.631891,26.816667,15183.423333,14600.740000,0.000000,0.003981,0.000000,0.000000,0.000000,2.445404,0.118885,0.261664,0.359112,0.032029,1.000000
day720-final,day720-final,1,base,cloud_layer,1547.916131,0.646030,0.504200,1.290700,1.951500,461.226247,0.535038,0.348590,0.000000,0.000000,0.000000,0.000000,0.003432,0.000000,0.000000,0.000000,1.241812,0.127054,0.155376,0.161408,0.004584,1.000000
day720-final,day720-final,1,candidate,underground,998.003826,1.002000,0.878950,1.874400,2.444900,343.550133,0.879509,0.750331,42.000000,22890.000000,22344.000000,0.000000,0.003837,0.000000,0.000000,0.000000,2.942316,0.069234,0.085800,0.087984,0.092053,1.000000
day720-final,day720-final,1,candidate,surface_still,1496.292934,0.668318,0.524200,1.466000,2.188600,250.303493,0.540658,0.623515,42.000000,22890.000000,22344.000000,0.000000,0.003050,0.000000,0.000000,0.000000,1.929408,0.055195,0.057304,0.061464,0.026718,1.000000
day720-final,day720-final,1,candidate,overview,1246.469117,0.802266,0.679000,1.698300,2.419700,366.465925,0.666601,0.542422,48.000000,25464.000000,25601.000000,0.000000,0.004295,0.000000,0.000000,0.000000,1.835080,0.001185,0.001456,0.002028,0.000523,0.000000
day720-final,day720-final,1,candidate,sky,1557.601667,0.642013,0.506400,1.352500,1.915400,401.152645,0.531366,0.382691,0.000000,0.000000,0.000000,0.000000,0.002917,0.000000,0.000000,0.000000,1.227720,0.129862,0.143104,0.228696,0.004502,1.000000
day720-final,day720-final,1,candidate,translate,977.616811,1.022896,0.867250,2.162800,2.930700,261.469809,0.869285,0.619107,41.228333,23682.750000,22078.183333,0.000000,0.004116,0.000000,0.000000,0.000000,2.188316,0.054091,0.059696,0.061620,0.045923,1.000000
day720-final,day720-final,1,candidate,rotate,1293.603047,0.773035,0.618600,1.439800,2.013200,422.961151,0.674298,0.483051,41.503333,23165.943333,22304.370000,0.000000,0.002761,0.000000,0.000000,0.000000,1.535300,0.049965,0.059072,0.061256,0.045190,1.000000
day720-final,day720-final,1,candidate,seam_edits,538.197877,1.858053,1.677650,3.182200,3.748700,223.716983,1.714214,0.744271,42.000000,22896.000000,22345.500000,0.000000,0.894287,2.000000,4.000000,167664.000000,2.010164,0.066887,0.090220,0.092560,0.048734,1.000000
day720-final,day720-final,1,candidate,sky_moving,1391.349516,0.718727,0.564100,1.497700,2.144500,435.682388,0.595130,0.369761,0.000000,0.000000,0.000000,0.000000,0.003460,0.000000,0.000000,0.000000,1.437280,0.121251,0.144456,0.145756,0.004970,1.000000
day720-final,day720-final,1,candidate,wall_moving,1189.482123,0.840702,0.696450,1.567600,2.114100,384.258222,0.720144,0.476343,26.816667,15183.423333,14600.740000,0.000000,0.003527,0.000000,0.000000,0.000000,1.388088,0.050075,0.054288,0.059488,0.032346,1.000000
day720-final,day720-final,1,candidate,cloud_layer,1748.110657,0.572046,0.449400,1.129800,1.886700,479.351916,0.479035,0.328570,0.000000,0.000000,0.000000,0.000000,0.002185,0.000000,0.000000,0.000000,0.760084,0.124116,0.133068,0.137800,0.003843,1.000000
day720-final,day720-final,2,candidate,underground,1186.483110,0.842827,0.672700,1.682400,2.133000,364.172691,0.738466,0.521775,42.000000,22890.000000,22344.000000,0.000000,0.003107,0.000000,0.000000,0.000000,1.516944,0.050208,0.054184,0.061100,0.072047,1.000000
day720-final,day720-final,2,candidate,surface_still,1561.322503,0.640483,0.521500,1.234700,1.872500,296.186598,0.535175,0.599987,42.000000,22890.000000,22344.000000,0.000000,0.002464,0.000000,0.000000,0.000000,1.509144,0.051703,0.053768,0.058396,0.026023,1.000000
day720-final,day720-final,2,candidate,overview,1490.641381,0.670852,0.513250,1.416900,2.096900,412.910330,0.566128,0.461827,48.000000,25464.000000,25601.000000,0.000000,0.002565,0.000000,0.000000,0.000000,1.321944,0.001094,0.001352,0.001768,0.000381,0.000000
day720-final,day720-final,2,candidate,sky,1751.386076,0.570976,0.449750,1.166000,1.630100,527.932002,0.472489,0.347869,0.000000,0.000000,0.000000,0.000000,0.002506,0.000000,0.000000,0.000000,1.134432,0.116240,0.119392,0.137592,0.003929,1.000000
day720-final,day720-final,2,candidate,translate,1206.246184,0.829018,0.684000,1.639600,2.590600,350.592209,0.712086,0.546017,41.228333,23682.750000,22078.183333,0.000000,0.003393,0.000000,0.000000,0.000000,1.519232,0.055033,0.051792,0.060944,0.039730,1.000000
day720-final,day720-final,2,candidate,rotate,1308.859408,0.764024,0.623400,1.505500,2.027300,383.968054,0.666186,0.474215,41.503333,23165.943333,22304.370000,0.000000,0.002808,0.000000,0.000000,0.000000,1.327144,0.049103,0.051480,0.061880,0.040834,1.000000
day720-final,day720-final,2,candidate,seam_edits,500.285997,1.998857,1.841100,3.527000,4.599300,163.111737,1.834425,0.794017,42.000000,22896.000000,22345.500000,0.000000,0.929375,2.000000,4.000000,167664.000000,2.792556,0.069770,0.095888,0.102752,0.054228,1.000000
day720-final,day720-final,2,candidate,sky_moving,1637.302108,0.610761,0.487650,1.223800,1.647600,484.273227,0.494295,0.500111,0.000000,0.000000,0.000000,0.000000,0.003201,0.000000,0.000000,0.000000,1.819272,0.163676,0.230932,0.233324,0.004197,1.000000
day720-final,day720-final,2,candidate,wall_moving,1180.520003,0.847084,0.733250,1.549600,2.510800,334.664555,0.716555,0.504117,26.816667,15183.423333,14600.740000,0.000000,0.004298,0.000000,0.000000,0.000000,1.565720,0.051721,0.060372,0.063076,0.034598,1.000000
day720-final,day720-final,2,candidate,cloud_layer,1716.042451,0.582736,0.450150,1.200100,1.825100,365.797897,0.488860,0.418871,0.000000,0.000000,0.000000,0.000000,0.002475,0.000000,0.000000,0.000000,1.475760,0.156559,0.220220,0.222040,0.004226,1.000000
day720-final,day720-final,2,base,underground,1227.163510,0.814887,0.660750,1.509800,2.108800,382.185079,0.717953,0.601662,42.000000,22890.000000,22344.000000,0.000000,0.002452,0.000000,0.000000,0.000000,1.502540,0.104199,0.160056,0.192608,0.072871,1.000000
day720-final,day720-final,2,base,surface_still,1375.910423,0.726792,0.558950,1.535500,2.179100,404.200996,0.612800,0.670321,42.000000,22890.000000,22344.000000,0.000000,0.002821,0.000000,0.000000,0.000000,1.748240,0.102128,0.110916,0.116064,0.028322,1.000000
day720-final,day720-final,2,base,overview,1143.824492,0.874260,0.723100,1.783400,2.498800,359.984161,0.729315,0.602260,48.000000,25464.000000,25601.000000,0.000000,0.005311,0.000000,0.000000,0.000000,2.177604,0.084351,0.095628,0.100204,0.063358,1.000000
day720-final,day720-final,2,base,sky,1253.382828,0.797841,0.596650,1.786700,2.745300,284.344018,0.654228,0.580259,0.000000,0.000000,0.000000,0.000000,0.004708,0.000000,0.000000,0.000000,3.460548,0.153289,0.181012,0.191776,0.006963,1.000000
day720-final,day720-final,2,base,translate,1084.871289,0.921768,0.800500,1.734600,2.302000,392.023626,0.781425,0.687368,41.228333,23682.750000,22078.183333,0.000000,0.004237,0.000000,0.000000,0.000000,2.057744,0.115140,0.151944,0.161252,0.043588,1.000000
day720-final,day720-final,2,base,rotate,1047.483656,0.954669,0.842200,1.783700,2.550100,350.358826,0.820470,0.605651,41.503333,23165.943333,22304.370000,0.000000,0.004280,0.000000,0.000000,0.000000,2.649296,0.103609,0.135980,0.138372,0.056796,1.000000
day720-final,day720-final,2,base,seam_edits,585.211358,1.708784,1.603400,2.641900,3.207800,217.861759,1.567554,0.906827,42.000000,22896.000000,22345.500000,0.000000,0.808063,2.000000,4.000000,167664.000000,2.162524,0.136819,0.191776,0.205712,0.045251,1.000000
day720-final,day720-final,2,base,sky_moving,1530.626692,0.653327,0.522000,1.194400,1.817900,442.536620,0.548835,0.407820,0.000000,0.000000,0.000000,0.000000,0.002929,0.000000,0.000000,0.000000,1.531192,0.131838,0.245752,0.247884,0.004933,1.000000
day720-final,day720-final,2,base,wall_moving,1172.897620,0.852589,0.637550,1.789400,3.559700,229.370950,0.725902,0.590221,26.816667,15183.423333,14600.740000,0.000000,0.003183,0.000000,0.000000,0.000000,1.854580,0.106352,0.143832,0.146120,0.030252,1.000000
day720-final,day720-final,2,base,cloud_layer,787.530556,1.269792,0.704200,2.399700,3.531000,25.162054,0.685626,1.089535,0.000000,0.000000,0.000000,0.000000,0.004638,0.000000,0.000000,0.000000,5.121428,0.335191,0.376948,0.387816,0.005838,1.000000
day720-final,day720-final,3,base,underground,1129.930097,0.885010,0.716550,1.697500,2.391300,354.718944,0.770383,0.639211,42.000000,22890.000000,22344.000000,0.000000,0.003147,0.000000,0.000000,0.000000,1.683032,0.109205,0.220948,0.241852,0.076503,1.000000
day720-final,day720-final,3,base,surface_still,1305.406340,0.766045,0.537850,1.321300,2.206900,87.717759,0.563927,0.714647,42.000000,22890.000000,22344.000000,0.000000,0.002739,0.000000,0.000000,0.000000,2.287220,0.112668,0.144300,0.147004,0.026357,1.000000
day720-final,day720-final,3,base,overview,1422.728081,0.702875,0.533800,1.481500,2.042600,368.815426,0.591708,0.600776,48.000000,25464.000000,25601.000000,0.000000,0.003374,0.000000,0.000000,0.000000,1.847976,0.086448,0.114244,0.116584,0.046738,1.000000
day720-final,day720-final,3,base,sky,1563.812136,0.639463,0.534400,1.175300,1.655500,512.645249,0.533439,0.507283,0.000000,0.000000,0.000000,0.000000,0.002850,0.000000,0.000000,0.000000,1.688024,0.167152,0.202384,0.213564,0.004492,1.000000
day720-final,day720-final,3,base,translate,1285.694908,0.777790,0.656600,1.487000,2.046500,458.522792,0.658697,0.639463,41.228333,23682.750000,22078.183333,0.000000,0.003643,0.000000,0.000000,0.000000,1.858688,0.104106,0.119288,0.123292,0.040398,1.000000
day720-final,day720-final,3,base,rotate,1240.772273,0.805950,0.661750,1.580800,2.495600,343.190528,0.693951,0.560702,41.503333,23165.943333,22304.370000,0.000000,0.003492,0.000000,0.000000,0.000000,1.779908,0.100229,0.118924,0.120900,0.043500,1.000000
day720-final,day720-final,3,base,seam_edits,450.668917,2.218924,2.131950,3.544600,4.510200,193.001135,2.022566,1.372661,42.000000,22896.000000,22345.500000,0.000000,1.004680,2.000000,4.000000,167664.000000,4.066088,0.198766,0.287144,0.319540,0.058828,1.000000
day720-final,day720-final,3,base,sky_moving,1127.987475,0.886535,0.792500,1.778200,2.288900,360.064091,0.716770,0.671808,0.000000,0.000000,0.000000,0.000000,0.004271,0.000000,0.000000,0.000000,3.388632,0.215242,0.432432,0.436436,0.005423,1.000000
day720-final,day720-final,3,base,wall_moving,1310.061975,0.763323,0.628900,1.514600,2.216900,372.909377,0.659096,0.562556,26.816667,15183.423333,14600.740000,0.000000,0.003209,0.000000,0.000000,0.000000,1.823432,0.103533,0.179192,0.192140,0.029331,1.000000
day720-final,day720-final,3,base,cloud_layer,1646.336695,0.607409,0.489750,1.189100,1.637000,473.574541,0.508433,0.435214,0.000000,0.000000,0.000000,0.000000,0.002558,0.000000,0.000000,0.000000,1.487460,0.161427,0.208104,0.213096,0.004265,1.000000
day720-final,day720-final,3,candidate,underground,1118.871521,0.893758,0.722300,1.791800,2.404200,331.089284,0.759321,0.672538,42.000000,22890.000000,22344.000000,0.000000,0.003536,0.000000,0.000000,0.000000,2.877940,0.062393,0.180596,0.206492,0.079307,1.000000
day720-final,day720-final,3,candidate,surface_still,1442.795329,0.693099,0.532150,1.380800,1.906800,224.602173,0.569083,0.625666,42.000000,22890.000000,22344.000000,0.000000,0.002838,0.000000,0.000000,0.000000,1.803412,0.056174,0.075140,0.079612,0.029773,1.000000
day720-final,day720-final,3,candidate,overview,1316.833700,0.759397,0.576250,1.563200,2.526600,343.302455,0.626310,0.600605,48.000000,25464.000000,25601.000000,0.000000,0.003480,0.000000,0.000000,0.000000,2.119104,0.001259,0.001716,0.002132,0.000515,0.000000
day720-final,day720-final,3,candidate,sky,1709.918095,0.584823,0.463850,1.151600,1.667000,483.410948,0.485701,0.406071,0.000000,0.000000,0.000000,0.000000,0.002534,0.000000,0.000000,0.000000,1.283516,0.133406,0.200824,0.202072,0.004057,1.000000
day720-final,day720-final,3,candidate,translate,1244.481760,0.803547,0.627400,1.814100,2.795400,316.435669,0.690197,0.602767,41.228333,23682.750000,22078.183333,0.000000,0.002977,0.000000,0.000000,0.000000,1.838356,0.053080,0.065052,0.067340,0.043519,1.000000
day720-final,day720-final,3,candidate,rotate,1275.116067,0.784242,0.664650,1.481400,2.076100,406.410447,0.674747,0.528748,41.503333,23165.943333,22304.370000,0.000000,0.003346,0.000000,0.000000,0.000000,1.648764,0.052172,0.070616,0.072956,0.043928,1.000000
day720-final,day720-final,3,candidate,seam_edits,527.056952,1.897328,1.750700,3.186900,3.901000,218.273890,1.742607,1.139322,42.000000,22896.000000,22345.500000,0.000000,0.887552,2.000000,4.000000,167664.000000,3.293524,0.103786,0.128908,0.657228,0.050574,1.000000
day720-final,day720-final,3,candidate,sky_moving,1529.357158,0.653870,0.474500,1.328500,1.942000,148.233428,0.495802,0.583341,0.000000,0.000000,0.000000,0.000000,0.002491,0.000000,0.000000,0.000000,2.655692,0.190314,0.381836,0.570908,0.003963,1.000000
day720-final,day720-final,3,candidate,wall_moving,1316.184040,0.759772,0.625050,1.547600,1.962400,433.106674,0.642756,0.486972,26.816667,15183.423333,14600.740000,0.000000,0.003498,0.000000,0.000000,0.000000,1.507116,0.051430,0.069940,0.072332,0.029476,1.000000
day720-final,day720-final,3,candidate,cloud_layer,1702.280261,0.587447,0.465500,1.277300,1.748200,456.350112,0.487279,0.410407,0.000000,0.000000,0.000000,0.000000,0.002689,0.000000,0.000000,0.000000,1.518868,0.148799,0.158912,0.164632,0.004215,1.000000
diagnostic-day720,day720-repeat,1,base,underground,1116.051084,0.896016,0.738050,1.715400,2.178900,402.735919,0.781172,0.584248,42.000000,22890.000000,22344.000000,0.000000,0.003149,0.000000,0.000000,0.000000,1.602744,0.098945,0.108004,0.116584,0.077636,1.000000
diagnostic-day720,day720-repeat,1,base,surface_still,1419.032825,0.704705,0.557350,1.321200,2.011600,198.069483,0.561105,0.664529,42.000000,22890.000000,22344.000000,0.000000,0.002899,0.000000,0.000000,0.000000,1.680796,0.102168,0.106964,0.111384,0.027380,1.000000
diagnostic-day720,day720-repeat,1,base,overview,1502.435448,0.665586,0.475700,1.428800,2.190500,162.048728,0.519051,0.617789,48.000000,25464.000000,25601.000000,0.000000,0.003398,0.000000,0.000000,0.000000,2.090140,0.092304,0.119860,0.126776,0.042023,1.000000
diagnostic-day720,day720-repeat,1,base,sky,1718.817007,0.581795,0.460450,1.198300,1.813000,487.131607,0.493144,0.365264,0.000000,0.000000,0.000000,0.000000,0.002105,0.000000,0.000000,0.000000,1.176864,0.121741,0.142948,0.144872,0.004389,1.000000
diagnostic-day720,day720-repeat,1,base,translate,1252.476511,0.798418,0.635900,1.563500,2.141900,397.875346,0.692208,0.609686,41.228333,23682.750000,22078.183333,0.000000,0.002817,0.000000,0.000000,0.000000,1.635348,0.101886,0.113828,0.120276,0.038555,1.000000
diagnostic-day720,day720-repeat,1,base,rotate,1262.956353,0.791793,0.682100,1.524900,2.075100,424.244138,0.680162,0.552767,41.503333,23165.943333,22304.370000,0.000000,0.003152,0.000000,0.000000,0.000000,1.567124,0.101801,0.142116,0.143832,0.044326,1.000000
diagnostic-day720,day720-repeat,1,base,seam_edits,575.291407,1.738249,1.556150,2.753600,3.507100,234.510576,1.608426,0.752558,42.000000,22896.000000,22345.500000,0.000000,0.884749,2.000000,4.000000,167664.000000,1.855724,0.113226,0.125996,0.129064,0.041866,1.000000
diagnostic-day720,day720-repeat,1,base,sky_moving,1735.350389,0.576253,0.459450,1.121400,1.560100,512.343202,0.479678,0.364327,0.000000,0.000000,0.000000,0.000000,0.002272,0.000000,0.000000,0.000000,1.153568,0.124548,0.172484,0.174148,0.004017,1.000000
diagnostic-day720,day720-repeat,1,base,wall_moving,1385.681293,0.721667,0.597300,1.353800,2.093600,415.239282,0.613110,0.517100,26.816667,15183.423333,14600.740000,0.000000,0.002655,0.000000,0.000000,0.000000,1.430260,0.099645,0.111020,0.119704,0.026455,1.000000
diagnostic-day720,day720-repeat,1,base,cloud_layer,1657.979316,0.603144,0.479300,1.235200,1.874900,468.486476,0.501711,0.323566,0.000000,0.000000,0.000000,0.000000,0.002569,0.000000,0.000000,0.000000,0.572052,0.123560,0.144404,0.159796,0.004123,1.000000
diagnostic-day720,day720-repeat,1,candidate,underground,1122.538554,0.890838,0.708350,1.765000,2.400000,352.385651,0.776954,0.585328,42.000000,22890.000000,22344.000000,0.000000,0.003294,0.000000,0.000000,0.000000,1.678352,0.055549,0.102024,0.124332,0.078998,1.000000
diagnostic-day720,day720-repeat,1,candidate,surface_still,1428.882721,0.699848,0.531900,1.479400,2.062600,178.926619,0.557336,0.661228,42.000000,22890.000000,22344.000000,0.000000,0.002888,0.000000,0.000000,0.000000,1.919528,0.055630,0.078988,0.081588,0.028621,1.000000
diagnostic-day720,day720-repeat,1,candidate,overview,1347.787001,0.741957,0.567700,1.551400,2.298600,298.009298,0.625123,0.562849,48.000000,25464.000000,25601.000000,0.000000,0.003248,0.000000,0.000000,0.000000,2.349412,0.001193,0.001612,0.001872,0.000484,0.000000
diagnostic-day720,day720-repeat,1,candidate,sky,1271.942869,0.786199,0.618200,1.699300,2.132200,410.511840,0.644027,0.379903,0.000000,0.000000,0.000000,0.000000,0.003968,0.000000,0.000000,0.000000,1.535612,0.121722,0.143936,0.150384,0.006590,1.000000
diagnostic-day720,day720-repeat,1,candidate,translate,1083.291973,0.923112,0.809050,1.844800,2.400600,356.491412,0.787915,0.602879,41.228333,23682.750000,22078.183333,0.000000,0.004244,0.000000,0.000000,0.000000,2.174224,0.056439,0.059020,0.062504,0.048831,1.000000
diagnostic-day720,day720-repeat,1,candidate,rotate,1216.515413,0.822020,0.704300,1.554400,2.169000,402.589996,0.705014,0.481805,41.503333,23165.943333,22304.370000,0.000000,0.003217,0.000000,0.000000,0.000000,1.524120,0.049584,0.052936,0.059332,0.046569,1.000000
diagnostic-day720,day720-repeat,1,candidate,seam_edits,571.259914,1.750517,1.527750,2.980100,3.514800,244.751109,1.620247,0.771754,42.000000,22896.000000,22345.500000,0.000000,0.857900,2.000000,4.000000,167664.000000,2.022332,0.064938,0.080080,0.081952,0.045300,1.000000
diagnostic-day720,day720-repeat,1,candidate,sky_moving,1743.997958,0.573395,0.457450,1.125300,1.936400,435.044266,0.474648,0.377791,0.000000,0.000000,0.000000,0.000000,0.002636,0.000000,0.000000,0.000000,1.376752,0.126870,0.202228,0.202800,0.004608,1.000000
diagnostic-day720,day720-repeat,1,candidate,wall_moving,1208.721895,0.827320,0.644800,1.731500,2.224900,353.369377,0.715088,0.528676,26.816667,15183.423333,14600.740000,0.000000,0.003259,0.000000,0.000000,0.000000,2.286544,0.055872,0.068692,0.070252,0.034410,1.000000
diagnostic-day720,day720-repeat,1,candidate,cloud_layer,1419.330237,0.704558,0.540600,1.485100,2.176700,406.352646,0.582986,0.382195,0.000000,0.000000,0.000000,0.000000,0.003554,0.000000,0.000000,0.000000,2.167100,0.136100,0.147680,0.193804,0.005621,1.000000
diagnostic-day720,day720-repeat,2,candidate,underground,684.815260,1.460248,1.270150,3.019200,3.821800,215.388813,1.284713,0.576353,42.000000,22890.000000,22344.000000,0.000000,0.007221,0.000000,0.000000,0.000000,3.028896,0.051660,0.056628,0.061516,0.156722,1.000000
diagnostic-day720,day720-repeat,2,candidate,surface_still,1191.233002,0.839466,0.622150,1.772000,2.687500,223.656106,0.688806,0.682392,42.000000,22890.000000,22344.000000,0.000000,0.003918,0.000000,0.000000,0.000000,4.075292,0.067264,0.057512,0.067912,0.039279,1.000000
diagnostic-day720,day720-repeat,2,candidate,overview,911.102651,1.097571,0.967550,2.347400,3.225400,280.377762,0.901179,0.568371,48.000000,25464.000000,25601.000000,0.000000,0.006378,0.000000,0.000000,0.000000,3.434184,0.001204,0.001664,0.002340,0.000866,0.000000
diagnostic-day720,day720-repeat,2,candidate,sky,1263.520193,0.791440,0.617000,1.704000,2.392900,320.482005,0.645284,0.558225,0.000000,0.000000,0.000000,0.000000,0.004155,0.000000,0.000000,0.000000,2.666456,0.173673,0.258180,0.284492,0.005590,1.000000
diagnostic-day720,day720-repeat,2,candidate,translate,1372.317206,0.728694,0.617450,1.287000,1.859000,459.837064,0.624475,0.540348,41.228333,23682.750000,22078.183333,0.000000,0.002898,0.000000,0.000000,0.000000,1.447316,0.050555,0.054704,0.059384,0.035781,1.000000
diagnostic-day720,day720-repeat,2,candidate,rotate,1042.496682,0.959236,0.754300,1.945000,2.600900,275.536493,0.817347,0.499529,41.503333,23165.943333,22304.370000,0.000000,0.004602,0.000000,0.000000,0.000000,1.432964,0.052056,0.056940,0.061620,0.055562,1.000000
diagnostic-day720,day720-repeat,2,candidate,seam_edits,474.068306,2.109401,1.965050,3.473900,4.658200,183.071389,1.941869,0.722773,42.000000,22896.000000,22345.500000,0.000000,1.032454,2.000000,4.000000,167664.000000,2.567240,0.059870,0.062608,0.067288,0.059374,1.000000
diagnostic-day720,day720-repeat,2,candidate,sky_moving,1347.059571,0.742358,0.583150,1.537100,1.998900,392.351756,0.617526,0.372656,0.000000,0.000000,0.000000,0.000000,0.003884,0.000000,0.000000,0.000000,1.378520,0.120132,0.133848,0.144040,0.005998,1.000000
diagnostic-day720,day720-repeat,2,candidate,wall_moving,908.136815,1.101156,1.018700,1.904800,2.404300,343.567837,0.929144,0.520565,26.816667,15183.423333,14600.740000,0.000000,0.007732,0.000000,0.000000,0.000000,1.589172,0.051891,0.056160,0.059280,0.049440,1.000000
diagnostic-day720,day720-repeat,2,candidate,cloud_layer,1353.885007,0.738615,0.626900,1.454100,1.996600,397.804121,0.602278,0.361334,0.000000,0.000000,0.000000,0.000000,0.004977,0.000000,0.000000,0.000000,1.312896,0.130219,0.163384,0.167492,0.006067,1.000000
diagnostic-day720,day720-repeat,2,base,underground,1026.396348,0.974283,0.848050,1.787900,2.393100,331.638293,0.852614,0.606430,42.000000,22890.000000,22344.000000,0.000000,0.003743,0.000000,0.000000,0.000000,1.751100,0.101904,0.119860,0.129480,0.085424,1.000000
diagnostic-day720,day720-repeat,2,base,surface_still,1334.141823,0.749546,0.592450,1.435200,1.927600,230.810954,0.621302,0.690580,42.000000,22890.000000,22344.000000,0.000000,0.002939,0.000000,0.000000,0.000000,1.976728,0.105918,0.112424,0.116376,0.029695,1.000000
diagnostic-day720,day720-repeat,2,base,overview,1191.272736,0.839438,0.678800,1.700400,2.250800,366.544282,0.706267,0.640685,48.000000,25464.000000,25601.000000,0.000000,0.003314,0.000000,0.000000,0.000000,2.018328,0.092968,0.110396,0.113152,0.055797,1.000000
diagnostic-day720,day720-repeat,2,base,sky,1024.703728,0.975892,0.874700,1.978300,2.517500,315.341357,0.808556,0.522483,0.000000,0.000000,0.000000,0.000000,0.004021,0.000000,0.000000,0.000000,1.713608,0.170847,0.180440,0.183664,0.005951,1.000000
diagnostic-day720,day720-repeat,2,base,translate,928.697543,1.076777,0.822500,2.558200,4.285100,196.818753,0.916834,0.777254,41.228333,23682.750000,22078.183333,0.000000,0.005540,0.000000,0.000000,0.000000,3.836560,0.107413,0.158652,0.179764,0.052045,1.000000
diagnostic-day720,day720-repeat,2,base,rotate,836.643537,1.195252,1.061450,2.227300,2.949000,291.773448,0.988753,1.023126,41.503333,23165.943333,22304.370000,0.000000,0.005710,0.000000,0.000000,0.000000,3.897660,0.171381,0.223288,0.262288,0.066106,1.000000
diagnostic-day720,day720-repeat,2,base,seam_edits,505.685933,1.977512,1.871450,3.104700,3.971300,243.507482,1.821871,0.980606,42.000000,22896.000000,22345.500000,0.000000,0.959950,2.000000,4.000000,167664.000000,2.823028,0.149768,0.219544,0.343044,0.048582,1.000000
diagnostic-day720,day720-repeat,2,base,sky_moving,1528.656578,0.654169,0.543850,1.276700,1.853500,404.582572,0.549357,0.361412,0.000000,0.000000,0.000000,0.000000,0.003050,0.000000,0.000000,0.000000,1.241032,0.117509,0.128596,0.139048,0.004559,1.000000
diagnostic-day720,day720-repeat,2,base,wall_moving,1335.227279,0.748936,0.626900,1.444500,2.017700,411.937962,0.640715,0.526339,26.816667,15183.423333,14600.740000,0.000000,0.002983,0.000000,0.000000,0.000000,1.429064,0.100753,0.116220,0.119808,0.026508,1.000000
diagnostic-day720,day720-repeat,2,base,cloud_layer,1520.744861,0.657573,0.525150,1.389600,2.242700,376.588734,0.537945,0.401675,0.000000,0.000000,0.000000,0.000000,0.003871,0.000000,0.000000,0.000000,1.303796,0.148442,0.165308,0.171548,0.005116,1.000000
diagnostic-day720,day720-repeat,3,base,underground,1129.853498,0.885070,0.725250,1.787200,2.144100,407.733342,0.776764,0.600354,42.000000,22890.000000,22344.000000,0.000000,0.003137,0.000000,0.000000,0.000000,1.557660,0.102107,0.118664,0.128128,0.076932,1.000000
diagnostic-day720,day720-repeat,3,base,surface_still,1325.199553,0.754603,0.557100,1.357000,2.004600,118.079787,0.570652,0.705882,42.000000,22890.000000,22344.000000,0.000000,0.003415,0.000000,0.000000,0.000000,2.025192,0.109784,0.130520,0.133744,0.026679,1.000000
diagnostic-day720,day720-repeat,3,base,overview,1146.663848,0.872095,0.709250,1.807900,2.215300,368.299255,0.727032,0.699181,48.000000,25464.000000,25601.000000,0.000000,0.004580,0.000000,0.000000,0.000000,2.199184,0.101828,0.121940,0.138216,0.058069,1.000000
diagnostic-day720,day720-repeat,3,base,sky,1468.479096,0.680977,0.505700,1.387900,2.116400,143.176905,0.499565,0.607667,0.000000,0.000000,0.000000,0.000000,0.003324,0.000000,0.000000,0.000000,3.141424,0.192170,0.231348,0.236808,0.004542,1.000000
diagnostic-day720,day720-repeat,3,base,translate,1313.783361,0.761160,0.632500,1.452300,1.975900,417.902963,0.652324,0.599850,41.228333,23682.750000,22078.183333,0.000000,0.003197,0.000000,0.000000,0.000000,1.602796,0.102122,0.103532,0.117104,0.035437,1.000000
diagnostic-day720,day720-repeat,3,base,rotate,1174.389616,0.851506,0.688150,1.679700,2.436000,362.877620,0.728409,0.530791,41.503333,23165.943333,22304.370000,0.000000,0.003848,0.000000,0.000000,0.000000,1.433172,0.097837,0.101556,0.112580,0.044829,1.000000
diagnostic-day720,day720-repeat,3,base,seam_edits,524.426107,1.906846,1.810250,2.917800,3.539700,242.040889,1.758412,0.902776,42.000000,22896.000000,22345.500000,0.000000,0.941748,2.000000,4.000000,167664.000000,2.346552,0.137716,0.203996,0.208624,0.048322,1.000000
diagnostic-day720,day720-repeat,3,base,sky_moving,1690.922956,0.591393,0.499150,1.139400,1.574600,517.232462,0.494638,0.358060,0.000000,0.000000,0.000000,0.000000,0.002369,0.000000,0.000000,0.000000,1.177280,0.120463,0.139724,0.181376,0.004218,1.000000
diagnostic-day720,day720-repeat,3,base,wall_moving,1340.545468,0.745965,0.632500,1.384700,1.948100,392.708708,0.640113,0.520557,26.816667,15183.423333,14600.740000,0.000000,0.002858,0.000000,0.000000,0.000000,1.416584,0.098674,0.110812,0.119652,0.027583,1.000000
diagnostic-day720,day720-repeat,3,base,cloud_layer,1680.084004,0.595208,0.492000,1.119100,1.645200,473.585755,0.494296,0.334839,0.000000,0.000000,0.000000,0.000000,0.002716,0.000000,0.000000,0.000000,1.068080,0.125628,0.147472,0.149812,0.004422,1.000000
diagnostic-day720,day720-repeat,3,candidate,underground,1006.690465,0.993354,0.806250,1.987900,2.555300,351.668962,0.865344,0.525403,42.000000,22890.000000,22344.000000,0.000000,0.003976,0.000000,0.000000,0.000000,1.568944,0.052129,0.056108,0.063856,0.090843,1.000000
diagnostic-day720,day720-repeat,3,candidate,surface_still,1258.322229,0.794709,0.605200,1.687900,2.378700,382.090161,0.666219,0.668882,42.000000,22890.000000,22344.000000,0.000000,0.003715,0.000000,0.000000,0.000000,2.617212,0.058332,0.063492,0.066664,0.034845,1.000000
diagnostic-day720,day720-repeat,3,candidate,overview,1234.451568,0.810076,0.626300,1.833600,2.609200,339.958752,0.672673,0.512410,48.000000,25464.000000,25601.000000,0.000000,0.004902,0.000000,0.000000,0.000000,1.787864,0.001131,0.001508,0.001820,0.000626,0.000000
diagnostic-day720,day720-repeat,3,candidate,sky,1257.142139,0.795455,0.719450,1.621600,2.247400,398.994534,0.660855,0.391933,0.000000,0.000000,0.000000,0.000000,0.004373,0.000000,0.000000,0.000000,1.295528,0.128025,0.142324,0.144508,0.006175,1.000000
diagnostic-day720,day720-repeat,3,candidate,translate,1279.691509,0.781438,0.666500,1.416900,1.909600,438.606110,0.671572,0.554429,41.228333,23682.750000,22078.183333,0.000000,0.003140,0.000000,0.000000,0.000000,1.520688,0.049778,0.059020,0.060268,0.038466,1.000000
diagnostic-day720,day720-repeat,3,candidate,rotate,872.404071,1.146258,1.024500,2.174300,2.647900,287.535343,0.979544,0.588423,41.503333,23165.943333,22304.370000,0.000000,0.006450,0.000000,0.000000,0.000000,2.500680,0.058329,0.058032,0.066612,0.078995,1.000000
diagnostic-day720,day720-repeat,3,candidate,seam_edits,441.924981,2.262827,2.124200,3.748000,4.408600,194.731854,2.067783,0.777205,42.000000,22896.000000,22345.500000,0.000000,1.033091,2.000000,4.000000,167664.000000,2.592356,0.060339,0.081744,0.086996,0.065509,1.000000
diagnostic-day720,day720-repeat,3,candidate,sky_moving,1357.928128,0.736416,0.574800,1.784000,2.517100,345.313804,0.600172,0.457862,0.000000,0.000000,0.000000,0.000000,0.003783,0.000000,0.000000,0.000000,2.266940,0.142633,0.191152,0.192244,0.005558,1.000000
diagnostic-day720,day720-repeat,3,candidate,wall_moving,957.372816,1.044525,0.864400,2.292300,2.780800,330.180113,0.883893,0.796838,26.816667,15183.423333,14600.740000,0.000000,0.005634,0.000000,0.000000,0.000000,4.135196,0.067346,0.076804,0.079872,0.044060,1.000000
diagnostic-day720,day720-repeat,3,candidate,cloud_layer,1271.980350,0.786176,0.664650,1.636400,1.963400,394.513630,0.658649,0.404242,0.000000,0.000000,0.000000,0.000000,0.004272,0.000000,0.000000,0.000000,2.090868,0.134931,0.271076,0.294060,0.005814,1.000000
diagnostic-dusk1080-f3,dusk1080-f3,1,base,surface_still,439.464305,2.275498,1.825150,3.783100,4.935200,29.922083,1.710652,2.178634,42.000000,22890.000000,22344.000000,0.000000,0.006455,0.000000,0.000000,0.000000,5.711472,0.290463,0.425568,0.844272,0.117430,1.000000
diagnostic-dusk1080-f3,dusk1080-f3,1,candidate,surface_still,275.711904,3.626974,1.428550,2.945900,4.488200,4.907949,1.250593,3.455015,42.000000,22890.000000,22344.000000,0.000000,0.005510,0.000000,0.000000,0.000000,13.272116,0.253483,0.499668,2.444572,0.090979,1.000000
diagnostic-dusk1080-f3,dusk1080-f3,2,candidate,surface_still,487.981861,2.049256,1.218550,2.452900,2.998600,14.664774,1.154533,1.941380,42.000000,22890.000000,22344.000000,0.000000,0.004600,0.000000,0.000000,0.000000,5.900908,0.148078,0.275028,0.664248,0.087606,1.000000
diagnostic-dusk1080-f3,dusk1080-f3,2,base,surface_still,508.084040,1.968178,1.128000,2.544100,3.224700,15.494367,1.135282,1.861928,42.000000,22890.000000,22344.000000,0.000000,0.004675,0.000000,0.000000,0.000000,4.696744,0.255440,0.365508,0.614536,0.080255,1.000000
diagnostic-dusk1080-f3,dusk1080-f3,3,base,surface_still,486.525790,2.055389,1.553400,3.112900,3.996600,27.522911,1.571405,1.792468,42.000000,22890.000000,22344.000000,0.000000,0.007408,0.000000,0.000000,0.000000,5.415384,0.238969,0.251680,0.305136,0.154292,1.000000
diagnostic-dusk1080-f3,dusk1080-f3,3,candidate,surface_still,451.546977,2.214609,1.883650,4.180800,5.192400,76.028764,1.900163,1.714118,42.000000,22890.000000,22344.000000,0.000000,0.008196,0.000000,0.000000,0.000000,5.023460,0.129955,0.124800,0.685724,0.156322,1.000000
dusk1080-f3-final,dusk1080-f3-final,1,base,surface_still,536.850876,1.862715,1.461000,3.062800,4.179500,42.798692,1.486691,1.754249,42.000000,22890.000000,22344.000000,0.000000,0.005629,0.000000,0.000000,0.000000,3.090776,0.236709,0.250744,0.272272,0.119837,1.000000
dusk1080-f3-final,dusk1080-f3-final,1,candidate,surface_still,598.746524,1.670156,1.287250,2.788500,4.124800,48.414115,1.320468,1.601911,42.000000,22890.000000,22344.000000,0.000000,0.004466,0.000000,0.000000,0.000000,3.301168,0.118810,0.121524,0.146848,0.094568,1.000000
dusk1080-f3-final,dusk1080-f3-final,2,candidate,surface_still,599.926149,1.666872,1.236550,2.975700,3.890400,47.034808,1.321319,1.593300,42.000000,22890.000000,22344.000000,0.000000,0.004466,0.000000,0.000000,0.000000,3.332992,0.118700,0.118404,0.127712,0.095002,1.000000
dusk1080-f3-final,dusk1080-f3-final,2,base,surface_still,562.278533,1.778478,1.162700,2.629500,3.481700,22.421474,1.169974,1.708389,42.000000,22890.000000,22344.000000,0.000000,0.004691,0.000000,0.000000,0.000000,3.337412,0.236582,0.241176,0.274976,0.083135,1.000000
dusk1080-f3-final,dusk1080-f3-final,3,base,surface_still,558.032029,1.792012,1.209000,2.505400,3.366400,23.795719,1.215521,1.713422,42.000000,22890.000000,22344.000000,0.000000,0.004797,0.000000,0.000000,0.000000,3.375008,0.235023,0.244920,0.263796,0.085168,1.000000
dusk1080-f3-final,dusk1080-f3-final,3,candidate,surface_still,591.751050,1.689900,1.169700,2.486600,3.230500,28.648958,1.197333,1.590440,42.000000,22890.000000,22344.000000,0.000000,0.004455,0.000000,0.000000,0.000000,2.911116,0.124446,0.120692,0.598728,0.087828,1.000000
diagnostic-night1080,night1080,1,base,underground,223.787124,4.468532,1.288250,2.653300,3.200400,3.248810,1.033999,4.346110,42.000000,22890.000000,22344.000000,0.000000,0.006480,0.000000,0.000000,0.000000,13.717548,0.555377,1.039792,1.046136,0.102766,1.000000
diagnostic-night1080,night1080,1,base,surface_still,633.286421,1.579064,0.593250,1.336700,2.043000,11.114235,0.549694,1.494377,42.000000,22890.000000,22344.000000,0.000000,0.003299,0.000000,0.000000,0.000000,2.911428,0.234278,0.241956,0.272064,0.026879,1.000000
diagnostic-night1080,night1080,1,base,overview,763.354020,1.310008,0.565850,1.289100,1.842200,15.050034,0.522250,1.231906,48.000000,25464.000000,25601.000000,0.000000,0.003259,0.000000,0.000000,0.000000,2.490228,0.199234,0.217516,0.231192,0.043596,1.000000
diagnostic-night1080,night1080,1,base,sky,1026.357722,0.974319,0.481700,1.165000,1.605700,24.584330,0.471077,0.920839,0.000000,0.000000,0.000000,0.000000,0.002443,0.000000,0.000000,0.000000,1.997736,0.277543,0.291096,0.306488,0.003813,1.000000
diagnostic-night1080,night1080,1,base,translate,692.840727,1.443333,0.657500,1.635300,2.194800,14.954266,0.643744,1.359513,41.228333,23682.750000,22078.183333,0.000000,0.003141,0.000000,0.000000,0.000000,2.736604,0.234810,0.241072,0.270608,0.037207,1.000000
diagnostic-night1080,night1080,1,base,rotate,758.228485,1.318864,0.693750,1.590200,2.438800,19.108633,0.669315,1.241641,41.503333,23165.943333,22304.370000,0.000000,0.003535,0.000000,0.000000,0.000000,2.452008,0.233064,0.244296,0.250276,0.044958,1.000000
diagnostic-night1080,night1080,1,base,seam_edits,539.017549,1.855227,1.767250,2.763800,3.347300,267.155859,1.707339,1.443020,42.000000,22896.000000,22345.500000,0.000000,0.908291,2.000000,4.000000,167664.000000,2.682628,0.221985,0.242008,0.256516,0.046567,1.000000
diagnostic-night1080,night1080,1,base,sky_moving,1016.543913,0.983725,0.480100,1.163600,1.699500,23.111777,0.446096,0.924010,0.000000,0.000000,0.000000,0.000000,0.002554,0.000000,0.000000,0.000000,2.208180,0.279356,0.294164,0.310648,0.003588,1.000000
diagnostic-night1080,night1080,1,base,wall_moving,788.814505,1.267725,0.682600,1.608700,2.357200,21.325721,0.674031,1.194999,26.770000,15140.680000,14573.851667,0.000000,0.003693,0.000000,0.000000,0.000000,2.448056,0.226639,0.240292,0.249704,0.029321,1.000000
diagnostic-night1080,night1080,1,base,cloud_layer,1202.496382,0.831603,0.482250,1.286500,1.835500,40.570941,0.495354,0.781127,0.000000,0.000000,0.000000,0.000000,0.002634,0.000000,0.000000,0.000000,1.928108,0.287816,0.315172,0.327080,0.003831,1.000000
diagnostic-night1080,night1080,1,candidate,underground,787.174410,1.270366,0.868650,1.807700,2.597000,33.851735,0.836700,1.189993,42.000000,22890.000000,22344.000000,0.000000,0.003659,0.000000,0.000000,0.000000,2.568748,0.111693,0.118716,0.125372,0.090416,1.000000
diagnostic-night1080,night1080,1,candidate,surface_still,403.322924,2.479403,0.879750,2.657700,4.822600,7.287031,0.818729,2.339196,42.000000,22890.000000,22344.000000,0.000000,0.005601,0.000000,0.000000,0.000000,7.357480,0.196226,0.207220,1.298648,0.042151,1.000000
diagnostic-night1080,night1080,1,candidate,overview,884.415320,1.130691,0.568800,1.486200,2.009400,23.252795,0.574700,1.057844,48.000000,25464.000000,25601.000000,0.000000,0.003605,0.000000,0.000000,0.000000,2.914340,0.001100,0.001560,0.002028,0.000510,0.000000
diagnostic-night1080,night1080,1,candidate,sky,984.003869,1.016256,0.581200,1.540300,2.359500,33.512252,0.600287,0.950087,0.000000,0.000000,0.000000,0.000000,0.003562,0.000000,0.000000,0.000000,2.474264,0.278422,0.295152,0.303836,0.004724,1.000000
diagnostic-night1080,night1080,1,candidate,translate,746.008296,1.340468,0.868550,2.118900,2.982100,29.730979,0.847031,1.274064,41.228333,23682.750000,22078.183333,0.000000,0.004569,0.000000,0.000000,0.000000,2.880332,0.126125,0.119080,0.891176,0.050666,1.000000
diagnostic-night1080,night1080,1,candidate,rotate,793.170275,1.260763,0.773850,1.847200,2.498200,27.107225,0.750764,1.190030,41.503333,23165.943333,22304.370000,0.000000,0.003758,0.000000,0.000000,0.000000,2.834416,0.118803,0.157560,0.160784,0.052076,1.000000
diagnostic-night1080,night1080,1,candidate,seam_edits,487.173375,2.052657,1.913450,3.352700,4.208700,225.330955,1.869507,1.389617,42.000000,22896.000000,22345.500000,0.000000,0.942895,2.000000,4.000000,167664.000000,3.490032,0.121061,0.125268,0.476112,0.059011,1.000000
diagnostic-night1080,night1080,1,candidate,sky_moving,1000.075672,0.999924,0.519100,1.331400,2.038400,26.739517,0.515358,0.945672,0.000000,0.000000,0.000000,0.000000,0.002934,0.000000,0.000000,0.000000,2.161484,0.284716,0.306020,0.445120,0.004201,1.000000
diagnostic-night1080,night1080,1,candidate,wall_moving,838.729744,1.192279,0.810000,2.111000,2.741100,41.922159,0.822742,1.126243,26.770000,15140.680000,14573.851667,0.000000,0.004195,0.000000,0.000000,0.000000,2.497924,0.118342,0.126256,0.128596,0.038169,1.000000
diagnostic-night1080,night1080,1,candidate,cloud_layer,1090.396010,0.917098,0.714100,1.862500,2.460500,95.211194,0.689440,0.817859,0.000000,0.000000,0.000000,0.000000,0.004123,0.000000,0.000000,0.000000,2.153580,0.293353,0.370812,0.392028,0.005534,1.000000
diagnostic-night1080,night1080,2,candidate,underground,603.685257,1.656492,1.380150,2.834600,3.620000,50.144625,1.325294,1.358904,42.000000,22890.000000,22344.000000,0.000000,0.007287,0.000000,0.000000,0.000000,3.712228,0.123567,0.155636,0.158808,0.130153,1.000000
diagnostic-night1080,night1080,2,candidate,surface_still,684.139124,1.461691,0.620700,1.463900,2.120300,13.312684,0.532284,1.376422,42.000000,22890.000000,22344.000000,0.000000,0.003678,0.000000,0.000000,0.000000,2.689180,0.115011,0.118716,0.142324,0.027934,1.000000
diagnostic-night1080,night1080,2,candidate,overview,840.519424,1.189740,0.571900,1.514900,2.325000,19.981424,0.557132,1.105913,48.000000,25464.000000,25601.000000,0.000000,0.003617,0.000000,0.000000,0.000000,2.448160,0.001141,0.001560,0.002184,0.000541,0.000000
diagnostic-night1080,night1080,2,candidate,sky,1017.584712,0.982719,0.479750,1.204500,1.751000,25.288276,0.491509,0.924400,0.000000,0.000000,0.000000,0.000000,0.002729,0.000000,0.000000,0.000000,1.886820,0.277572,0.291252,0.297856,0.004106,1.000000
diagnostic-night1080,night1080,2,candidate,translate,760.407507,1.315084,0.618600,1.626700,2.197700,18.224901,0.641689,1.242018,41.228333,23682.750000,22078.183333,0.000000,0.003492,0.000000,0.000000,0.000000,2.731300,0.116596,0.117104,0.124748,0.038169,1.000000
diagnostic-night1080,night1080,2,candidate,rotate,815.497275,1.226246,0.979150,1.991900,2.486800,58.218513,0.903311,1.159384,41.503333,23165.943333,22304.370000,0.000000,0.005207,0.000000,0.000000,0.000000,2.613884,0.114919,0.122668,0.130728,0.064405,1.000000
diagnostic-night1080,night1080,2,candidate,seam_edits,524.406261,1.906918,1.798350,3.038100,3.754000,248.957491,1.755824,1.361365,42.000000,22896.000000,22345.500000,0.000000,0.957321,2.000000,4.000000,167664.000000,2.514512,0.114280,0.132912,0.135928,0.049435,1.000000
diagnostic-night1080,night1080,2,candidate,sky_moving,972.254608,1.028537,0.478250,1.473800,2.163200,24.171102,0.502783,0.963192,0.000000,0.000000,0.000000,0.000000,0.003323,0.000000,0.000000,0.000000,2.071836,0.286092,0.315952,0.325416,0.004536,1.000000
diagnostic-night1080,night1080,2,candidate,wall_moving,883.770353,1.131516,0.589600,1.551900,2.451400,26.009775,0.644283,1.071485,26.770000,15140.680000,14573.851667,0.000000,0.003270,0.000000,0.000000,0.000000,2.236520,0.111108,0.117832,0.125632,0.029356,1.000000
diagnostic-night1080,night1080,2,candidate,cloud_layer,1194.334555,0.837286,0.496650,1.310900,1.842700,42.891824,0.507648,0.780714,0.000000,0.000000,0.000000,0.000000,0.002946,0.000000,0.000000,0.000000,1.972048,0.287972,0.313144,0.326144,0.004266,1.000000
diagnostic-night1080,night1080,2,base,underground,715.045621,1.398512,0.832550,1.894000,2.443300,23.186882,0.801485,1.335820,42.000000,22890.000000,22344.000000,0.000000,0.004381,0.000000,0.000000,0.000000,2.769260,0.232097,0.244504,0.256464,0.082435,1.000000
diagnostic-night1080,night1080,2,base,surface_still,630.128259,1.586978,0.626450,1.485700,2.169800,11.563987,0.551300,1.507719,42.000000,22890.000000,22344.000000,0.000000,0.003873,0.000000,0.000000,0.000000,2.950584,0.237529,0.243360,0.262704,0.026413,1.000000
diagnostic-night1080,night1080,2,base,overview,760.728651,1.314529,0.568350,1.685100,2.404400,16.858142,0.599622,1.240402,48.000000,25464.000000,25601.000000,0.000000,0.003497,0.000000,0.000000,0.000000,2.819336,0.200332,0.209872,0.229788,0.048302,1.000000
diagnostic-night1080,night1080,2,base,sky,1014.455312,0.985751,0.505550,1.334000,1.951700,27.274674,0.509138,0.933696,0.000000,0.000000,0.000000,0.000000,0.003192,0.000000,0.000000,0.000000,2.249000,0.280163,0.291824,0.298584,0.004458,1.000000
diagnostic-night1080,night1080,2,base,translate,691.464186,1.446206,0.620550,1.620600,2.472400,14.534996,0.627573,1.360392,41.228333,23682.750000,22078.183333,0.000000,0.003427,0.000000,0.000000,0.000000,2.959008,0.232339,0.244244,0.257764,0.035780,1.000000
diagnostic-night1080,night1080,2,base,rotate,746.716408,1.339196,0.752350,1.878300,2.357200,21.530178,0.743963,1.272023,41.503333,23165.943333,22304.370000,0.000000,0.003682,0.000000,0.000000,0.000000,2.970448,0.237085,0.250224,0.264992,0.047453,1.000000
diagnostic-night1080,night1080,2,base,seam_edits,525.224107,1.903949,1.745600,3.156400,3.612500,241.817500,1.755067,1.435563,42.000000,22896.000000,22345.500000,0.000000,0.938816,2.000000,4.000000,167664.000000,2.766608,0.223029,0.242112,0.255996,0.047449,1.000000
diagnostic-night1080,night1080,2,base,sky_moving,1017.291066,0.983003,0.497950,1.196700,1.922800,25.966292,0.487464,0.930756,0.000000,0.000000,0.000000,0.000000,0.003098,0.000000,0.000000,0.000000,2.148952,0.281026,0.302016,0.303888,0.004497,1.000000
diagnostic-night1080,night1080,2,base,wall_moving,792.616094,1.261645,0.655250,1.553900,2.604300,19.524208,0.637376,1.200011,26.770000,15140.680000,14573.851667,0.000000,0.003351,0.000000,0.000000,0.000000,2.387112,0.230188,0.241748,0.255112,0.026955,1.000000
diagnostic-night1080,night1080,2,base,cloud_layer,1203.858608,0.830662,0.501250,1.316500,1.972200,45.512954,0.517349,0.788963,0.000000,0.000000,0.000000,0.000000,0.002955,0.000000,0.000000,0.000000,1.850472,0.292499,0.314236,0.324272,0.004382,1.000000
diagnostic-night1080,night1080,3,base,underground,706.649525,1.415129,0.865450,1.931800,2.589600,22.950554,0.835751,1.332946,42.000000,22890.000000,22344.000000,0.000000,0.003835,0.000000,0.000000,0.000000,2.681120,0.234377,0.247884,0.264576,0.084755,1.000000
diagnostic-night1080,night1080,3,base,surface_still,626.791121,1.595428,0.709000,1.486000,2.146800,12.398844,0.619625,1.506777,42.000000,22890.000000,22344.000000,0.000000,0.004012,0.000000,0.000000,0.000000,2.738164,0.234794,0.242008,0.254488,0.030209,1.000000
diagnostic-night1080,night1080,3,base,overview,748.001247,1.336896,0.588450,1.504100,2.279600,15.839000,0.573823,1.253877,48.000000,25464.000000,25601.000000,0.000000,0.003549,0.000000,0.000000,0.000000,2.495376,0.202512,0.216164,0.246272,0.047569,1.000000
diagnostic-night1080,night1080,3,base,sky,1013.528408,0.986652,0.485300,1.194900,1.738600,24.685364,0.474695,0.927374,0.000000,0.000000,0.000000,0.000000,0.002864,0.000000,0.000000,0.000000,2.109224,0.278832,0.291980,0.299052,0.004077,1.000000
diagnostic-night1080,night1080,3,base,translate,685.156294,1.459521,0.655900,1.605100,2.299600,15.223647,0.665043,1.374395,41.228333,23682.750000,22078.183333,0.000000,0.003594,0.000000,0.000000,0.000000,2.835196,0.241352,0.243308,0.526032,0.036898,1.000000
diagnostic-night1080,night1080,3,base,rotate,753.790530,1.326629,0.749850,1.607400,2.313900,20.858922,0.717830,1.249079,41.503333,23165.943333,22304.370000,0.000000,0.003929,0.000000,0.000000,0.000000,2.626728,0.238633,0.246116,0.254228,0.046268,1.000000
diagnostic-night1080,night1080,3,base,seam_edits,462.989078,2.159878,1.996900,3.729800,5.488600,158.224927,1.964906,1.566537,42.000000,22896.000000,22345.500000,0.000000,0.988939,2.000000,4.000000,167664.000000,3.611036,0.238201,0.251940,0.277992,0.058056,1.000000
diagnostic-night1080,night1080,3,base,sky_moving,996.778412,1.003232,0.551000,1.561900,2.203400,34.040680,0.594814,0.936317,0.000000,0.000000,0.000000,0.000000,0.003580,0.000000,0.000000,0.000000,2.016872,0.282983,0.294320,0.303836,0.004954,1.000000
diagnostic-night1080,night1080,3,base,wall_moving,699.522378,1.429547,0.763550,1.777500,2.542300,18.231275,0.755904,1.297657,26.770000,15140.680000,14573.851667,0.000000,0.003765,0.000000,0.000000,0.000000,5.218512,0.226685,0.243620,0.258804,0.033563,1.000000
diagnostic-night1080,night1080,3,base,cloud_layer,899.070361,1.112260,0.630850,1.706000,2.349800,28.301032,0.607672,0.978488,0.000000,0.000000,0.000000,0.000000,0.004758,0.000000,0.000000,0.000000,4.610892,0.305516,0.385788,0.403728,0.006217,1.000000
diagnostic-night1080,night1080,3,candidate,underground,722.435127,1.384207,1.183050,2.403600,3.140900,101.210819,1.132811,1.303636,42.000000,22890.000000,22344.000000,0.000000,0.007009,0.000000,0.000000,0.000000,3.950024,0.116786,0.121212,0.128232,0.133557,1.000000
diagnostic-night1080,night1080,3,candidate,surface_still,641.223283,1.559519,0.795650,1.600200,2.094900,14.187127,0.647642,1.464008,42.000000,22890.000000,22344.000000,0.000000,0.004901,0.000000,0.000000,0.000000,3.460756,0.121001,0.141700,0.159068,0.034978,1.000000
diagnostic-night1080,night1080,3,candidate,overview,831.555076,1.202566,0.693000,1.893100,2.819700,27.060865,0.698256,1.091109,48.000000,25464.000000,25601.000000,0.000000,0.004510,0.000000,0.000000,0.000000,2.618356,0.001108,0.001560,0.002184,0.000564,0.000000
diagnostic-night1080,night1080,3,candidate,sky,999.288673,1.000712,0.542100,1.434900,2.064900,30.348722,0.555195,0.940639,0.000000,0.000000,0.000000,0.000000,0.003788,0.000000,0.000000,0.000000,2.098408,0.282555,0.296764,0.304148,0.005279,1.000000
diagnostic-night1080,night1080,3,candidate,translate,656.404009,1.523452,0.782300,2.065500,2.836900,17.107937,0.779925,1.295515,41.228333,23682.750000,22078.183333,0.000000,0.004446,0.000000,0.000000,0.000000,4.284436,0.126494,0.117156,0.658424,0.052569,1.000000
diagnostic-night1080,night1080,3,candidate,rotate,709.630790,1.409183,0.954150,2.159600,2.972700,32.220457,0.917525,1.317932,41.503333,23165.943333,22304.370000,0.000000,0.005747,0.000000,0.000000,0.000000,3.676504,0.135274,0.213252,0.231920,0.065520,1.000000
diagnostic-night1080,night1080,3,candidate,seam_edits,489.936380,2.041081,1.945150,3.192000,3.942700,228.696885,1.883774,1.299336,42.000000,22896.000000,22345.500000,0.000000,1.014836,2.000000,4.000000,167664.000000,2.519816,0.110618,0.117208,0.125268,0.054506,1.000000
diagnostic-night1080,night1080,3,candidate,sky_moving,937.869286,1.066247,0.581900,1.491700,1.929300,26.889153,0.571422,1.000086,0.000000,0.000000,0.000000,0.000000,0.003246,0.000000,0.000000,0.000000,2.263976,0.293997,0.324064,0.397904,0.004831,1.000000
diagnostic-night1080,night1080,3,candidate,wall_moving,849.794201,1.176756,0.884350,2.146900,3.117500,57.992587,0.880815,1.094449,26.770000,15140.680000,14573.851667,0.000000,0.005278,0.000000,0.000000,0.000000,2.485392,0.113660,0.119860,0.129688,0.044022,1.000000
diagnostic-night1080,night1080,3,candidate,cloud_layer,1057.089157,0.945994,0.738650,2.148800,2.972500,232.607726,0.763305,0.800087,0.000000,0.000000,0.000000,0.000000,0.005484,0.000000,0.000000,0.000000,2.155348,0.287147,0.313872,0.325364,0.006708,1.000000
night1080-final,night1080-final,1,base,underground,666.594674,1.500162,1.055400,2.505700,3.244700,33.396508,1.021115,1.410284,42.000000,22890.000000,22344.000000,0.000000,0.005589,0.000000,0.000000,0.000000,3.347292,0.236208,0.264940,0.369876,0.095556,1.000000
night1080-final,night1080-final,1,base,surface_still,553.142625,1.807852,0.955300,2.390100,3.324000,13.785162,0.861038,1.682036,42.000000,22890.000000,22344.000000,0.000000,0.006152,0.000000,0.000000,0.000000,4.944836,0.256759,0.297856,1.073800,0.043242,1.000000
night1080-final,night1080-final,1,base,overview,666.945598,1.499373,0.758050,3.004400,4.480400,21.424401,0.849829,1.392941,48.000000,25464.000000,25601.000000,0.000000,0.005882,0.000000,0.000000,0.000000,4.714424,0.206080,0.266552,0.285272,0.068190,1.000000
night1080-final,night1080-final,1,base,sky,848.733124,1.178227,0.703750,2.859300,3.504400,42.727465,0.794820,0.961812,0.000000,0.000000,0.000000,0.000000,0.004406,0.000000,0.000000,0.000000,2.967796,0.273307,0.292916,0.304408,0.006010,1.000000
night1080-final,night1080-final,1,base,translate,595.208276,1.680084,1.026350,2.357300,3.163900,18.501639,0.956833,1.598336,41.228333,23682.750000,22078.183333,0.000000,0.005285,0.000000,0.000000,0.000000,4.969380,0.275488,0.447200,0.846040,0.053911,1.000000
night1080-final,night1080-final,1,base,rotate,749.654597,1.333948,0.784200,1.641100,2.076900,21.024606,0.723430,1.254412,41.503333,23165.943333,22304.370000,0.000000,0.004289,0.000000,0.000000,0.000000,2.700932,0.234536,0.250016,0.262132,0.048786,1.000000
night1080-final,night1080-final,1,base,seam_edits,463.259399,2.158618,1.904650,3.935700,5.043700,175.036831,1.983581,1.456979,42.000000,22896.000000,22345.500000,0.000000,0.969540,2.000000,4.000000,167664.000000,3.082196,0.223803,0.242476,0.261144,0.063438,1.000000
night1080-final,night1080-final,1,base,sky_moving,993.584096,1.006457,0.594650,1.298500,2.064400,30.280259,0.561475,0.950855,0.000000,0.000000,0.000000,0.000000,0.003811,0.000000,0.000000,0.000000,2.185248,0.284289,0.298480,0.316524,0.004525,1.000000
night1080-final,night1080-final,1,base,wall_moving,765.405410,1.306497,0.839250,1.880400,2.553400,28.559542,0.821326,1.235162,26.770000,15140.680000,14573.851667,0.000000,0.005212,0.000000,0.000000,0.000000,2.717728,0.230357,0.242684,0.250952,0.039353,1.000000
night1080-final,night1080-final,1,base,cloud_layer,1204.795568,0.830016,0.541800,1.509300,2.256900,61.571868,0.561568,0.783047,0.000000,0.000000,0.000000,0.000000,0.003654,0.000000,0.000000,0.000000,1.907516,0.288968,0.313716,0.330876,0.005695,1.000000
night1080-final,night1080-final,1,candidate,underground,769.684291,1.299234,1.005050,2.098800,2.745900,54.547884,0.970951,1.220423,42.000000,22890.000000,22344.000000,0.000000,0.005266,0.000000,0.000000,0.000000,2.732028,0.112410,0.121108,0.126256,0.099603,1.000000
night1080-final,night1080-final,1,candidate,surface_still,656.103187,1.524151,0.973800,2.093700,3.076000,21.708927,0.885225,1.423990,42.000000,22890.000000,22344.000000,0.000000,0.006305,0.000000,0.000000,0.000000,2.859688,0.134632,0.136448,1.102504,0.048146,1.000000
night1080-final,night1080-final,1,candidate,overview,913.606061,1.094564,0.636300,1.588100,2.111500,28.071213,0.604141,1.031329,48.000000,25464.000000,25601.000000,0.000000,0.003738,0.000000,0.000000,0.000000,2.342236,0.001091,0.001508,0.001976,0.000557,0.000000
night1080-final,night1080-final,1,candidate,sky,1008.259833,0.991808,0.523850,1.185600,2.045000,25.753748,0.486714,0.932782,0.000000,0.000000,0.000000,0.000000,0.003081,0.000000,0.000000,0.000000,2.075892,0.280206,0.291928,0.301652,0.004291,1.000000
night1080-final,night1080-final,1,candidate,translate,730.469172,1.368983,0.801600,1.715100,2.432700,21.231971,0.757907,1.282303,41.228333,23682.750000,22078.183333,0.000000,0.004378,0.000000,0.000000,0.000000,3.147092,0.116295,0.117676,0.130416,0.045710,1.000000
night1080-final,night1080-final,1,candidate,rotate,841.549073,1.188285,0.699200,1.575000,2.104300,25.626000,0.682575,1.122294,41.503333,23165.943333,22304.370000,0.000000,0.003608,0.000000,0.000000,0.000000,2.387008,0.113919,0.122460,0.129480,0.047937,1.000000
night1080-final,night1080-final,1,candidate,seam_edits,552.471079,1.810050,1.645650,2.916900,3.588000,230.889116,1.672029,1.302816,42.000000,22896.000000,22345.500000,0.000000,0.897495,2.000000,4.000000,167664.000000,2.649608,0.109429,0.117312,0.126308,0.047264,1.000000
night1080-final,night1080-final,1,candidate,sky_moving,988.718231,1.011410,0.509250,1.308800,1.869800,25.803200,0.518677,0.942125,0.000000,0.000000,0.000000,0.000000,0.003100,0.000000,0.000000,0.000000,2.425020,0.278831,0.295672,0.302224,0.004290,1.000000
night1080-final,night1080-final,1,candidate,wall_moving,891.619358,1.121555,0.692100,1.721000,2.375100,32.101166,0.697901,1.065289,26.770000,15140.680000,14573.851667,0.000000,0.003550,0.000000,0.000000,0.000000,2.331420,0.112976,0.119288,0.125164,0.032905,1.000000
night1080-final,night1080-final,1,candidate,cloud_layer,1212.969310,0.824423,0.485300,1.274700,1.942300,43.943746,0.497911,0.774087,0.000000,0.000000,0.000000,0.000000,0.003426,0.000000,0.000000,0.000000,1.972308,0.284927,0.308256,0.318708,0.004765,1.000000
night1080-final,night1080-final,2,candidate,underground,788.801853,1.267745,0.852300,2.022400,2.699000,37.147861,0.866452,1.196345,42.000000,22890.000000,22344.000000,0.000000,0.004253,0.000000,0.000000,0.000000,2.386488,0.112788,0.120120,0.124644,0.088456,1.000000
night1080-final,night1080-final,2,candidate,surface_still,673.851647,1.484006,0.708050,1.590100,2.367200,14.918118,0.637084,1.377570,42.000000,22890.000000,22344.000000,0.000000,0.004120,0.000000,0.000000,0.000000,2.820116,0.116086,0.119964,0.132548,0.033813,1.000000
night1080-final,night1080-final,2,candidate,overview,903.133784,1.107256,0.586900,1.717900,2.456300,27.383056,0.605646,1.031377,48.000000,25464.000000,25601.000000,0.000000,0.003980,0.000000,0.000000,0.000000,2.293720,0.001104,0.001560,0.002132,0.000563,0.000000
night1080-final,night1080-final,2,candidate,sky,1014.133985,0.986063,0.493750,1.392700,2.092100,27.315961,0.512763,0.919678,0.000000,0.000000,0.000000,0.000000,0.003093,0.000000,0.000000,0.000000,2.169232,0.276565,0.291200,0.298896,0.004278,1.000000
night1080-final,night1080-final,2,candidate,translate,743.915884,1.344238,0.708900,1.703400,2.445700,19.138500,0.687995,1.249489,41.228333,23682.750000,22078.183333,0.000000,0.004066,0.000000,0.000000,0.000000,2.714764,0.117293,0.117988,0.133484,0.040988,1.000000
night1080-final,night1080-final,2,candidate,rotate,821.238093,1.217674,0.712750,1.814600,2.616500,27.065370,0.724722,1.137384,41.503333,23165.943333,22304.370000,0.000000,0.004094,0.000000,0.000000,0.000000,2.452736,0.114272,0.122044,0.124852,0.049813,1.000000
night1080-final,night1080-final,2,candidate,seam_edits,559.614679,1.786944,1.643350,2.847000,3.519100,226.277620,1.645781,1.293547,42.000000,22896.000000,22345.500000,0.000000,0.867079,2.000000,4.000000,167664.000000,2.777840,0.109806,0.117676,0.131768,0.047848,1.000000
night1080-final,night1080-final,2,candidate,sky_moving,1015.361574,0.984871,0.489700,1.374500,2.247400,26.087637,0.501782,0.928489,0.000000,0.000000,0.000000,0.000000,0.002833,0.000000,0.000000,0.000000,2.145468,0.279358,0.292968,0.311688,0.004316,1.000000
night1080-final,night1080-final,2,candidate,wall_moving,851.465528,1.174446,0.668600,1.820800,2.583800,27.834258,0.707682,1.082820,26.770000,15140.680000,14573.851667,0.000000,0.003487,0.000000,0.000000,0.000000,2.217332,0.112823,0.118144,0.126620,0.032396,1.000000
night1080-final,night1080-final,2,candidate,cloud_layer,1197.315141,0.835202,0.463800,1.428300,2.146300,41.599357,0.492953,0.784801,0.000000,0.000000,0.000000,0.000000,0.003100,0.000000,0.000000,0.000000,2.082964,0.285914,0.309556,0.322712,0.004144,1.000000
night1080-final,night1080-final,2,base,underground,711.285866,1.405904,0.910750,1.999000,2.591000,26.388961,0.874379,1.343466,42.000000,22890.000000,22344.000000,0.000000,0.005155,0.000000,0.000000,0.000000,2.851784,0.230917,0.245336,0.256256,0.089539,1.000000
night1080-final,night1080-final,2,base,surface_still,596.481001,1.676499,0.772350,1.909000,2.953200,12.639168,0.691652,1.549978,42.000000,22890.000000,22344.000000,0.000000,0.004497,0.000000,0.000000,0.000000,3.303404,0.240590,0.245024,0.276484,0.033150,1.000000
night1080-final,night1080-final,2,base,overview,738.289438,1.354482,0.614200,1.793000,2.702000,17.970878,0.665196,1.286067,48.000000,25464.000000,25601.000000,0.000000,0.004005,0.000000,0.000000,0.000000,2.990988,0.203489,0.219336,0.266136,0.053300,1.000000
night1080-final,night1080-final,2,base,sky,1010.674066,0.989439,0.487100,1.326100,1.955500,25.112189,0.485961,0.938139,0.000000,0.000000,0.000000,0.000000,0.003113,0.000000,0.000000,0.000000,2.443272,0.279945,0.293280,0.301288,0.003986,1.000000
night1080-final,night1080-final,2,base,translate,675.475239,1.480439,0.651300,1.623700,2.362300,14.290274,0.649097,1.395574,41.228333,23682.750000,22078.183333,0.000000,0.003538,0.000000,0.000000,0.000000,2.997592,0.237690,0.245908,0.286052,0.035720,1.000000
night1080-final,night1080-final,2,base,rotate,752.795978,1.328381,0.704100,1.749300,2.385300,20.503463,0.718153,1.257947,41.503333,23165.943333,22304.370000,0.000000,0.003818,0.000000,0.000000,0.000000,3.031912,0.236510,0.248612,0.273884,0.053033,1.000000
night1080-final,night1080-final,2,base,seam_edits,551.236060,1.814105,1.640000,3.022800,3.895100,225.178736,1.664744,1.481521,42.000000,22896.000000,22345.500000,0.000000,0.854017,2.000000,4.000000,167664.000000,3.090672,0.233337,0.243880,0.264004,0.047429,1.000000
night1080-final,night1080-final,2,base,sky_moving,999.537880,1.000462,0.462150,1.333200,1.842000,22.089343,0.451647,0.945301,0.000000,0.000000,0.000000,0.000000,0.002612,0.000000,0.000000,0.000000,2.225652,0.282670,0.296036,0.307268,0.003466,1.000000
night1080-final,night1080-final,2,base,wall_moving,671.846980,1.488434,0.728450,2.550700,4.737300,19.543815,0.849545,1.417264,26.770000,15140.680000,14573.851667,0.000000,0.004545,0.000000,0.000000,0.000000,4.514224,0.230817,0.251212,0.266656,0.036181,1.000000
night1080-final,night1080-final,2,base,cloud_layer,1119.089390,0.893584,0.488200,1.425200,2.180500,36.291208,0.517141,0.852436,0.000000,0.000000,0.000000,0.000000,0.003286,0.000000,0.000000,0.000000,2.424812,0.307296,0.459368,0.599092,0.004452,1.000000
night1080-final,night1080-final,3,base,underground,710.144893,1.408163,0.882400,2.062000,2.515500,25.354937,0.869839,1.335680,42.000000,22890.000000,22344.000000,0.000000,0.003902,0.000000,0.000000,0.000000,2.956564,0.236116,0.247156,0.262860,0.087845,1.000000
night1080-final,night1080-final,3,base,surface_still,609.885450,1.639652,0.621700,1.711500,2.400500,11.205850,0.578051,1.546756,42.000000,22890.000000,22344.000000,0.000000,0.003744,0.000000,0.000000,0.000000,3.675620,0.240595,0.251264,0.273156,0.027392,1.000000
night1080-final,night1080-final,3,base,overview,753.711180,1.326768,0.656400,1.634000,2.613400,17.945272,0.634449,1.254179,48.000000,25464.000000,25601.000000,0.000000,0.004004,0.000000,0.000000,0.000000,2.702440,0.206634,0.214188,0.241072,0.049619,1.000000
night1080-final,night1080-final,3,base,sky,991.837180,1.008230,0.496750,1.339700,2.126900,25.031696,0.509300,0.937965,0.000000,0.000000,0.000000,0.000000,0.003008,0.000000,0.000000,0.000000,2.315248,0.281959,0.295620,0.315172,0.004127,1.000000
night1080-final,night1080-final,3,base,translate,629.353553,1.588932,0.661950,1.522500,2.433300,12.395158,0.653446,1.483643,41.228333,23682.750000,22078.183333,0.000000,0.003644,0.000000,0.000000,0.000000,3.440684,0.259070,0.286052,0.878540,0.036891,1.000000
night1080-final,night1080-final,3,base,rotate,694.308877,1.440281,0.795200,2.536500,3.658000,23.389980,0.864604,1.370494,41.503333,23165.943333,22304.370000,0.000000,0.004953,0.000000,0.000000,0.000000,4.299100,0.236659,0.250276,0.278616,0.057118,1.000000
night1080-final,night1080-final,3,base,seam_edits,498.320577,2.006740,1.762550,3.200100,3.734700,72.314249,1.688869,1.949442,42.000000,22896.000000,22345.500000,0.000000,0.835374,2.000000,4.000000,167664.000000,5.781828,0.290865,0.447356,1.176552,0.051041,1.000000
night1080-final,night1080-final,3,base,sky_moving,902.815249,1.107646,0.501750,1.339100,1.769000,20.253500,0.496842,1.034708,0.000000,0.000000,0.000000,0.000000,0.003501,0.000000,0.000000,0.000000,4.247152,0.277683,0.292760,0.302380,0.003990,1.000000
night1080-final,night1080-final,3,base,wall_moving,648.850669,1.541187,0.707150,1.744900,2.554700,14.097708,0.688223,1.486931,26.770000,15140.680000,14573.851667,0.000000,0.004039,0.000000,0.000000,0.000000,4.622540,0.255766,0.368836,0.447616,0.031120,1.000000
night1080-final,night1080-final,3,base,cloud_layer,1123.486523,0.890086,0.482550,1.207800,1.858900,31.385793,0.471806,0.848469,0.000000,0.000000,0.000000,0.000000,0.002919,0.000000,0.000000,0.000000,2.956356,0.285786,0.306540,0.313300,0.004256,1.000000
night1080-final,night1080-final,3,candidate,underground,673.104009,1.485654,0.863300,1.866900,2.779300,19.541931,0.786057,1.396345,42.000000,22890.000000,22344.000000,0.000000,0.005018,0.000000,0.000000,0.000000,4.920188,0.127193,0.272688,0.300612,0.081053,1.000000
night1080-final,night1080-final,3,candidate,surface_still,679.725246,1.471183,0.647250,1.522300,2.205100,13.862034,0.600846,1.406696,42.000000,22890.000000,22344.000000,0.000000,0.003820,0.000000,0.000000,0.000000,2.763384,0.125250,0.119392,0.963300,0.032192,1.000000
night1080-final,night1080-final,3,candidate,overview,897.742089,1.113906,0.551400,1.392600,2.073800,21.979552,0.538039,1.050844,48.000000,25464.000000,25601.000000,0.000000,0.003366,0.000000,0.000000,0.000000,2.256228,0.001059,0.001456,0.001820,0.000429,0.000000
night1080-final,night1080-final,3,candidate,sky,970.282825,1.030627,0.513650,1.292700,2.062900,24.875508,0.520718,0.963140,0.000000,0.000000,0.000000,0.000000,0.002751,0.000000,0.000000,0.000000,2.332616,0.282358,0.294164,0.301704,0.004664,1.000000
night1080-final,night1080-final,3,candidate,translate,734.544990,1.361387,0.713400,1.808000,2.478400,19.349508,0.713493,1.276991,41.228333,23682.750000,22078.183333,0.000000,0.003979,0.000000,0.000000,0.000000,3.488628,0.126695,0.118872,0.167596,0.041413,1.000000
night1080-final,night1080-final,3,candidate,rotate,839.485597,1.191206,0.738550,1.610900,2.354000,29.509914,0.727321,1.127669,41.503333,23165.943333,22304.370000,0.000000,0.004195,0.000000,0.000000,0.000000,2.264860,0.116682,0.121472,0.128440,0.050673,1.000000
night1080-final,night1080-final,3,candidate,seam_edits,548.738145,1.822363,1.657650,2.921700,3.833700,229.651007,1.676337,1.347943,42.000000,22896.000000,22345.500000,0.000000,0.879871,2.000000,4.000000,167664.000000,2.551016,0.115734,0.118716,0.127192,0.047850,1.000000
night1080-final,night1080-final,3,candidate,sky_moving,889.520646,1.124201,0.741850,1.975500,2.698100,41.271549,0.791650,0.967440,0.000000,0.000000,0.000000,0.000000,0.005338,0.000000,0.000000,0.000000,2.401464,0.283816,0.304304,0.314132,0.007363,1.000000
night1080-final,night1080-final,3,candidate,wall_moving,873.369565,1.144991,0.672400,1.608600,2.399800,28.525774,0.680535,1.093444,26.770000,15140.680000,14573.851667,0.000000,0.003489,0.000000,0.000000,0.000000,2.269332,0.116487,0.120016,0.124800,0.032327,1.000000
night1080-final,night1080-final,3,candidate,cloud_layer,1194.307928,0.837305,0.479800,1.290000,1.954800,40.578377,0.496453,0.786983,0.000000,0.000000,0.000000,0.000000,0.003020,0.000000,0.000000,0.000000,1.782144,0.290094,0.312052,0.320476,0.004195,1.000000
diagnostic-night1080,night1080-repeat,1,base,underground,647.016558,1.545556,1.043250,2.352500,3.001900,25.782643,0.978385,1.444474,42.000000,22890.000000,22344.000000,0.000000,0.005117,0.000000,0.000000,0.000000,5.041452,0.231339,0.251056,0.266968,0.101885,1.000000
diagnostic-night1080,night1080-repeat,1,base,surface_still,607.312344,1.646599,0.775800,1.999100,2.831700,13.439791,0.684844,1.546963,42.000000,22890.000000,22344.000000,0.000000,0.004770,0.000000,0.000000,0.000000,4.197076,0.238061,0.251056,0.290524,0.036282,1.000000
diagnostic-night1080,night1080-repeat,1,base,overview,726.160513,1.377106,0.634800,1.759500,2.543900,16.321414,0.635419,1.283872,48.000000,25464.000000,25601.000000,0.000000,0.003982,0.000000,0.000000,0.000000,3.315104,0.204081,0.217412,0.246948,0.050994,1.000000
diagnostic-night1080,night1080-repeat,1,base,sky,915.436130,1.092376,0.822500,2.194800,3.072300,61.811510,0.782283,0.997208,0.000000,0.000000,0.000000,0.000000,0.005923,0.000000,0.000000,0.000000,3.146676,0.289314,0.376792,0.397696,0.006896,1.000000
diagnostic-night1080,night1080-repeat,1,base,translate,644.234217,1.552230,1.049100,2.179300,3.203200,23.357637,0.942610,1.456564,41.228333,23682.750000,22078.183333,0.000000,0.005456,0.000000,0.000000,0.000000,4.217668,0.246050,0.250484,0.277680,0.053410,1.000000
diagnostic-night1080,night1080-repeat,1,base,rotate,713.764751,1.401022,0.959400,2.013300,2.637300,26.875844,0.882266,1.298230,41.503333,23165.943333,22304.370000,0.000000,0.004933,0.000000,0.000000,0.000000,3.186924,0.238104,0.261300,0.285272,0.060467,1.000000
diagnostic-night1080,night1080-repeat,1,base,seam_edits,513.142257,1.948777,1.801200,3.148500,3.611600,245.945990,1.791098,1.513444,42.000000,22896.000000,22345.500000,0.000000,0.959337,2.000000,4.000000,167664.000000,3.561844,0.232513,0.266240,0.367796,0.049819,1.000000
diagnostic-night1080,night1080-repeat,1,base,sky_moving,956.958709,1.044977,0.553900,1.420500,2.141500,26.640299,0.556278,0.951718,0.000000,0.000000,0.000000,0.000000,0.003878,0.000000,0.000000,0.000000,2.499328,0.281822,0.342628,0.360724,0.004713,1.000000
diagnostic-night1080,night1080-repeat,1,base,wall_moving,751.372570,1.330898,0.707700,1.904000,3.196700,21.619954,0.743941,1.232147,26.770000,15140.680000,14573.851667,0.000000,0.003711,0.000000,0.000000,0.000000,2.730676,0.232812,0.251316,0.262964,0.031138,1.000000
diagnostic-night1080,night1080-repeat,1,base,cloud_layer,1131.486458,0.883793,0.491300,1.407100,2.226900,38.340643,0.514157,0.809561,0.000000,0.000000,0.000000,0.000000,0.003122,0.000000,0.000000,0.000000,2.209688,0.292577,0.389532,0.394784,0.004266,1.000000
diagnostic-night1080,night1080-repeat,1,candidate,underground,752.018135,1.329755,0.946100,1.922700,2.566600,34.825752,0.889148,1.227789,42.000000,22890.000000,22344.000000,0.000000,0.004603,0.000000,0.000000,0.000000,2.733068,0.113373,0.122928,0.132028,0.090212,1.000000
diagnostic-night1080,night1080-repeat,1,candidate,surface_still,651.829365,1.534144,0.842050,1.976100,2.871600,17.311216,0.759863,1.408900,42.000000,22890.000000,22344.000000,0.000000,0.004737,0.000000,0.000000,0.000000,2.831712,0.122844,0.137332,0.404456,0.040517,1.000000
diagnostic-night1080,night1080-repeat,1,candidate,overview,816.843531,1.224225,0.823300,1.926600,2.818700,32.771144,0.756918,1.108164,48.000000,25464.000000,25601.000000,0.000000,0.005414,0.000000,0.000000,0.000000,2.747940,0.001172,0.001664,0.002080,0.000720,0.000000
diagnostic-night1080,night1080-repeat,1,candidate,sky,867.415159,1.152851,0.872300,1.960000,2.750600,50.523125,0.788329,1.025830,0.000000,0.000000,0.000000,0.000000,0.005996,0.000000,0.000000,0.000000,3.576976,0.283043,0.303732,0.323284,0.006698,1.000000
diagnostic-night1080,night1080-repeat,1,candidate,translate,757.459556,1.320203,0.691300,1.574200,2.327200,19.053771,0.647438,1.247914,41.228333,23682.750000,22078.183333,0.000000,0.004140,0.000000,0.000000,0.000000,2.547272,0.116504,0.118820,0.132444,0.039750,1.000000
diagnostic-night1080,night1080-repeat,1,candidate,rotate,741.253029,1.349067,0.855200,2.890800,4.386100,37.530963,0.935736,1.285299,41.503333,23165.943333,22304.370000,0.000000,0.005090,0.000000,0.000000,0.000000,4.632576,0.114634,0.122304,0.130624,0.064602,1.000000
diagnostic-night1080,night1080-repeat,1,candidate,seam_edits,411.544820,2.429869,2.330000,4.022000,4.751100,192.030110,2.209663,2.024039,42.000000,22896.000000,22345.500000,0.000000,1.076082,2.000000,4.000000,167664.000000,6.436196,0.183256,0.275236,1.372332,0.078319,1.000000
diagnostic-night1080,night1080-repeat,1,candidate,sky_moving,770.795583,1.297361,0.882850,2.219100,3.481400,32.270990,0.809077,1.202892,0.000000,0.000000,0.000000,0.000000,0.004901,0.000000,0.000000,0.000000,4.245696,0.343331,0.503620,0.507884,0.006540,1.000000
diagnostic-night1080,night1080-repeat,1,candidate,wall_moving,771.432814,1.296289,0.864900,2.107500,3.334300,31.895027,0.846960,1.133066,26.770000,15140.680000,14573.851667,0.000000,0.005547,0.000000,0.000000,0.000000,4.240444,0.111809,0.120900,0.128492,0.042496,1.000000
diagnostic-night1080,night1080-repeat,1,candidate,cloud_layer,1084.617520,0.921984,0.773000,1.705700,2.152500,237.386846,0.748578,0.767436,0.000000,0.000000,0.000000,0.000000,0.005155,0.000000,0.000000,0.000000,1.859052,0.283699,0.315744,0.330252,0.006878,1.000000
diagnostic-night1080,night1080-repeat,2,candidate,underground,771.497488,1.296181,0.903300,1.961900,2.429700,33.721524,0.859075,1.227603,42.000000,22890.000000,22344.000000,0.000000,0.004243,0.000000,0.000000,0.000000,2.438592,0.114243,0.122096,0.128960,0.089723,1.000000
diagnostic-night1080,night1080-repeat,2,candidate,surface_still,680.093989,1.470385,0.742950,1.562300,1.938700,15.471929,0.632290,1.392214,42.000000,22890.000000,22344.000000,0.000000,0.004378,0.000000,0.000000,0.000000,2.652936,0.117654,0.121368,0.134212,0.033309,1.000000
diagnostic-night1080,night1080-repeat,2,candidate,overview,890.687682,1.122728,0.638200,1.466900,2.408600,26.273280,0.619317,1.051534,48.000000,25464.000000,25601.000000,0.000000,0.003941,0.000000,0.000000,0.000000,2.357212,0.001129,0.001612,0.002912,0.000666,0.000000
diagnostic-night1080,night1080-repeat,2,candidate,sky,997.715066,1.002290,0.524450,1.360400,1.969100,27.235674,0.531353,0.937279,0.000000,0.000000,0.000000,0.000000,0.003167,0.000000,0.000000,0.000000,1.965756,0.280792,0.292656,0.301808,0.004294,1.000000
diagnostic-night1080,night1080-repeat,2,candidate,translate,741.184353,1.349192,0.818200,1.785800,2.294800,23.608533,0.777770,1.269709,41.228333,23682.750000,22078.183333,0.000000,0.004842,0.000000,0.000000,0.000000,2.708056,0.117742,0.120796,0.126620,0.049502,1.000000
diagnostic-night1080,night1080-repeat,2,candidate,rotate,836.362942,1.195653,0.713750,1.637200,2.378900,27.150095,0.718050,1.130502,41.503333,23165.943333,22304.370000,0.000000,0.003546,0.000000,0.000000,0.000000,2.321072,0.118310,0.120796,0.127608,0.051026,1.000000
diagnostic-night1080,night1080-repeat,2,candidate,seam_edits,555.861897,1.799008,1.637700,2.769900,3.398900,265.847855,1.658663,1.302254,42.000000,22896.000000,22345.500000,0.000000,0.894371,2.000000,4.000000,167664.000000,2.351492,0.113207,0.115856,0.129324,0.046492,1.000000
diagnostic-night1080,night1080-repeat,2,candidate,sky_moving,997.452838,1.002554,0.502150,1.303400,1.895800,25.267137,0.496956,0.936666,0.000000,0.000000,0.000000,0.000000,0.003739,0.000000,0.000000,0.000000,2.013232,0.283895,0.302276,0.318136,0.004668,1.000000
diagnostic-night1080,night1080-repeat,2,candidate,wall_moving,867.467706,1.152781,0.705500,1.627900,1.980100,29.675792,0.703333,1.090412,26.770000,15140.680000,14573.851667,0.000000,0.003526,0.000000,0.000000,0.000000,2.183792,0.112433,0.118872,0.122876,0.034640,1.000000
diagnostic-night1080,night1080-repeat,2,candidate,cloud_layer,1190.691649,0.839848,0.494750,1.337700,2.378300,42.643499,0.515726,0.784791,0.000000,0.000000,0.000000,0.000000,0.002898,0.000000,0.000000,0.000000,1.797848,0.289307,0.312884,0.322348,0.004197,1.000000
diagnostic-night1080,night1080-repeat,2,base,underground,695.063888,1.438717,0.959650,1.807600,2.322100,24.822498,0.876799,1.363780,42.000000,22890.000000,22344.000000,0.000000,0.004595,0.000000,0.000000,0.000000,2.466620,0.237853,0.249288,0.259532,0.089232,1.000000
diagnostic-night1080,night1080-repeat,2,base,surface_still,618.202095,1.617594,0.655450,1.630000,2.237500,11.815375,0.588490,1.533325,42.000000,22890.000000,22344.000000,0.000000,0.004214,0.000000,0.000000,0.000000,2.726776,0.237988,0.243568,0.266292,0.028282,1.000000
diagnostic-night1080,night1080-repeat,2,base,overview,745.986407,1.340507,0.592500,1.628600,2.441300,15.633603,0.574482,1.259823,48.000000,25464.000000,25601.000000,0.000000,0.003646,0.000000,0.000000,0.000000,2.578524,0.202920,0.214188,0.253448,0.046729,1.000000
diagnostic-night1080,night1080-repeat,2,base,sky,1006.956897,0.993091,0.498250,1.361200,2.137700,26.700119,0.522261,0.931344,0.000000,0.000000,0.000000,0.000000,0.002783,0.000000,0.000000,0.000000,2.004600,0.280983,0.294320,0.303004,0.004399,1.000000
diagnostic-night1080,night1080-repeat,2,base,translate,683.746113,1.462531,0.646250,1.726400,2.355500,14.689353,0.649583,1.384237,41.228333,23682.750000,22078.183333,0.000000,0.003507,0.000000,0.000000,0.000000,2.771704,0.235088,0.242840,0.282256,0.035640,1.000000
diagnostic-night1080,night1080-repeat,2,base,rotate,747.067852,1.338566,0.691800,1.729700,2.431900,19.097503,0.690770,1.264048,41.503333,23165.943333,22304.370000,0.000000,0.003782,0.000000,0.000000,0.000000,2.781740,0.236526,0.249496,0.269100,0.045352,1.000000
diagnostic-night1080,night1080-repeat,2,base,seam_edits,527.063295,1.897305,1.692300,3.139100,3.916700,223.951626,1.742003,1.470845,42.000000,22896.000000,22345.500000,0.000000,0.917219,2.000000,4.000000,167664.000000,2.916056,0.231707,0.243256,0.300248,0.047009,1.000000
diagnostic-night1080,night1080-repeat,2,base,sky_moving,1003.545358,0.996467,0.502100,1.356700,2.338100,27.618295,0.529440,0.939306,0.000000,0.000000,0.000000,0.000000,0.003250,0.000000,0.000000,0.000000,2.327832,0.281449,0.295256,0.304564,0.004320,1.000000
diagnostic-night1080,night1080-repeat,2,base,wall_moving,780.414814,1.281370,0.637350,1.594700,2.358800,19.743194,0.649337,1.212114,26.770000,15140.680000,14573.851667,0.000000,0.004048,0.000000,0.000000,0.000000,2.621320,0.231259,0.243152,0.251576,0.027050,1.000000
diagnostic-night1080,night1080-repeat,2,base,cloud_layer,1182.458232,0.845696,0.497450,1.448300,2.154100,46.736507,0.534775,0.795258,0.000000,0.000000,0.000000,0.000000,0.003003,0.000000,0.000000,0.000000,2.241512,0.291401,0.314028,0.325728,0.004717,1.000000
diagnostic-night1080,night1080-repeat,3,base,underground,614.414974,1.627564,1.094500,2.721900,3.881800,26.928870,1.073412,1.450353,42.000000,22890.000000,22344.000000,0.000000,0.006373,0.000000,0.000000,0.000000,5.748288,0.232931,0.250900,0.260260,0.105274,1.000000
diagnostic-night1080,night1080-repeat,3,base,surface_still,613.426871,1.630186,0.894200,2.071000,2.823200,16.016644,0.815623,1.554623,42.000000,22890.000000,22344.000000,0.000000,0.004893,0.000000,0.000000,0.000000,3.585504,0.243833,0.247520,0.486668,0.036975,1.000000
diagnostic-night1080,night1080-repeat,3,base,overview,720.194827,1.388513,0.607550,1.537700,2.215700,14.681438,0.567970,1.239548,48.000000,25464.000000,25601.000000,0.000000,0.003844,0.000000,0.000000,0.000000,2.863016,0.201232,0.240448,0.246584,0.044184,1.000000
diagnostic-night1080,night1080-repeat,3,base,sky,886.632770,1.127863,0.558200,1.725000,2.482500,24.904739,0.591911,0.987979,0.000000,0.000000,0.000000,0.000000,0.004106,0.000000,0.000000,0.000000,3.298048,0.280238,0.311064,0.376636,0.005184,1.000000
diagnostic-night1080,night1080-repeat,3,base,translate,679.651407,1.471343,0.685350,1.645500,2.469000,15.088650,0.678705,1.400485,41.228333,23682.750000,22078.183333,0.000000,0.003551,0.000000,0.000000,0.000000,2.786784,0.237710,0.245024,0.275756,0.038469,1.000000
diagnostic-night1080,night1080-repeat,3,base,rotate,687.832338,1.453843,0.780100,1.926900,2.604800,18.727989,0.759938,1.334047,41.503333,23165.943333,22304.370000,0.000000,0.004934,0.000000,0.000000,0.000000,4.856852,0.241720,0.251628,0.281372,0.053459,1.000000
diagnostic-night1080,night1080-repeat,3,base,seam_edits,515.793245,1.938761,1.789700,3.125000,4.216900,221.015641,1.782071,1.470340,42.000000,22896.000000,22345.500000,0.000000,0.916194,2.000000,4.000000,167664.000000,2.723552,0.229332,0.242268,0.266656,0.048868,1.000000
diagnostic-night1080,night1080-repeat,3,base,sky_moving,847.469238,1.179984,0.902700,2.059600,3.021300,71.196336,0.881291,1.005284,0.000000,0.000000,0.000000,0.000000,0.006451,0.000000,0.000000,0.000000,4.611620,0.281277,0.303212,0.313456,0.007901,1.000000
diagnostic-night1080,night1080-repeat,3,base,wall_moving,745.924919,1.340618,0.719500,1.618400,2.348300,19.457442,0.694424,1.241437,26.770000,15140.680000,14573.851667,0.000000,0.004182,0.000000,0.000000,0.000000,3.082092,0.230761,0.244140,0.257660,0.030776,1.000000
diagnostic-night1080,night1080-repeat,3,base,cloud_layer,675.653458,1.480049,0.829700,2.069200,3.897700,18.489700,0.746332,1.336952,0.000000,0.000000,0.000000,0.000000,0.006026,0.000000,0.000000,0.000000,6.597968,0.413331,0.708448,0.716716,0.006609,1.000000
diagnostic-night1080,night1080-repeat,3,candidate,underground,739.333178,1.352570,0.913000,2.154700,2.767300,32.910795,0.900099,1.246062,42.000000,22890.000000,22344.000000,0.000000,0.004601,0.000000,0.000000,0.000000,2.638168,0.117656,0.125476,0.132860,0.093531,1.000000
diagnostic-night1080,night1080-repeat,3,candidate,surface_still,654.934176,1.526871,0.713900,1.680700,2.270600,14.152546,0.630932,1.424653,42.000000,22890.000000,22344.000000,0.000000,0.004693,0.000000,0.000000,0.000000,3.259620,0.118009,0.126932,0.151268,0.032892,1.000000
diagnostic-night1080,night1080-repeat,3,candidate,overview,752.364871,1.329142,0.732300,2.120700,3.179900,22.976903,0.749070,1.118232,48.000000,25464.000000,25601.000000,0.000000,0.004913,0.000000,0.000000,0.000000,3.875768,0.001179,0.001768,0.002548,0.000720,0.000000
diagnostic-night1080,night1080-repeat,3,candidate,sky,968.734732,1.032274,0.644150,1.614700,2.164900,35.072480,0.622768,0.971004,0.000000,0.000000,0.000000,0.000000,0.003753,0.000000,0.000000,0.000000,2.240628,0.290907,0.327392,0.331136,0.005307,1.000000
diagnostic-night1080,night1080-repeat,3,candidate,translate,696.560165,1.435626,0.769150,1.810200,2.190100,19.293014,0.756371,1.327794,41.228333,23682.750000,22078.183333,0.000000,0.004296,0.000000,0.000000,0.000000,3.028844,0.122194,0.121732,0.132392,0.052365,1.000000
diagnostic-night1080,night1080-repeat,3,candidate,rotate,773.584662,1.292683,1.088250,2.468900,3.028800,102.905185,1.023535,1.203107,41.503333,23165.943333,22304.370000,0.000000,0.006040,0.000000,0.000000,0.000000,3.425812,0.118057,0.126776,0.136188,0.076420,1.000000
diagnostic-night1080,night1080-repeat,3,candidate,seam_edits,469.733688,2.128866,1.938850,3.590700,4.307000,194.814683,1.959972,1.316307,42.000000,22896.000000,22345.500000,0.000000,1.021708,2.000000,4.000000,167664.000000,2.823080,0.115906,0.126048,0.160940,0.060473,1.000000
diagnostic-night1080,night1080-repeat,3,candidate,sky_moving,987.841808,1.012308,0.523750,1.380600,1.784800,26.872125,0.534640,0.954117,0.000000,0.000000,0.000000,0.000000,0.003216,0.000000,0.000000,0.000000,2.090036,0.286365,0.303160,0.316420,0.004589,1.000000
diagnostic-night1080,night1080-repeat,3,candidate,wall_moving,860.975551,1.161473,0.702000,1.882900,2.612600,32.833390,0.740723,1.092892,26.770000,15140.680000,14573.851667,0.000000,0.003746,0.000000,0.000000,0.000000,2.517424,0.115337,0.120068,0.126828,0.034749,1.000000
diagnostic-night1080,night1080-repeat,3,candidate,cloud_layer,1151.937703,0.868102,0.508900,1.364900,2.166500,44.846301,0.541300,0.813985,0.000000,0.000000,0.000000,0.000000,0.003405,0.000000,0.000000,0.000000,1.968460,0.300164,0.397020,0.412516,0.004654,1.000000
translate720-final,translate720-final,1,base,translate,983.313659,1.016970,0.872500,2.008100,2.621700,287.199518,0.889828,0.690806,41.228333,23682.750000,22078.183333,0.000000,0.003556,0.000000,0.000000,0.000000,2.172768,0.107394,0.123604,0.243308,0.089328,1.000000
translate720-final,translate720-final,1,candidate,translate,1136.226988,0.880106,0.718250,1.648000,2.189400,356.095766,0.774430,0.585182,41.228333,23682.750000,22078.183333,0.000000,0.002975,0.000000,0.000000,0.000000,1.665144,0.053925,0.060164,0.067756,0.080001,1.000000
translate720-final,translate720-final,2,candidate,translate,939.609423,1.064272,0.938850,2.037000,2.692200,314.978818,0.931915,0.736379,41.228333,23682.750000,22078.183333,0.000000,0.003685,0.000000,0.000000,0.000000,2.689024,0.073021,0.103844,0.536276,0.098904,1.000000
translate720-final,translate720-final,2,base,translate,1069.664771,0.934872,0.776250,1.775800,2.415100,327.804366,0.822291,0.655205,41.228333,23682.750000,22078.183333,0.000000,0.003452,0.000000,0.000000,0.000000,1.897324,0.103830,0.152256,0.193700,0.082228,1.000000
translate720-final,translate720-final,3,base,translate,1074.223855,0.930905,0.765300,1.865400,2.557100,353.121892,0.793002,0.810404,41.228333,23682.750000,22078.183333,0.000000,0.003629,0.000000,0.000000,0.000000,4.021992,0.132707,0.287300,0.292084,0.082306,1.000000
translate720-final,translate720-final,3,candidate,translate,1124.777154,0.889065,0.724000,1.736500,2.236000,405.257541,0.787437,0.566931,41.228333,23682.750000,22078.183333,0.000000,0.003305,0.000000,0.000000,0.000000,1.790984,0.052732,0.057616,0.062140,0.083196,1.000000
translate720-final,translate720-final,4,candidate,translate,1099.171866,0.909776,0.729000,1.785700,2.400000,332.202001,0.799466,0.575743,41.228333,23682.750000,22078.183333,0.000000,0.003220,0.000000,0.000000,0.000000,1.625624,0.053477,0.059748,0.067132,0.083160,1.000000
translate720-final,translate720-final,4,base,translate,1134.934006,0.881109,0.737600,1.736600,2.298800,378.470098,0.775382,0.608928,41.228333,23682.750000,22078.183333,0.000000,0.003331,0.000000,0.000000,0.000000,1.766804,0.102517,0.112424,0.119600,0.076840,1.000000
translate720-final,translate720-final,5,base,translate,1032.780096,0.968260,0.806800,1.925400,2.492000,343.163048,0.853080,0.639436,41.228333,23682.750000,22078.183333,0.000000,0.003517,0.000000,0.000000,0.000000,1.987752,0.102578,0.115648,0.121524,0.084497,1.000000
translate720-final,translate720-final,5,candidate,translate,1051.207654,0.951287,0.781350,1.801600,2.597200,324.192895,0.840832,0.603448,41.228333,23682.750000,22078.183333,0.000000,0.003551,0.000000,0.000000,0.000000,2.194972,0.055081,0.075348,0.079508,0.089615,1.000000
wall1080-final,wall1080-final,1,base,wall_moving,648.485721,1.542054,1.397250,2.517000,3.763400,90.306364,1.316115,1.153394,26.770000,15140.680000,14573.851667,0.000000,0.027849,0.000000,0.000000,0.000000,2.972476,0.223230,0.251316,0.266656,0.132271,1.000000
wall1080-final,wall1080-final,1,candidate,wall_moving,912.025281,1.096461,0.949100,1.896200,2.377800,164.053208,0.927075,1.018889,26.770000,15140.680000,14573.851667,0.000000,0.004022,0.000000,0.000000,0.000000,2.476916,0.114411,0.121940,0.132912,0.091005,1.000000
wall1080-final,wall1080-final,2,candidate,wall_moving,916.318020,1.091324,0.910200,1.830000,2.291000,135.263087,0.912092,1.019180,26.770000,15140.680000,14573.851667,0.000000,0.004257,0.000000,0.000000,0.000000,2.058212,0.109940,0.119496,0.128232,0.087416,1.000000
wall1080-final,wall1080-final,2,base,wall_moving,763.582316,1.309616,0.971800,2.226600,3.483900,45.208979,0.962717,1.215542,26.770000,15140.680000,14573.851667,0.000000,0.004697,0.000000,0.000000,0.000000,4.845620,0.222835,0.254072,0.271024,0.090398,1.000000
wall1080-final,wall1080-final,3,base,wall_moving,384.370939,2.601653,1.178850,2.267200,2.776700,7.518637,0.914033,2.470678,26.770000,15140.680000,14573.851667,0.000000,0.005865,0.000000,0.000000,0.000000,13.276692,0.417811,1.047280,1.051700,0.086473,1.000000
wall1080-final,wall1080-final,3,candidate,wall_moving,698.656600,1.431318,1.147200,2.131000,3.071400,46.224463,1.074095,1.372319,26.770000,15140.680000,14573.851667,0.000000,0.004701,0.000000,0.000000,0.000000,3.981848,0.138720,0.181636,0.219180,0.121811,1.000000
wall1080-final,wall1080-final,4,candidate,wall_moving,428.738606,2.332423,1.039600,2.083600,2.602500,8.273285,0.837647,2.230820,26.770000,15140.680000,14573.851667,0.000000,0.004698,0.000000,0.000000,0.000000,7.482540,0.222988,0.380952,0.385944,0.087711,1.000000
wall1080-final,wall1080-final,4,base,wall_moving,348.324625,2.870885,1.005450,2.043400,2.572500,5.626704,0.801204,2.743446,26.770000,15140.680000,14573.851667,0.000000,0.003923,0.000000,0.000000,0.000000,12.072840,0.461418,0.902096,1.053260,0.073671,1.000000
wall1080-final,wall1080-final,5,base,wall_moving,749.243732,1.334679,0.916750,2.909600,4.738400,50.301052,1.014094,1.262874,26.770000,15140.680000,14573.851667,0.000000,0.004004,0.000000,0.000000,0.000000,4.306848,0.243031,0.264264,0.351104,0.089102,1.000000
wall1080-final,wall1080-final,5,candidate,wall_moving,937.998312,1.066100,0.872500,1.887800,2.481000,124.263223,0.885091,1.009524,26.770000,15140.680000,14573.851667,0.000000,0.003818,0.000000,0.000000,0.000000,2.113332,0.110391,0.117104,0.126516,0.083759,1.000000
