suite,cohort,pair,variant,scenario,fps,frame_mean_ms,frame_median_ms,frame_p95_ms,frame_p99_ms,one_percent_low_fps,cpu_submit_mean_ms,gpu_mean_ms,terrain_draws,triangles,surface_blocks,queries,rebuild_mean_ms,chunks_rebuilt,upload_calls,upload_bytes,gpu_p99_ms,cloud_gpu_mean_ms,cloud_gpu_p95_ms,cloud_gpu_p99_ms,cloud_cpu_mean_ms,cloud_draws,sky_gpu_mean_ms,sky_cpu_mean_ms,sky_gpu_p95_ms,sky_gpu_p99_ms,terrain_gpu_mean_ms,terrain_cpu_mean_ms,terrain_gpu_p95_ms,terrain_gpu_p99_ms,hud_gpu_mean_ms,hud_cpu_mean_ms,hud_gpu_p95_ms,hud_gpu_p99_ms
order-day1080,diagnostic,1,base,underground,891.788854,1.121342,0.854150,1.529400,1.980200,47.221116,0.794080,1.099037,42.000000,22890.000000,22344.000000,0.000000,0.001921,0.000000,0.000000,0.000000,3.312504,0.111082,0.117052,0.304200,0.064692,1.000000,0.267795,0.102737,0.275288,0.730288,0.652100,0.072408,1.447368,1.894048,0.055707,0.422423,0.101868,0.445900
order-day1080,diagnostic,1,base,surface_still,816.407394,1.224879,0.483800,0.909200,1.375700,14.235200,0.402014,1.188874,42.000000,22890.000000,22344.000000,0.000000,0.001957,0.000000,0.000000,0.000000,2.125656,0.106909,0.119132,0.126204,0.018384,1.000000,0.252210,0.016123,0.281476,0.303212,0.690879,0.017054,1.140464,1.604616,0.048981,0.308783,0.048516,0.433264
order-day1080,diagnostic,1,base,overview,988.856575,1.011269,0.425450,0.848600,1.428700,18.347109,0.384676,0.982860,48.000000,25464.000000,25601.000000,0.000000,0.001709,0.000000,0.000000,0.000000,1.875016,0.000890,0.001092,0.001196,0.000145,0.000000,0.269415,0.015399,0.281476,0.286936,0.664963,0.017278,1.082328,1.555580,0.043695,0.336435,0.048932,0.051012
order-day1080,diagnostic,1,base,sky,1422.824910,0.702827,0.372500,0.627500,1.095200,32.609121,0.336874,0.683297,0.000000,0.000000,0.000000,0.000000,0.001285,0.000000,0.000000,0.000000,1.352156,0.259431,0.341380,0.357500,0.002750,1.000000,0.308035,0.013719,0.403364,0.422656,0.060043,0.009471,0.339404,0.530764,0.052303,0.298613,0.051740,0.457184
order-day1080,diagnostic,1,base,translate,901.669757,1.109053,0.483950,0.952400,1.437800,17.482329,0.451965,1.082802,41.228333,23682.750000,22078.183333,0.000000,0.001725,0.000000,0.000000,0.000000,2.142868,0.109546,0.135564,0.391456,0.024498,1.000000,0.254158,0.015656,0.314392,0.330824,0.591792,0.070464,0.989924,1.514240,0.049802,0.315371,0.049972,0.434200
order-day1080,diagnostic,1,base,rotate,1027.923367,0.972835,0.511400,0.964000,1.450800,24.088840,0.480757,0.953394,41.503333,23165.943333,22304.370000,0.000000,0.001699,0.000000,0.000000,0.000000,1.979068,0.106042,0.114348,0.129636,0.030542,1.000000,0.255935,0.015537,0.275132,0.314184,0.519803,0.094149,0.894088,1.488448,0.049685,0.318366,0.047892,0.440024
order-day1080,diagnostic,1,base,seam_edits,812.912519,1.230145,1.020150,1.667600,2.049700,66.247614,0.999080,1.214673,42.000000,22896.000000,22345.500000,0.000000,0.476561,2.000000,4.000000,167664.000000,2.231788,0.115084,0.167024,0.425880,0.025346,1.000000,0.254910,0.016747,0.361140,0.405704,0.701885,0.566651,1.107496,1.547884,0.049224,0.326846,0.060580,0.432692
order-day1080,diagnostic,1,base,sky_moving,1374.450163,0.727564,0.430700,1.048400,1.840000,45.391651,0.430649,0.712415,0.000000,0.000000,0.000000,0.000000,0.002216,0.000000,0.000000,0.000000,1.427244,0.264680,0.342888,0.343512,0.003735,1.000000,0.313108,0.017472,0.403000,0.404248,0.068674,0.022128,0.368472,0.584272,0.062346,0.370239,0.053768,0.597012
order-day1080,diagnostic,1,base,wall_moving,1048.652220,0.953605,0.547300,1.204700,1.749300,32.218484,0.559211,0.935921,26.770000,15140.680000,14573.851667,0.000000,0.002658,0.000000,0.000000,0.000000,1.768728,0.107917,0.137852,0.139984,0.023768,1.000000,0.253225,0.018050,0.327808,0.330460,0.509788,0.093678,0.906412,1.322100,0.048590,0.379329,0.050492,0.442468
order-day1080,diagnostic,1,base,cloud_layer,1526.136616,0.655249,0.361150,0.752000,1.094900,38.930097,0.338985,0.639260,0.000000,0.000000,0.000000,0.000000,0.001339,0.000000,0.000000,0.000000,1.360736,0.272746,0.338572,0.340808,0.002765,1.000000,0.249744,0.014707,0.313508,0.314704,0.059177,0.011157,0.318084,0.582036,0.054040,0.297884,0.048672,0.449384
order-day1080,diagnostic,1,candidate,underground,1030.029479,0.970846,0.894750,1.586300,2.090500,420.394751,0.851468,0.817602,42.000000,22890.000000,22344.000000,0.000000,0.002044,0.000000,0.000000,0.000000,2.941848,0.110100,0.117988,0.380640,0.072328,1.000000,0.028693,0.117285,0.037180,0.092976,0.610028,0.089786,0.955240,2.220660,0.058261,0.456329,0.055640,0.436852
order-day1080,diagnostic,1,candidate,surface_still,1008.730224,0.991345,0.484900,0.867300,1.322700,21.517091,0.415258,0.969550,42.000000,22890.000000,22344.000000,0.000000,0.002228,0.000000,0.000000,0.000000,1.826604,0.112203,0.127660,0.465764,0.018724,1.000000,0.042223,0.034923,0.052624,0.056420,0.671042,0.022834,1.028196,1.384968,0.050928,0.321960,0.051584,0.421824
order-day1080,diagnostic,1,candidate,overview,1329.954952,0.751905,0.459700,1.240300,1.784100,53.716703,0.488004,0.728485,48.000000,25464.000000,25601.000000,0.000000,0.002369,0.000000,0.000000,0.000000,1.530724,0.000912,0.001144,0.001248,0.000163,0.000000,0.042641,0.046882,0.053768,0.062608,0.633127,0.031640,1.021124,1.400204,0.048033,0.399421,0.052312,0.059436
order-day1080,diagnostic,1,candidate,sky,1395.651337,0.716511,0.407800,0.835500,1.272500,37.413668,0.377512,0.684214,0.000000,0.000000,0.000000,0.000000,0.001636,0.000000,0.000000,0.000000,1.191892,0.282467,0.300924,0.668148,0.009041,1.000000,0.311044,0.011100,0.337688,0.351624,0.036173,0.017399,0.039520,0.041860,0.050852,0.332682,0.049764,0.446732
order-day1080,diagnostic,1,candidate,translate,1135.666750,0.880540,0.529350,1.062800,1.724500,34.124995,0.499064,0.846546,41.228333,23682.750000,22078.183333,0.000000,0.002482,0.000000,0.000000,0.000000,1.708772,0.110750,0.125268,0.129844,0.015026,1.000000,0.044246,0.037888,0.056316,0.058500,0.568001,0.088542,0.753012,1.134328,0.044121,0.344662,0.050596,0.058188
order-day1080,diagnostic,1,candidate,rotate,1275.417476,0.784057,0.510400,1.294900,2.764300,59.192087,0.548214,0.753447,41.503333,23165.943333,22304.370000,0.000000,0.002023,0.000000,0.000000,0.000000,1.503372,0.111128,0.117676,0.129584,0.014532,1.000000,0.083721,0.043497,0.112216,0.117884,0.487370,0.109051,0.602420,1.031264,0.050099,0.369020,0.049608,0.058604
order-day1080,diagnostic,1,candidate,seam_edits,888.759722,1.125163,0.972550,1.920500,3.432500,245.543388,1.018936,0.981529,42.000000,22896.000000,22345.500000,0.000000,0.415247,2.000000,4.000000,167664.000000,2.346708,0.111842,0.117936,0.142480,0.026228,1.000000,0.041986,0.049757,0.049296,0.056316,0.684920,0.518121,0.966368,2.043028,0.048842,0.400131,0.048828,0.241228
order-day1080,diagnostic,1,candidate,sky_moving,1276.196594,0.783578,0.611000,1.554300,2.265800,182.251720,0.615040,0.687546,0.000000,0.000000,0.000000,0.000000,0.004366,0.000000,0.000000,0.000000,1.376284,0.282474,0.302172,0.854984,0.018442,1.000000,0.311922,0.015337,0.338780,0.356512,0.035635,0.053183,0.040716,0.042432,0.053518,0.510642,0.054236,0.475540
order-day1080,diagnostic,1,candidate,wall_moving,1455.433181,0.687081,0.533150,1.106700,1.525900,103.629807,0.527542,0.658369,26.770000,15140.680000,14573.851667,0.000000,0.002136,0.000000,0.000000,0.000000,1.161368,0.108199,0.128596,0.132600,0.023193,1.000000,0.017691,0.033018,0.021372,0.031096,0.472037,0.092427,0.553696,0.936416,0.044416,0.358335,0.049192,0.055900
order-day1080,diagnostic,1,candidate,cloud_layer,1529.696378,0.653725,0.399850,0.991500,1.436000,54.720610,0.400118,0.622271,0.000000,0.000000,0.000000,0.000000,0.002003,0.000000,0.000000,0.000000,1.041404,0.286445,0.315120,0.632736,0.009793,1.000000,0.251603,0.011430,0.273936,0.277056,0.034975,0.020645,0.039780,0.040976,0.045519,0.349905,0.047632,0.354952
order-day1080,diagnostic,2,candidate,underground,1019.212322,0.981150,0.919600,1.604600,2.125100,427.584929,0.860407,0.790707,42.000000,22890.000000,22344.000000,0.000000,0.001989,0.000000,0.000000,0.000000,1.409252,0.112423,0.146848,0.149864,0.071163,1.000000,0.027707,0.123178,0.041132,0.045448,0.591918,0.091181,0.769132,1.149512,0.047923,0.458264,0.062816,0.065832
order-day1080,diagnostic,2,candidate,surface_still,1052.002592,0.950568,0.468950,0.814200,1.249800,22.317601,0.400108,0.916335,42.000000,22890.000000,22344.000000,0.000000,0.001984,0.000000,0.000000,0.000000,1.334528,0.105009,0.110760,0.115232,0.018080,1.000000,0.041611,0.034633,0.048568,0.054548,0.633598,0.021333,0.669916,1.047540,0.043861,0.310115,0.048100,0.053508
order-day1080,diagnostic,2,candidate,overview,1340.465803,0.746009,0.536200,1.310100,1.768600,88.526520,0.546203,0.709873,48.000000,25464.000000,25601.000000,0.000000,0.003104,0.000000,0.000000,0.000000,1.234792,0.000938,0.001144,0.001352,0.000211,0.000000,0.044586,0.054169,0.051428,0.058604,0.612134,0.038380,0.633932,1.104948,0.048376,0.441613,0.051740,0.056576
order-day1080,diagnostic,2,candidate,sky,1435.491867,0.696625,0.420550,0.984600,1.528300,47.274246,0.409647,0.673675,0.000000,0.000000,0.000000,0.000000,0.002122,0.000000,0.000000,0.000000,1.142180,0.272724,0.281060,0.590720,0.009514,1.000000,0.312573,0.012527,0.327184,0.351364,0.036147,0.019336,0.038428,0.041496,0.048531,0.359558,0.046124,0.406172
order-day1080,diagnostic,2,candidate,translate,1177.523664,0.849240,0.546000,1.132000,1.718000,42.885233,0.530393,0.822492,41.228333,23682.750000,22078.183333,0.000000,0.002682,0.000000,0.000000,0.000000,1.549080,0.108627,0.115960,0.125112,0.016623,1.000000,0.043573,0.039963,0.056316,0.058760,0.549694,0.095106,0.715884,0.927316,0.043051,0.364645,0.046748,0.051532
order-day1080,diagnostic,2,candidate,rotate,1311.708507,0.762364,0.515450,0.994200,1.934000,52.652963,0.509697,0.737910,41.503333,23165.943333,22304.370000,0.000000,0.001764,0.000000,0.000000,0.000000,1.207700,0.109487,0.112788,0.124332,0.013350,1.000000,0.083342,0.041204,0.105456,0.111540,0.480981,0.104951,0.621868,0.903240,0.042516,0.340321,0.046748,0.050648
order-day1080,diagnostic,2,candidate,seam_edits,677.279715,1.476495,1.348950,2.512300,3.473000,249.788720,1.334078,0.937124,42.000000,22896.000000,22345.500000,0.000000,0.538111,2.000000,4.000000,167664.000000,1.794052,0.105266,0.120536,0.126204,0.039705,1.000000,0.042387,0.074275,0.048776,0.056264,0.649281,0.684283,0.750308,1.310660,0.048715,0.496672,0.051220,0.058812
order-day1080,diagnostic,2,candidate,sky_moving,1352.488477,0.739378,0.478650,1.225700,1.860400,59.957969,0.484508,0.687122,0.000000,0.000000,0.000000,0.000000,0.003103,0.000000,0.000000,0.000000,1.254604,0.281138,0.287248,0.800384,0.013189,1.000000,0.313533,0.013777,0.330044,0.352404,0.036649,0.038154,0.039884,0.042432,0.051966,0.408113,0.051844,0.431912
order-day1080,diagnostic,2,candidate,wall_moving,1472.493093,0.679120,0.506550,1.500800,2.567900,220.980638,0.571566,0.647370,26.770000,15140.680000,14573.851667,0.000000,0.002034,0.000000,0.000000,0.000000,1.107392,0.106205,0.132184,0.133224,0.023022,1.000000,0.017261,0.033013,0.021268,0.027716,0.462928,0.092598,0.553488,0.890864,0.045204,0.400336,0.048724,0.316004
order-day1080,diagnostic,2,candidate,cloud_layer,1480.492293,0.675451,0.489750,1.322900,2.226200,160.896300,0.531026,0.613149,0.000000,0.000000,0.000000,0.000000,0.002233,0.000000,0.000000,0.000000,1.102192,0.284624,0.307424,0.748748,0.012057,1.000000,0.245122,0.012904,0.255424,0.284180,0.032842,0.028486,0.036296,0.038116,0.046846,0.464379,0.046748,0.390104
order-day1080,diagnostic,2,base,underground,875.659043,1.141997,1.057050,1.916800,2.663100,290.416263,1.001290,1.034095,42.000000,22890.000000,22344.000000,0.000000,0.002491,0.000000,0.000000,0.000000,1.727388,0.110185,0.124800,0.192244,0.082480,1.000000,0.264413,0.140579,0.297336,0.456144,0.598696,0.096411,0.835536,1.034852,0.049211,0.520525,0.055744,0.078364
order-day1080,diagnostic,2,base,surface_still,826.017798,1.210628,0.559650,1.258000,2.215100,17.343306,0.504934,1.167954,42.000000,22890.000000,22344.000000,0.000000,0.002720,0.000000,0.000000,0.000000,1.667380,0.109971,0.112684,0.127192,0.024770,1.000000,0.258243,0.020387,0.267956,0.277888,0.662644,0.021184,0.706212,1.115296,0.045198,0.384559,0.049868,0.053820
order-day1080,diagnostic,2,base,overview,1039.628742,0.961882,0.468400,1.334300,2.032800,26.908219,0.495622,0.925471,48.000000,25464.000000,25601.000000,0.000000,0.002306,0.000000,0.000000,0.000000,1.422876,0.000891,0.001092,0.001196,0.000201,0.000000,0.266465,0.020678,0.278148,0.284544,0.610925,0.022123,0.635128,1.111916,0.043364,0.430472,0.048672,0.054808
order-day1080,diagnostic,2,base,sky,1392.409235,0.718180,0.392650,1.047000,2.007300,43.520457,0.417407,0.681438,0.000000,0.000000,0.000000,0.000000,0.001960,0.000000,0.000000,0.000000,1.185756,0.263333,0.289172,0.300820,0.003377,1.000000,0.313287,0.018272,0.344136,0.357708,0.047019,0.012800,0.057356,0.397384,0.054244,0.364768,0.048412,0.507624
order-day1080,diagnostic,2,base,translate,869.600379,1.149953,0.611800,1.665400,2.138300,26.311173,0.659371,1.083447,41.228333,23682.750000,22078.183333,0.000000,0.003551,0.000000,0.000000,0.000000,1.824784,0.111084,0.114504,0.125164,0.039853,1.000000,0.262073,0.021524,0.280436,0.292812,0.586884,0.100673,0.726388,1.051440,0.046258,0.451617,0.050856,0.058708
order-day1080,diagnostic,2,base,rotate,1029.450874,0.971392,0.745150,1.629300,2.141400,69.297828,0.724367,0.940823,41.503333,23165.943333,22304.370000,0.000000,0.002618,0.000000,0.000000,0.000000,1.507168,0.108888,0.113048,0.116116,0.043130,1.000000,0.264461,0.024127,0.277316,0.281788,0.498886,0.115608,0.663156,1.004224,0.046583,0.502380,0.048308,0.052260
order-day1080,diagnostic,2,base,seam_edits,835.992719,1.196183,1.062900,1.785900,2.181800,159.657269,1.066264,1.168311,42.000000,22896.000000,22345.500000,0.000000,0.494643,2.000000,4.000000,167664.000000,1.634828,0.108459,0.110084,0.116272,0.027343,1.000000,0.256243,0.018899,0.267176,0.274612,0.666875,0.591217,0.922948,1.113580,0.044193,0.363069,0.046436,0.052364
order-day1080,diagnostic,2,base,sky_moving,1445.907864,0.691607,0.459600,1.223900,2.062400,102.397466,0.509929,0.671649,0.000000,0.000000,0.000000,0.000000,0.001938,0.000000,0.000000,0.000000,1.062360,0.264960,0.280020,0.291252,0.003635,1.000000,0.313602,0.023381,0.331500,0.346268,0.042238,0.022765,0.047580,0.355108,0.047230,0.438163,0.046020,0.404976
order-day1080,diagnostic,2,base,wall_moving,1078.265739,0.927415,0.596850,1.690000,2.093700,54.709683,0.651018,0.899010,26.770000,15140.680000,14573.851667,0.000000,0.002228,0.000000,0.000000,0.000000,1.350960,0.107728,0.113984,0.126412,0.025760,1.000000,0.255913,0.023949,0.272376,0.300664,0.475686,0.088893,0.524888,0.903344,0.044133,0.458783,0.046748,0.060424
order-day1080,diagnostic,2,base,cloud_layer,1553.144730,0.643855,0.427850,1.176900,1.611200,91.662529,0.455465,0.626239,0.000000,0.000000,0.000000,0.000000,0.001877,0.000000,0.000000,0.000000,1.009996,0.278669,0.300248,0.308100,0.003474,1.000000,0.254792,0.022763,0.261404,0.268736,0.044690,0.015660,0.046956,0.417404,0.044504,0.394159,0.045344,0.344916
order-day1080,diagnostic,3,base,underground,883.626142,1.131700,1.005350,1.939600,2.589400,257.016552,0.979830,1.038257,42.000000,22890.000000,22344.000000,0.000000,0.002792,0.000000,0.000000,0.000000,1.861756,0.109816,0.125060,0.201292,0.076746,1.000000,0.265454,0.128244,0.307060,0.486096,0.600610,0.095903,0.910260,1.096160,0.050605,0.521958,0.059852,0.085800
order-day1080,diagnostic,3,base,surface_still,816.364183,1.224944,0.513950,1.053200,1.413200,15.098404,0.436104,1.180860,42.000000,22890.000000,22344.000000,0.000000,0.002201,0.000000,0.000000,0.000000,1.945112,0.110187,0.117416,0.121316,0.021711,1.000000,0.261627,0.014635,0.282672,0.293332,0.671216,0.018627,0.734968,1.332136,0.045156,0.333859,0.048308,0.055172
order-day1080,diagnostic,3,base,overview,999.310975,1.000690,0.545000,1.739900,2.446300,34.688658,0.599384,0.945152,48.000000,25464.000000,25601.000000,0.000000,0.003167,0.000000,0.000000,0.000000,1.854008,0.000918,0.001144,0.001508,0.000279,0.000000,0.269460,0.022019,0.289692,0.309036,0.626185,0.029554,0.718640,1.519804,0.044530,0.516954,0.052884,0.061828
order-day1080,diagnostic,3,base,sky,1330.024528,0.751866,0.559900,1.387700,1.891300,81.636985,0.533388,0.685196,0.000000,0.000000,0.000000,0.000000,0.002636,0.000000,0.000000,0.000000,1.052324,0.267219,0.290004,0.305812,0.004073,1.000000,0.319086,0.022777,0.344708,0.372840,0.051678,0.017483,0.062920,0.378976,0.043484,0.462182,0.048048,0.056420
order-day1080,diagnostic,3,base,translate,927.968890,1.077622,0.506500,1.165100,1.884900,20.532679,0.505977,1.046604,41.228333,23682.750000,22078.183333,0.000000,0.001800,0.000000,0.000000,0.000000,1.692600,0.107977,0.111852,0.120120,0.026830,1.000000,0.257644,0.015662,0.275080,0.281216,0.558868,0.073899,0.730912,1.018732,0.045414,0.360710,0.046072,0.053768
order-day1080,diagnostic,3,base,rotate,1033.213153,0.967854,0.535350,1.022600,1.518800,26.250876,0.510904,0.926208,41.503333,23165.943333,22304.370000,0.000000,0.002498,0.000000,0.000000,0.000000,1.363908,0.109509,0.113360,0.115700,0.031715,1.000000,0.264111,0.013580,0.276692,0.280384,0.487593,0.105165,0.600652,0.905008,0.043603,0.336072,0.047216,0.053196
order-day1080,diagnostic,3,base,seam_edits,838.001116,1.193316,1.046550,1.660700,2.386100,114.450741,1.043592,1.166744,42.000000,22896.000000,22345.500000,0.000000,0.499870,2.000000,4.000000,167664.000000,1.625572,0.108013,0.110916,0.113672,0.026889,1.000000,0.257156,0.014045,0.268632,0.275704,0.666860,0.593907,0.860964,1.126008,0.043185,0.344435,0.045812,0.050128
order-day1080,diagnostic,3,base,sky_moving,1440.932572,0.693995,0.389000,0.821300,1.181100,39.787798,0.379589,0.668418,0.000000,0.000000,0.000000,0.000000,0.001470,0.000000,0.000000,0.000000,1.000584,0.265715,0.270556,0.274092,0.003188,1.000000,0.315056,0.013085,0.327496,0.329056,0.039824,0.018323,0.040612,0.297908,0.044237,0.330550,0.043732,0.248456
order-day1080,diagnostic,3,base,wall_moving,1092.825509,0.915059,0.484750,0.990200,1.545600,26.364413,0.471655,0.887741,26.770000,15140.680000,14573.851667,0.000000,0.001645,0.000000,0.000000,0.000000,1.285960,0.106602,0.109772,0.113620,0.018852,1.000000,0.254351,0.012783,0.265980,0.268216,0.468647,0.076489,0.493220,0.832624,0.042593,0.329916,0.044148,0.050336
order-day1080,diagnostic,3,base,cloud_layer,1574.973875,0.634931,0.378400,0.726600,1.137500,43.542691,0.344412,0.611495,0.000000,0.000000,0.000000,0.000000,0.001327,0.000000,0.000000,0.000000,0.932776,0.273464,0.293748,0.303680,0.002963,1.000000,0.250738,0.011856,0.259428,0.267124,0.040576,0.010980,0.042484,0.324948,0.043149,0.306136,0.043420,0.225732
order-day1080,diagnostic,3,candidate,underground,828.143633,1.207520,1.130050,2.031600,2.603400,346.314350,1.050665,0.770631,42.000000,22890.000000,22344.000000,0.000000,0.003392,0.000000,0.000000,0.000000,1.732796,0.109945,0.127660,0.247780,0.087373,1.000000,0.028698,0.148874,0.040092,0.058916,0.573091,0.111982,0.693940,1.309152,0.048349,0.566243,0.058344,0.097344
order-day1080,diagnostic,3,candidate,surface_still,1008.039451,0.992025,0.541850,1.130100,1.620000,27.678213,0.527226,0.952947,42.000000,22890.000000,22344.000000,0.000000,0.002272,0.000000,0.000000,0.000000,1.352728,0.109659,0.116064,0.125996,0.024612,1.000000,0.043582,0.042495,0.051428,0.056108,0.661142,0.029215,0.719628,1.048476,0.044241,0.409454,0.050232,0.053612
order-day1080,diagnostic,3,candidate,overview,1383.139256,0.722993,0.438050,0.781900,1.406800,39.536891,0.396468,0.699622,48.000000,25464.000000,25601.000000,0.000000,0.001977,0.000000,0.000000,0.000000,1.139684,0.000915,0.001092,0.001196,0.000164,0.000000,0.041647,0.039180,0.049348,0.056004,0.609202,0.023657,0.628368,1.033136,0.044088,0.325704,0.049036,0.053040
order-day1080,diagnostic,3,candidate,sky,1451.580009,0.688905,0.363150,0.672600,1.111700,34.719711,0.336576,0.663863,0.000000,0.000000,0.000000,0.000000,0.001406,0.000000,0.000000,0.000000,0.978432,0.270531,0.274040,0.536068,0.007605,1.000000,0.311175,0.010661,0.318344,0.329420,0.035356,0.014073,0.038168,0.040716,0.043214,0.298075,0.045552,0.055640
order-day1080,diagnostic,3,candidate,translate,1188.790655,0.841191,0.474500,0.890400,1.291000,30.391503,0.436348,0.816787,41.228333,23682.750000,22078.183333,0.000000,0.001861,0.000000,0.000000,0.000000,1.393704,0.107079,0.111592,0.114296,0.012720,1.000000,0.043555,0.033404,0.057044,0.058240,0.546723,0.076094,0.713492,0.925392,0.043166,0.302534,0.045760,0.051480
order-day1080,diagnostic,3,candidate,rotate,1310.125766,0.763286,0.518900,1.084500,1.744900,53.805386,0.515133,0.737512,41.503333,23165.943333,22304.370000,0.000000,0.001756,0.000000,0.000000,0.000000,1.124292,0.109655,0.114764,0.116844,0.013584,1.000000,0.083626,0.041532,0.106548,0.111904,0.478435,0.107472,0.576316,0.828672,0.044677,0.342119,0.047372,0.051948
order-day1080,diagnostic,3,candidate,seam_edits,987.879541,1.012269,0.929350,1.500500,1.931300,390.441980,0.925378,0.913978,42.000000,22896.000000,22345.500000,0.000000,0.410040,2.000000,4.000000,167664.000000,1.285440,0.104876,0.108108,0.110760,0.024134,1.000000,0.041095,0.044187,0.043680,0.048464,0.635421,0.506484,0.651612,1.002716,0.041960,0.329906,0.044096,0.046956
order-day1080,diagnostic,3,candidate,sky_moving,1439.149865,0.694855,0.388850,0.745900,1.316400,36.758940,0.362248,0.671409,0.000000,0.000000,0.000000,0.000000,0.001478,0.000000,0.000000,0.000000,1.023932,0.274392,0.280124,0.579332,0.007979,1.000000,0.313249,0.010548,0.326612,0.329576,0.035408,0.022212,0.037596,0.039364,0.044784,0.314632,0.045084,0.301756
order-day1080,diagnostic,3,candidate,wall_moving,1509.730971,0.662370,0.484600,0.971700,1.468700,75.594742,0.478557,0.640511,26.770000,15140.680000,14573.851667,0.000000,0.001633,0.000000,0.000000,0.000000,1.013896,0.105970,0.112996,0.121992,0.026086,1.000000,0.017190,0.027117,0.019032,0.027664,0.459496,0.084171,0.495664,0.808132,0.042193,0.324723,0.044044,0.049192
order-day1080,diagnostic,3,candidate,cloud_layer,1576.140594,0.634461,0.373350,0.644300,1.079500,42.813259,0.342235,0.615826,0.000000,0.000000,0.000000,0.000000,0.001407,0.000000,0.000000,0.000000,0.947024,0.283582,0.301028,0.576784,0.008200,1.000000,0.249747,0.010118,0.255736,0.264888,0.033958,0.015269,0.036660,0.037752,0.044988,0.302724,0.044148,0.339144
order-isolation,diagnostic,1,base,seam_edits,653.524507,1.530165,1.427200,2.291400,2.887800,204.699212,1.399487,0.807869,42.000000,22896.000000,22345.500000,0.000000,0.485831,2.000000,4.000000,167664.000000,2.717884,0.069660,0.083096,0.245596,0.078003,1.000000,0.156770,0.113278,0.192816,0.553904,0.459853,0.586697,0.911248,1.508468,0.064046,0.475479,0.068484,0.456924
order-isolation,diagnostic,1,candidate_first,seam_edits,613.805530,1.629181,1.561500,2.255100,2.735100,329.969478,1.494710,0.968798,42.000000,22896.000000,22345.500000,0.000000,0.572769,2.000000,4.000000,167664.000000,3.073720,0.085042,0.122616,0.246324,0.084133,1.000000,0.210015,0.114184,0.343720,0.683540,0.530676,0.670512,1.180192,2.019056,0.073696,0.473669,0.154024,0.441688
order-isolation,diagnostic,1,candidate,seam_edits,635.284125,1.574099,1.476300,2.293500,2.845700,311.654313,1.447147,0.854240,42.000000,22896.000000,22345.500000,0.000000,0.558699,2.000000,4.000000,167664.000000,2.267200,0.095416,0.131248,0.452816,0.073581,1.000000,0.032763,0.123886,0.046124,0.087256,0.569266,0.668138,1.119560,1.738360,0.078926,0.469790,0.104260,0.379028
order-isolation,diagnostic,2,candidate,seam_edits,635.315270,1.574022,1.496300,2.229000,2.678100,335.268578,1.448096,0.853724,42.000000,22896.000000,22345.500000,0.000000,0.559164,2.000000,4.000000,167664.000000,2.236676,0.098699,0.113516,0.525616,0.073479,1.000000,0.031921,0.132278,0.041756,0.085020,0.563813,0.669760,1.136876,1.545336,0.077403,0.460101,0.091832,0.469196
order-isolation,diagnostic,2,candidate_first,seam_edits,619.825170,1.613358,1.531350,2.278400,2.868600,289.495650,1.482178,0.941720,42.000000,22896.000000,22345.500000,0.000000,0.565593,2.000000,4.000000,167664.000000,2.697344,0.084980,0.106392,0.427648,0.082485,1.000000,0.203425,0.109480,0.260676,0.608192,0.509853,0.660749,1.084460,1.582360,0.074690,0.485366,0.086216,0.532324
order-isolation,diagnostic,2,base,seam_edits,650.506848,1.537263,1.460500,2.222300,2.780700,316.422318,1.409096,0.906770,42.000000,22896.000000,22345.500000,0.000000,0.482540,2.000000,4.000000,167664.000000,2.722668,0.078089,0.092872,0.244712,0.079493,1.000000,0.175360,0.108755,0.214448,0.553436,0.526026,0.584877,1.001416,1.531556,0.063867,0.491223,0.074256,0.184756
order-isolation,diagnostic,3,base,seam_edits,654.136179,1.528734,1.458150,2.192400,2.705000,347.258395,1.400650,0.899297,42.000000,22896.000000,22345.500000,0.000000,0.483142,2.000000,4.000000,167664.000000,2.340832,0.075211,0.087828,0.208936,0.078729,1.000000,0.176004,0.112992,0.204204,0.483912,0.516393,0.585170,0.951444,1.540448,0.066450,0.479027,0.072436,0.410436
order-isolation,diagnostic,3,candidate_first,seam_edits,627.044688,1.594783,1.517100,2.214100,2.640000,287.382473,1.465534,0.926877,42.000000,22896.000000,22345.500000,0.000000,0.562866,2.000000,4.000000,167664.000000,3.168152,0.081537,0.133900,0.247104,0.076189,1.000000,0.205527,0.116312,0.376740,0.679068,0.499411,0.656719,1.180504,1.520480,0.073293,0.472657,0.156052,0.466232
order-isolation,diagnostic,3,candidate,seam_edits,624.727072,1.600699,1.532700,2.292900,2.611600,365.114524,1.473045,0.881690,42.000000,22896.000000,22345.500000,0.000000,0.569850,2.000000,4.000000,167664.000000,2.238392,0.099756,0.122824,0.587912,0.073499,1.000000,0.034904,0.129563,0.045916,0.086372,0.582798,0.682406,1.221324,1.747460,0.084023,0.477308,0.098280,0.536484
order-isolation,diagnostic,4,candidate,seam_edits,526.726174,1.898520,1.801500,2.776000,3.288600,221.076717,1.741151,1.058169,42.000000,22896.000000,22345.500000,0.000000,0.633711,2.000000,4.000000,167664.000000,2.631044,0.112119,0.133796,0.590200,0.090640,1.000000,0.039221,0.157009,0.050284,0.079612,0.711879,0.764721,1.391572,2.152800,0.100083,0.587080,0.108784,0.637884
order-isolation,diagnostic,4,candidate_first,seam_edits,624.894093,1.600271,1.521150,2.261100,2.773100,329.869701,1.468888,0.942857,42.000000,22896.000000,22345.500000,0.000000,0.564341,2.000000,4.000000,167664.000000,2.708368,0.080781,0.099892,0.242944,0.079939,1.000000,0.204626,0.110837,0.248560,0.679796,0.514097,0.660425,1.096940,1.490840,0.075305,0.471303,0.083928,0.552968
order-isolation,diagnostic,4,base,seam_edits,646.102794,1.547741,1.498450,2.163600,2.557100,363.863503,1.417825,0.924975,42.000000,22896.000000,22345.500000,0.000000,0.492126,2.000000,4.000000,167664.000000,2.731716,0.080569,0.180440,0.247260,0.078798,1.000000,0.178329,0.115751,0.216996,0.485992,0.532779,0.595730,1.151904,1.676532,0.068183,0.482506,0.138424,0.366184
order-isolation,diagnostic,5,base,seam_edits,647.975945,1.543267,1.484600,2.220900,2.665500,349.190460,1.411115,0.899157,42.000000,22896.000000,22345.500000,0.000000,0.494571,2.000000,4.000000,167664.000000,2.719132,0.078203,0.093236,0.245908,0.078472,1.000000,0.174159,0.112383,0.216164,0.554944,0.517260,0.598605,1.014312,1.658644,0.065814,0.480249,0.080860,0.395096
order-isolation,diagnostic,5,candidate_first,seam_edits,621.339727,1.609426,1.539900,2.310100,2.872500,314.160798,1.477036,0.960177,42.000000,22896.000000,22345.500000,0.000000,0.564778,2.000000,4.000000,167664.000000,2.703636,0.087336,0.100984,0.402532,0.078703,1.000000,0.208095,0.114257,0.396864,0.680784,0.522230,0.661168,1.170832,1.706380,0.073949,0.476615,0.125164,0.479856
order-isolation,diagnostic,5,candidate,seam_edits,627.236490,1.594295,1.506550,2.275300,2.730700,313.717288,1.462060,0.851596,42.000000,22896.000000,22345.500000,0.000000,0.562992,2.000000,4.000000,167664.000000,2.268292,0.095360,0.159952,0.527072,0.074053,1.000000,0.031928,0.127240,0.042068,0.081068,0.569473,0.674993,1.126892,1.554332,0.079798,0.474884,0.122824,0.537628
order-layout-padding,diagnostic,1,baseline_unpadded,seam_edits,885.042951,1.129889,1.044700,1.720800,2.119000,413.633355,1.012461,0.622809,42.000000,22896.000000,22345.500000,0.000000,0.451313,2.000000,4.000000,167664.000000,1.922492,0.000000,0.000000,0.000000,0.000000,0.000000,0.000000,0.000000,0.000000,0.000000,0.490184,0.554046,1.154296,1.529268,0.070690,0.385308,0.159224,0.541840
order-layout-padding,diagnostic,1,baseline_padded,seam_edits,823.665672,1.214085,1.109350,1.852300,2.410900,309.503299,1.097936,0.771378,42.000000,22896.000000,22345.500000,0.000000,0.526379,2.000000,4.000000,167664.000000,1.909284,0.000000,0.000000,0.000000,0.000000,0.000000,0.000000,0.000000,0.000000,0.000000,0.619043,0.628348,1.273012,1.730768,0.076807,0.399033,0.081016,0.186992
order-layout-padding,diagnostic,2,baseline_padded,seam_edits,808.330547,1.237118,1.142000,1.874400,2.251000,319.696501,1.114641,0.676904,42.000000,22896.000000,22345.500000,0.000000,0.533317,2.000000,4.000000,167664.000000,1.914744,0.000000,0.000000,0.000000,0.000000,0.000000,0.000000,0.000000,0.000000,0.000000,0.533653,0.637892,1.286532,1.538316,0.074904,0.402732,0.160576,0.525460
order-layout-padding,diagnostic,2,baseline_unpadded,seam_edits,837.645930,1.193822,1.091800,1.801200,2.231700,429.258242,1.063879,0.698280,42.000000,22896.000000,22345.500000,0.000000,0.466945,2.000000,4.000000,167664.000000,2.507336,0.000000,0.000000,0.000000,0.000000,0.000000,0.000000,0.000000,0.000000,0.000000,0.555989,0.575894,1.308840,2.211300,0.074902,0.406328,0.161096,0.421096
order-layout-padding,diagnostic,3,baseline_unpadded,seam_edits,884.982249,1.129966,1.031750,1.777800,2.190400,405.353367,1.010469,0.575072,42.000000,22896.000000,22345.500000,0.000000,0.452580,2.000000,4.000000,167664.000000,1.929252,0.000000,0.000000,0.000000,0.000000,0.000000,0.000000,0.000000,0.000000,0.000000,0.459047,0.554764,1.296048,1.546168,0.059533,0.384433,0.158600,0.194376
order-layout-padding,diagnostic,3,baseline_padded,seam_edits,812.221332,1.231191,1.121950,1.837500,2.246600,373.789855,1.112091,0.662751,42.000000,22896.000000,22345.500000,0.000000,0.536965,2.000000,4.000000,167664.000000,1.892800,0.000000,0.000000,0.000000,0.000000,0.000000,0.000000,0.000000,0.000000,0.000000,0.524675,0.642201,1.080144,1.522560,0.073429,0.396907,0.078936,0.542724
order-layout-padding,diagnostic,4,baseline_padded,seam_edits,802.397242,1.246266,1.153950,1.789200,2.309800,397.738195,1.126108,0.688043,42.000000,22896.000000,22345.500000,0.000000,0.535997,2.000000,4.000000,167664.000000,2.150876,0.000000,0.000000,0.000000,0.000000,0.000000,0.000000,0.000000,0.000000,0.000000,0.550285,0.641912,1.306708,2.019524,0.070639,0.405186,0.158912,0.195104
order-layout-padding,diagnostic,4,baseline_unpadded,seam_edits,867.847006,1.152277,1.063650,1.730500,1.970100,440.312034,1.034168,0.644294,42.000000,22896.000000,22345.500000,0.000000,0.461406,2.000000,4.000000,167664.000000,1.858948,0.000000,0.000000,0.000000,0.000000,0.000000,0.000000,0.000000,0.000000,0.000000,0.508925,0.566156,1.005680,1.561404,0.072309,0.394775,0.122148,0.555100
order-layout-padding,diagnostic,5,baseline_unpadded,seam_edits,860.058825,1.162711,1.064950,1.772500,2.217200,381.410073,1.041967,0.599802,42.000000,22896.000000,22345.500000,0.000000,0.455595,2.000000,4.000000,167664.000000,1.893840,0.000000,0.000000,0.000000,0.000000,0.000000,0.000000,0.000000,0.000000,0.000000,0.472960,0.561479,0.936000,1.488916,0.066702,0.405572,0.072020,0.343564
order-layout-padding,diagnostic,5,baseline_padded,seam_edits,785.320373,1.273366,1.180700,1.847400,2.288700,399.920016,1.147189,0.690601,42.000000,22896.000000,22345.500000,0.000000,0.556472,2.000000,4.000000,167664.000000,1.927224,0.000000,0.000000,0.000000,0.000000,0.000000,0.000000,0.000000,0.000000,0.000000,0.549527,0.666678,1.309828,1.753180,0.073553,0.406014,0.085436,0.195052
order-mesh-alignment,diagnostic,1,candidate_unaligned,seam_edits,806.790161,1.239480,1.146650,1.842200,2.409000,356.099993,1.117344,0.645064,42.000000,22896.000000,22345.500000,0.000000,0.531755,2.000000,4.000000,167664.000000,1.898312,0.000000,0.000000,0.000000,0.000000,0.000000,0.000000,0.000000,0.000000,0.000000,0.509542,0.638406,1.009372,1.519908,0.067456,0.403492,0.077220,0.311896
order-mesh-alignment,diagnostic,1,candidate_aligned,seam_edits,856.719393,1.167243,1.066500,1.795600,2.507600,386.645272,1.046498,0.670480,42.000000,22896.000000,22345.500000,0.000000,0.479282,2.000000,4.000000,167664.000000,1.919112,0.000000,0.000000,0.000000,0.000000,0.000000,0.000000,0.000000,0.000000,0.000000,0.528259,0.582943,1.114932,1.532024,0.076490,0.391273,0.099424,0.453076
order-mesh-alignment,diagnostic,2,candidate_aligned,seam_edits,848.343955,1.178767,1.082100,1.814100,2.553300,300.434127,1.061288,0.640025,42.000000,22896.000000,22345.500000,0.000000,0.478267,2.000000,4.000000,167664.000000,1.904500,0.000000,0.000000,0.000000,0.000000,0.000000,0.000000,0.000000,0.000000,0.000000,0.506743,0.583017,0.951340,1.531296,0.069060,0.405046,0.072800,0.422864
order-mesh-alignment,diagnostic,2,candidate_unaligned,seam_edits,811.622433,1.232100,1.132950,1.858200,2.655300,263.510398,1.112016,0.619854,42.000000,22896.000000,22345.500000,0.000000,0.540958,2.000000,4.000000,167664.000000,1.889628,0.000000,0.000000,0.000000,0.000000,0.000000,0.000000,0.000000,0.000000,0.000000,0.486750,0.646039,0.874224,1.512316,0.071342,0.393231,0.078676,0.488644
order-mesh-alignment,diagnostic,3,candidate_unaligned,seam_edits,809.395135,1.235490,1.137750,1.732500,2.157900,247.840688,1.119088,0.636429,42.000000,22896.000000,22345.500000,0.000000,0.541799,2.000000,4.000000,167664.000000,1.912872,0.000000,0.000000,0.000000,0.000000,0.000000,0.000000,0.000000,0.000000,0.000000,0.501809,0.646832,0.996216,1.531972,0.072030,0.397557,0.079404,0.465712
order-mesh-alignment,diagnostic,3,candidate_aligned,seam_edits,841.537978,1.188301,1.094050,1.839700,2.317200,380.771061,1.061959,0.662590,42.000000,22896.000000,22345.500000,0.000000,0.481340,2.000000,4.000000,167664.000000,1.914848,0.000000,0.000000,0.000000,0.000000,0.000000,0.000000,0.000000,0.000000,0.000000,0.524408,0.588019,1.305668,1.530984,0.071237,0.400985,0.162552,0.386828
order-mesh-alignment,diagnostic,4,candidate_aligned,seam_edits,866.487554,1.154085,1.065650,1.667100,2.115900,417.304215,1.035193,0.631558,42.000000,22896.000000,22345.500000,0.000000,0.462067,2.000000,4.000000,167664.000000,2.214108,0.000000,0.000000,0.000000,0.000000,0.000000,0.000000,0.000000,0.000000,0.000000,0.498107,0.565683,1.271088,1.613040,0.070819,0.396194,0.159848,0.475956
order-mesh-alignment,diagnostic,4,candidate_unaligned,seam_edits,816.435055,1.224837,1.145850,1.771100,2.293000,380.933032,1.107753,0.670838,42.000000,22896.000000,22345.500000,0.000000,0.527759,2.000000,4.000000,167664.000000,1.880164,0.000000,0.000000,0.000000,0.000000,0.000000,0.000000,0.000000,0.000000,0.000000,0.532683,0.630968,1.095900,1.528800,0.070707,0.403379,0.080496,0.196872
order-mesh-alignment,diagnostic,5,candidate_unaligned,seam_edits,809.051125,1.236016,1.152250,1.777100,2.363000,388.643827,1.115393,0.684416,42.000000,22896.000000,22345.500000,0.000000,0.537123,2.000000,4.000000,167664.000000,1.914484,0.000000,0.000000,0.000000,0.000000,0.000000,0.000000,0.000000,0.000000,0.000000,0.540482,0.642574,1.222728,1.539304,0.074723,0.401542,0.079300,0.472108
order-mesh-alignment,diagnostic,5,candidate_aligned,seam_edits,865.994184,1.154742,1.063400,1.669300,2.101200,390.701309,1.035346,0.624175,42.000000,22896.000000,22345.500000,0.000000,0.467634,2.000000,4.000000,167664.000000,1.919476,0.000000,0.000000,0.000000,0.000000,0.000000,0.000000,0.000000,0.000000,0.000000,0.487279,0.570777,1.011348,1.525680,0.072239,0.392043,0.154440,0.442520
order-no-atmosphere,diagnostic,1,base,seam_edits,876.404731,1.141025,1.047700,1.793300,2.149600,406.006185,1.023701,0.606900,42.000000,22896.000000,22345.500000,0.000000,0.468384,2.000000,4.000000,167664.000000,1.910168,0.000000,0.000000,0.000000,0.000000,0.000000,0.000000,0.000000,0.000000,0.000000,0.480920,0.571967,0.904436,1.522144,0.065270,0.380437,0.083668,0.358748
order-no-atmosphere,diagnostic,1,candidate,seam_edits,815.287289,1.226562,1.137350,1.830400,2.243500,392.254285,1.104753,0.696733,42.000000,22896.000000,22345.500000,0.000000,0.529839,2.000000,4.000000,167664.000000,2.434276,0.000000,0.000000,0.000000,0.000000,0.000000,0.000000,0.000000,0.000000,0.000000,0.546027,0.634047,1.294540,2.066688,0.081705,0.397357,0.158652,0.463476
order-no-atmosphere,diagnostic,2,candidate,seam_edits,790.736053,1.264645,1.159000,1.926100,2.389200,362.765726,1.139028,0.759764,42.000000,22896.000000,22345.500000,0.000000,0.549006,2.000000,4.000000,167664.000000,2.466256,0.000000,0.000000,0.000000,0.000000,0.000000,0.000000,0.000000,0.000000,0.000000,0.600548,0.657427,1.311336,2.130908,0.084431,0.406240,0.158860,0.486512
order-no-atmosphere,diagnostic,2,base,seam_edits,861.500202,1.160766,1.063650,1.855600,2.096200,445.857979,1.041255,0.615829,42.000000,22896.000000,22345.500000,0.000000,0.464294,2.000000,4.000000,167664.000000,1.910116,0.000000,0.000000,0.000000,0.000000,0.000000,0.000000,0.000000,0.000000,0.000000,0.484215,0.568463,0.901524,1.527292,0.069064,0.401276,0.079768,0.201136
order-no-atmosphere,diagnostic,3,base,seam_edits,725.108213,1.379105,1.280000,2.054700,2.590900,351.887584,1.231601,0.771821,42.000000,22896.000000,22345.500000,0.000000,0.541780,2.000000,4.000000,167664.000000,1.966276,0.000000,0.000000,0.000000,0.000000,0.000000,0.000000,0.000000,0.000000,0.000000,0.604316,0.666112,1.128140,1.676792,0.089757,0.477699,0.153400,0.622440
order-no-atmosphere,diagnostic,3,candidate,seam_edits,801.969852,1.246930,1.142750,1.869900,2.555200,307.787011,1.126448,0.653301,42.000000,22896.000000,22345.500000,0.000000,0.539741,2.000000,4.000000,167664.000000,1.913288,0.000000,0.000000,0.000000,0.000000,0.000000,0.000000,0.000000,0.000000,0.000000,0.516835,0.645427,1.065844,1.542788,0.070569,0.408600,0.076492,0.486928
order-no-atmosphere,diagnostic,4,candidate,seam_edits,807.158093,1.238915,1.147750,1.808100,2.632100,343.318170,1.115975,0.663106,42.000000,22896.000000,22345.500000,0.000000,0.534081,2.000000,4.000000,167664.000000,1.892124,0.000000,0.000000,0.000000,0.000000,0.000000,0.000000,0.000000,0.000000,0.000000,0.521079,0.641353,1.066728,1.524068,0.076922,0.401756,0.082836,0.455468
order-no-atmosphere,diagnostic,4,base,seam_edits,890.620783,1.122812,1.028600,1.707200,2.062300,408.013383,1.008252,0.710293,42.000000,22896.000000,22345.500000,0.000000,0.444339,2.000000,4.000000,167664.000000,1.902472,0.000000,0.000000,0.000000,0.000000,0.000000,0.000000,0.000000,0.000000,0.000000,0.556849,0.546532,1.035476,1.516372,0.082313,0.391534,0.077168,0.503412
order-no-atmosphere,diagnostic,5,base,seam_edits,908.509601,1.100704,1.031050,1.709200,2.085600,423.866510,0.987238,0.607025,42.000000,22896.000000,22345.500000,0.000000,0.438632,2.000000,4.000000,167664.000000,1.915524,0.000000,0.000000,0.000000,0.000000,0.000000,0.000000,0.000000,0.000000,0.000000,0.477900,0.538800,1.008280,1.532024,0.068892,0.377906,0.154544,0.386204
order-no-atmosphere,diagnostic,5,candidate,seam_edits,811.594548,1.232142,1.143750,1.816900,2.195600,370.308652,1.112170,0.658068,42.000000,22896.000000,22345.500000,0.000000,0.543085,2.000000,4.000000,167664.000000,1.906268,0.000000,0.000000,0.000000,0.000000,0.000000,0.000000,0.000000,0.000000,0.000000,0.518459,0.648568,1.197248,1.545960,0.075289,0.393809,0.158392,0.450060
chat-empty,diagnostic,1,base,surface_still,821.299921,1.217582,0.856500,1.490800,1.800400,31.630322,0.769601,1.187258,42.000000,22890.000000,22344.000000,0.000000,0.002303,0.000000,0.000000,0.000000,1.853436,0.109666,0.129012,0.163332,0.059825,1.000000,0.258805,0.093059,0.307736,0.387868,0.678054,0.071708,0.967200,1.135524,0.047308,0.417620,0.056576,0.071032
chat-empty,diagnostic,1,candidate,surface_still,985.983586,1.014216,0.906550,1.772500,2.166600,214.323986,0.871794,0.983698,42.000000,22890.000000,22344.000000,0.000000,0.002019,0.000000,0.000000,0.000000,2.026648,0.110973,0.128440,0.233636,0.070777,1.000000,0.049712,0.122114,0.061932,0.095940,0.679848,0.094270,1.019200,1.410916,0.047599,0.466912,0.055848,0.093340
chat-empty,diagnostic,2,candidate,surface_still,928.070801,1.077504,1.004050,1.749700,2.271700,334.511557,0.938571,0.987386,42.000000,22890.000000,22344.000000,0.000000,0.002590,0.000000,0.000000,0.000000,2.029976,0.109312,0.124540,0.231920,0.078644,1.000000,0.048346,0.139499,0.059592,0.096408,0.679685,0.103829,1.128296,1.435616,0.052555,0.486486,0.057876,0.095784
chat-empty,diagnostic,2,base,surface_still,822.622559,1.215624,0.905050,1.523700,2.019300,38.392850,0.831372,1.182865,42.000000,22890.000000,22344.000000,0.000000,0.002181,0.000000,0.000000,0.000000,1.935804,0.108304,0.121680,0.179868,0.067385,1.000000,0.258136,0.105429,0.289380,0.431548,0.675648,0.076464,0.944632,1.117064,0.046591,0.447392,0.053144,0.074984
chat-empty,diagnostic,3,base,surface_still,815.553696,1.226161,0.877950,1.563400,1.984500,34.289594,0.806452,1.193057,42.000000,22890.000000,22344.000000,0.000000,0.002722,0.000000,0.000000,0.000000,1.960868,0.108726,0.122304,0.182364,0.066591,1.000000,0.260831,0.100865,0.293852,0.437320,0.682637,0.076433,0.968032,1.192828,0.046413,0.430558,0.052312,0.078000
chat-empty,diagnostic,3,candidate,surface_still,981.550611,1.018796,0.946400,1.757300,2.101700,414.969327,0.889905,0.980154,42.000000,22890.000000,22344.000000,0.000000,0.002473,0.000000,0.000000,0.000000,1.598688,0.110223,0.151008,0.182416,0.074225,1.000000,0.049730,0.128038,0.062400,0.084968,0.672584,0.097620,0.939016,1.101672,0.051778,0.465184,0.063180,0.352976
chat-history,diagnostic,1,base,surface_still,750.406720,1.332611,1.253300,2.108700,2.493200,301.976436,1.204372,1.233291,42.000000,22890.000000,22344.000000,0.000000,0.002188,0.000000,0.000000,0.000000,2.265328,0.110150,0.126776,0.250276,0.074761,1.000000,0.260533,0.126205,0.295620,0.490152,0.681573,0.089277,1.012804,1.321580,0.087137,0.766291,0.102960,0.175292
chat-history,diagnostic,1,candidate,surface_still,775.581489,1.289355,1.207050,2.025200,2.474800,373.631574,1.164552,0.993597,42.000000,22890.000000,22344.000000,0.000000,0.002355,0.000000,0.000000,0.000000,2.104180,0.108387,0.142948,0.203892,0.071128,1.000000,0.046666,0.121655,0.057824,0.085124,0.656238,0.095090,0.871676,1.260064,0.087255,0.760626,0.107692,0.180648
chat-history,diagnostic,2,candidate,surface_still,780.828983,1.280690,1.206350,1.987200,2.561500,325.268482,1.160187,0.976152,42.000000,22890.000000,22344.000000,0.000000,0.002071,0.000000,0.000000,0.000000,1.721616,0.105465,0.122460,0.187096,0.069958,1.000000,0.047170,0.124617,0.058916,0.076596,0.644742,0.090864,0.770276,1.146340,0.086419,0.759980,0.103688,0.149916
chat-history,diagnostic,2,base,surface_still,758.103750,1.319081,1.214000,2.038300,2.719600,323.567003,1.188660,1.214772,42.000000,22890.000000,22344.000000,0.000000,0.002157,0.000000,0.000000,0.000000,2.099864,0.107725,0.116948,0.191100,0.076360,1.000000,0.257469,0.119959,0.281788,0.455000,0.669776,0.089943,0.960336,1.148940,0.086951,0.752027,0.100828,0.146172
chat-history,diagnostic,3,base,surface_still,734.682602,1.361132,1.294750,2.107600,2.720900,342.053805,1.228259,1.231717,42.000000,22890.000000,22344.000000,0.000000,0.002398,0.000000,0.000000,0.000000,2.782572,0.109694,0.127192,0.252148,0.075032,1.000000,0.260191,0.122712,0.297284,0.604448,0.680610,0.089775,0.956176,1.522768,0.087297,0.789119,0.103480,0.180752
chat-history,diagnostic,3,candidate,surface_still,774.963112,1.290384,1.213750,1.986700,2.387900,393.440043,1.165698,0.971383,42.000000,22890.000000,22344.000000,0.000000,0.002279,0.000000,0.000000,0.000000,1.946412,0.105847,0.118248,0.213928,0.068118,1.000000,0.046931,0.122893,0.055536,0.088660,0.641992,0.089909,0.729872,1.284660,0.084543,0.767170,0.099944,0.158652
chat-narrow,diagnostic,1,base,surface_still,946.493463,1.056531,0.993150,1.579300,2.340400,374.260835,0.945662,0.312265,18.000000,9626.000000,9133.000000,0.000000,0.001645,0.000000,0.000000,0.000000,1.148108,0.022850,0.053456,0.080080,0.066277,1.000000,0.051658,0.106284,0.117884,0.175552,0.091189,0.074663,0.230568,0.364156,0.093818,0.583729,0.230204,0.345124
chat-narrow,diagnostic,1,candidate,surface_still,849.466952,1.177209,1.124550,1.961500,2.375700,381.024957,1.051282,0.458486,18.000000,9626.000000,9133.000000,0.000000,0.002545,0.000000,0.000000,0.000000,0.589628,0.038825,0.045968,0.047840,0.077464,1.000000,0.007820,0.115693,0.009100,0.009672,0.152419,0.091510,0.189748,0.211484,0.165950,0.649842,0.204932,0.208104
chat-narrow,diagnostic,2,candidate,surface_still,930.107967,1.075144,1.006100,1.732500,2.100800,411.054629,0.962695,0.629452,18.000000,9626.000000,9133.000000,0.000000,0.001893,0.000000,0.000000,0.000000,0.985764,0.053092,0.055380,0.080340,0.067204,1.000000,0.010252,0.105740,0.012012,0.015392,0.216689,0.082500,0.236288,0.349804,0.223648,0.599007,0.233012,0.345072
chat-narrow,diagnostic,2,base,surface_still,883.835836,1.131432,1.084250,1.748900,2.169500,387.279170,1.014157,0.248589,18.000000,9626.000000,9133.000000,0.000000,0.001753,0.000000,0.000000,0.000000,0.303680,0.017933,0.020488,0.021996,0.073864,1.000000,0.043585,0.112927,0.047320,0.051376,0.072171,0.080293,0.078572,0.087412,0.073334,0.624274,0.083772,0.088556
chat-narrow,diagnostic,3,base,surface_still,910.075445,1.098810,1.060350,1.661100,2.067900,430.320374,0.984494,0.280843,18.000000,9626.000000,9133.000000,0.000000,0.001971,0.000000,0.000000,0.000000,0.349492,0.020256,0.025376,0.025948,0.068743,1.000000,0.046992,0.111847,0.057408,0.059020,0.080028,0.079552,0.097968,0.099320,0.086199,0.604804,0.105560,0.106288
chat-narrow,diagnostic,3,candidate,surface_still,984.561259,1.015681,0.979500,1.587200,1.959300,477.984816,0.914377,0.279881,18.000000,9626.000000,9133.000000,0.000000,0.001546,0.000000,0.000000,0.000000,0.731900,0.023545,0.057512,0.060684,0.064824,1.000000,0.004887,0.105949,0.010764,0.012584,0.096809,0.079340,0.250432,0.263432,0.098879,0.564992,0.256308,0.260312
chat-open,diagnostic,1,base,surface_still,772.004244,1.295330,1.133200,1.988100,2.699000,89.486660,1.067123,1.262342,42.000000,22890.000000,22344.000000,0.000000,0.002636,0.000000,0.000000,0.000000,1.757964,0.110956,0.126048,0.136136,0.073006,1.000000,0.261823,0.125270,0.296036,0.310544,0.691118,0.092713,0.856856,1.120392,0.103556,0.632586,0.120536,0.134940
chat-open,diagnostic,1,candidate,surface_still,874.492539,1.143520,1.099600,1.724800,2.107600,436.817927,1.013131,1.013049,42.000000,22890.000000,22344.000000,0.000000,0.002496,0.000000,0.000000,0.000000,1.958424,0.108161,0.136812,0.208208,0.073169,1.000000,0.047446,0.126093,0.061672,0.084708,0.661320,0.094737,0.855192,1.266876,0.101738,0.605143,0.127244,0.179816
chat-open,diagnostic,2,candidate,surface_still,880.682623,1.135483,1.062450,1.757000,2.278800,348.922411,1.005749,1.022094,42.000000,22890.000000,22344.000000,0.000000,0.002419,0.000000,0.000000,0.000000,2.316704,0.108809,0.123032,0.251940,0.070535,1.000000,0.048808,0.123265,0.057720,0.113620,0.665134,0.094821,0.927472,1.507428,0.104424,0.597516,0.123708,0.238212
chat-open,diagnostic,2,base,surface_still,725.211281,1.378908,1.261450,2.239300,2.737200,319.381677,1.216822,1.268454,42.000000,22890.000000,22344.000000,0.000000,0.003221,0.000000,0.000000,0.000000,2.604628,0.110654,0.126256,0.233688,0.087163,1.000000,0.264431,0.135477,0.299520,0.558844,0.692599,0.107787,0.851760,1.398852,0.104563,0.710132,0.125008,0.202488
chat-open,diagnostic,3,base,surface_still,777.240330,1.286603,1.151000,1.893100,2.254000,94.896618,1.061310,1.252449,42.000000,22890.000000,22344.000000,0.000000,0.002389,0.000000,0.000000,0.000000,2.277496,0.110166,0.125112,0.202904,0.075759,1.000000,0.261542,0.127199,0.293800,0.486668,0.682545,0.092562,1.015560,1.225380,0.103276,0.614668,0.118820,0.193544
chat-open,diagnostic,3,candidate,surface_still,871.023740,1.148074,1.067750,1.861800,2.235400,381.642973,1.019293,1.009155,42.000000,22890.000000,22344.000000,0.000000,0.002276,0.000000,0.000000,0.000000,1.870648,0.107051,0.121732,0.201812,0.073028,1.000000,0.048754,0.124574,0.062244,0.088088,0.657715,0.095537,0.996580,1.221324,0.102318,0.605730,0.124852,0.179296
final-chat-history,depth-only,1,base,surface_still,673.618182,1.484520,1.349950,2.502400,3.065900,262.769503,1.342429,1.330885,42.000000,22890.000000,22344.000000,0.000000,0.002373,0.000000,0.000000,0.000000,4.153708,0.122281,0.117156,0.472628,0.081245,1.000000,0.268948,0.140455,0.275184,0.903916,0.750245,0.098061,1.385020,2.258620,0.091578,0.865644,0.097760,0.293436
final-chat-history,depth-only,1,candidate,surface_still,708.299655,1.411832,1.330950,2.199900,2.669400,332.192805,1.273911,1.078294,42.000000,22890.000000,22344.000000,0.000000,0.002328,0.000000,0.000000,0.000000,3.872752,0.119832,0.121836,0.437840,0.076270,1.000000,0.049313,0.136103,0.056836,0.174044,0.715998,0.101514,1.064284,2.532348,0.093853,0.832640,0.101608,0.447564
final-chat-history,depth-only,2,candidate,surface_still,704.927798,1.418585,1.316150,2.291200,2.632500,315.664869,1.280969,1.102390,42.000000,22890.000000,22344.000000,0.000000,0.002395,0.000000,0.000000,0.000000,3.872700,0.117387,0.126360,0.429728,0.079315,1.000000,0.049821,0.137924,0.057252,0.162708,0.736653,0.101656,1.351532,2.568748,0.096256,0.830827,0.211640,0.451048
final-chat-history,depth-only,2,base,surface_still,665.080597,1.503577,1.383100,2.337200,2.923100,260.547845,1.356039,1.367355,42.000000,22890.000000,22344.000000,0.000000,0.002331,0.000000,0.000000,0.000000,3.724136,0.119000,0.121368,0.377884,0.087277,1.000000,0.275392,0.129677,0.277004,0.811304,0.776068,0.099150,1.437904,2.125968,0.097670,0.875211,0.107432,0.439764
final-chat-history,depth-only,3,base,surface_still,687.574272,1.454388,1.368500,2.272100,2.806000,314.353375,1.315955,1.352289,42.000000,22890.000000,22344.000000,0.000000,0.002431,0.000000,0.000000,0.000000,3.904056,0.122922,0.139412,0.479232,0.081863,1.000000,0.274305,0.134119,0.321620,0.905580,0.758745,0.096442,1.210716,2.245984,0.096773,0.841888,0.115232,0.472368
final-chat-history,depth-only,3,candidate,surface_still,724.013526,1.381190,1.270600,2.328600,2.760400,325.321390,1.252637,1.028538,42.000000,22890.000000,22344.000000,0.000000,0.002158,0.000000,0.000000,0.000000,2.105792,0.113877,0.121992,0.439400,0.075008,1.000000,0.046340,0.134187,0.055484,0.094536,0.680975,0.099132,1.148628,1.487356,0.091608,0.822473,0.135200,0.439504
final-chat-narrow,depth-only,1,base,surface_still,863.671225,1.157848,1.082050,1.826300,2.421000,357.319390,1.041810,0.552986,18.000000,9626.000000,9133.000000,0.000000,0.001569,0.000000,0.000000,0.000000,1.499212,0.045187,0.066300,0.501696,0.074433,1.000000,0.084597,0.114647,0.118872,0.174148,0.170767,0.079277,0.308932,0.833144,0.163794,0.650787,0.292448,0.513708
final-chat-narrow,depth-only,1,candidate,surface_still,919.996774,1.086960,1.034250,1.659800,1.952600,380.928195,0.974324,0.480809,18.000000,9626.000000,9133.000000,0.000000,0.001699,0.000000,0.000000,0.000000,1.811108,0.052391,0.067392,0.602472,0.068699,1.000000,0.007413,0.108217,0.012064,0.015184,0.171118,0.087767,0.335244,1.137708,0.161177,0.604644,0.292864,0.345956
final-chat-narrow,depth-only,2,candidate,surface_still,902.087566,1.108540,1.052650,1.744000,2.234100,393.540686,0.998100,0.548355,18.000000,9626.000000,9133.000000,0.000000,0.001730,0.000000,0.000000,0.000000,1.898468,0.057866,0.069472,0.719056,0.070947,1.000000,0.009735,0.112172,0.013780,0.015704,0.185824,0.089029,0.311636,0.784732,0.190998,0.613437,0.296868,0.652184
final-chat-narrow,depth-only,2,base,surface_still,875.904737,1.141677,1.065800,1.810400,2.248400,334.649622,1.030991,0.552565,18.000000,9626.000000,9133.000000,0.000000,0.001626,0.000000,0.000000,0.000000,1.607788,0.044646,0.067340,0.475124,0.077589,1.000000,0.085850,0.120062,0.145600,0.178776,0.170953,0.081152,0.341848,0.912340,0.160913,0.626945,0.292812,0.345904
final-chat-narrow,depth-only,3,base,surface_still,868.220734,1.151781,1.080400,1.800500,2.576700,365.367986,1.032508,0.544057,18.000000,9626.000000,9133.000000,0.000000,0.001846,0.000000,0.000000,0.000000,1.503528,0.044220,0.068692,0.420472,0.074893,1.000000,0.083657,0.118070,0.149240,0.178776,0.167385,0.081886,0.348504,0.864136,0.158007,0.631884,0.294320,0.347308
final-chat-narrow,depth-only,3,candidate,surface_still,886.031797,1.128628,1.076400,1.791700,2.229900,401.109737,1.011924,0.543548,18.000000,9626.000000,9133.000000,0.000000,0.001897,0.000000,0.000000,0.000000,1.967888,0.052846,0.077220,0.502372,0.069319,1.000000,0.009466,0.113122,0.014040,0.015444,0.190166,0.086366,0.336960,1.034436,0.182797,0.629057,0.340964,0.349284
final-chat-open,depth-only,1,base,surface_still,704.585087,1.419275,1.197850,2.069900,2.653000,61.194267,1.139716,1.398800,42.000000,22890.000000,22344.000000,0.000000,0.002553,0.000000,0.000000,0.000000,3.795480,0.126448,0.144872,0.486304,0.077084,1.000000,0.277203,0.136308,0.277524,0.806572,0.777221,0.095604,1.341912,2.035696,0.116979,0.668992,0.132184,0.453180
final-chat-open,depth-only,1,candidate,surface_still,820.015036,1.219490,1.144550,1.931100,2.397300,367.118426,1.084511,1.088047,42.000000,22890.000000,22344.000000,0.000000,0.002456,0.000000,0.000000,0.000000,2.138708,0.116566,0.150800,0.445796,0.078032,1.000000,0.050433,0.134901,0.061984,0.078156,0.707345,0.099796,1.081080,1.459016,0.111095,0.644501,0.138112,0.455572
final-chat-open,depth-only,2,candidate,surface_still,817.318210,1.223514,1.094600,1.979800,2.366900,163.211124,1.039548,1.195069,42.000000,22890.000000,22344.000000,0.000000,0.002558,0.000000,0.000000,0.000000,4.178356,0.127663,0.334568,0.462436,0.072066,1.000000,0.052135,0.127268,0.059956,0.153348,0.777437,0.097659,1.535716,2.553668,0.125692,0.628648,0.297284,0.586404
final-chat-open,depth-only,2,base,surface_still,717.883421,1.392984,1.229950,2.088800,2.529700,81.000956,1.137222,1.368095,42.000000,22890.000000,22344.000000,0.000000,0.002666,0.000000,0.000000,0.000000,2.701296,0.117735,0.117936,0.376532,0.080012,1.000000,0.271687,0.134676,0.278564,0.491816,0.766377,0.096657,1.354496,1.648660,0.113512,0.664850,0.119704,0.448500
final-chat-open,depth-only,3,base,surface_still,699.555899,1.429478,1.153200,1.999600,2.532000,44.723019,1.077442,1.403966,42.000000,22890.000000,22344.000000,0.000000,0.002325,0.000000,0.000000,0.000000,3.768232,0.122123,0.138892,0.438412,0.073826,1.000000,0.280461,0.117109,0.285584,0.733460,0.784312,0.089692,1.460420,2.012556,0.115613,0.644874,0.139724,0.483028
final-chat-open,depth-only,3,candidate,surface_still,797.667726,1.253655,1.203800,1.954300,2.323300,409.844464,1.115846,1.097426,42.000000,22890.000000,22344.000000,0.000000,0.002507,0.000000,0.000000,0.000000,3.465904,0.115935,0.114920,0.430716,0.078339,1.000000,0.049503,0.143485,0.056316,0.153556,0.723512,0.106124,1.097304,2.442284,0.106916,0.658663,0.116220,0.392340
final-dawn1080,depth-only,1,base,underground,768.612627,1.301045,0.911600,1.634900,2.428500,30.929796,0.844661,1.278105,42.000000,22890.000000,22344.000000,0.000000,0.002297,0.000000,0.000000,0.000000,3.851328,0.113892,0.119236,0.374556,0.066998,1.000000,0.404398,0.101790,0.413400,1.338168,0.687768,0.077322,1.482780,1.981824,0.060681,0.459821,0.064376,0.492908
final-dawn1080,depth-only,1,base,surface_still,701.877933,1.424749,0.533900,1.199100,2.044700,12.062139,0.473697,1.395409,42.000000,22890.000000,22344.000000,0.000000,0.002118,0.000000,0.000000,0.000000,2.391116,0.113894,0.116688,0.132132,0.021817,1.000000,0.387719,0.019599,0.406328,0.464464,0.744278,0.020009,1.235780,1.715740,0.055655,0.363084,0.051064,0.536016
final-dawn1080,depth-only,1,base,overview,864.099475,1.157274,0.475250,1.102500,1.565600,16.552368,0.461777,1.130104,48.000000,25464.000000,25601.000000,0.000000,0.002198,0.000000,0.000000,0.000000,2.069808,0.000909,0.001040,0.001248,0.000183,0.000000,0.400779,0.018774,0.430300,0.464360,0.677468,0.021754,1.252940,1.602172,0.047105,0.402121,0.049816,0.055328
final-dawn1080,depth-only,1,base,sky,1233.114045,0.810955,0.405850,0.932100,1.362400,28.399745,0.382415,0.792659,0.000000,0.000000,0.000000,0.000000,0.001673,0.000000,0.000000,0.000000,1.594528,0.271290,0.341328,0.342368,0.003537,1.000000,0.389035,0.017232,0.486148,0.490360,0.067824,0.011948,0.383812,0.589368,0.060862,0.334084,0.053768,0.569348
final-dawn1080,depth-only,1,base,translate,775.576276,1.289364,0.520150,1.050600,1.635400,14.143411,0.483036,1.264746,41.228333,23682.750000,22078.183333,0.000000,0.002185,0.000000,0.000000,0.000000,2.341508,0.115781,0.116324,0.490152,0.025675,1.000000,0.387971,0.017985,0.411372,0.415116,0.632278,0.082089,1.193972,1.603940,0.051243,0.330319,0.048360,0.447824
final-dawn1080,depth-only,1,base,rotate,834.253213,1.198677,0.592650,1.156900,1.782200,18.250279,0.561911,1.171886,41.503333,23165.943333,22304.370000,0.000000,0.002387,0.000000,0.000000,0.000000,2.147444,0.112572,0.116376,0.118404,0.036260,1.000000,0.417021,0.018904,0.444288,0.449852,0.562771,0.121836,1.059864,1.511328,0.057539,0.358403,0.050076,0.509600
final-dawn1080,depth-only,1,base,seam_edits,700.579216,1.427390,1.075800,1.873600,2.292600,37.232739,1.066715,1.412867,42.000000,22896.000000,22345.500000,0.000000,0.462421,2.000000,4.000000,167664.000000,2.416856,0.116939,0.114036,0.521196,0.029312,1.000000,0.389898,0.018940,0.402168,0.411528,0.754823,0.566000,1.352884,1.729676,0.057320,0.379300,0.050180,0.530296
final-dawn1080,depth-only,1,base,sky_moving,1241.242517,0.805644,0.417100,0.879600,1.344500,28.702654,0.382733,0.787448,0.000000,0.000000,0.000000,0.000000,0.001528,0.000000,0.000000,0.000000,1.677260,0.269741,0.327912,0.343200,0.003258,1.000000,0.384174,0.017928,0.465348,0.488696,0.067238,0.019008,0.380692,0.655668,0.062684,0.327971,0.055016,0.507416
final-dawn1080,depth-only,1,base,wall_moving,893.449186,1.119258,0.522800,1.066900,1.961400,18.906713,0.519192,1.097570,26.770000,15140.680000,14573.851667,0.000000,0.002012,0.000000,0.000000,0.000000,2.047968,0.109445,0.113984,0.115024,0.021322,1.000000,0.384347,0.017881,0.399048,0.408408,0.531942,0.085836,0.952432,1.379196,0.055884,0.354780,0.047008,0.564044
final-dawn1080,depth-only,1,base,cloud_layer,1204.846616,0.829981,0.420250,0.778000,1.470500,27.333071,0.392531,0.814707,0.000000,0.000000,0.000000,0.000000,0.001761,0.000000,0.000000,0.000000,1.758900,0.284826,0.354692,0.371644,0.003426,1.000000,0.385973,0.017401,0.485888,0.508820,0.077203,0.013416,0.427596,0.796432,0.063034,0.343271,0.055172,0.597688
final-dawn1080,depth-only,1,candidate,underground,1013.156684,0.987014,0.904950,1.580000,2.156400,334.027368,0.852305,0.883699,42.000000,22890.000000,22344.000000,0.000000,0.002294,0.000000,0.000000,0.000000,2.946164,0.117854,0.166920,0.422968,0.069828,1.000000,0.028101,0.122744,0.038844,0.091104,0.659291,0.090062,1.265368,2.226536,0.064693,0.464346,0.146432,0.504868
final-dawn1080,depth-only,1,candidate,surface_still,955.952573,1.046077,0.513950,1.021900,1.462200,20.683707,0.449619,1.021158,42.000000,22890.000000,22344.000000,0.000000,0.002192,0.000000,0.000000,0.000000,2.039648,0.116586,0.129636,0.497224,0.021151,1.000000,0.055702,0.037966,0.064376,0.068588,0.700447,0.027014,1.092416,1.555892,0.052366,0.343680,0.050024,0.465296
final-dawn1080,depth-only,1,candidate,overview,1260.140455,0.793562,0.457650,0.989100,1.305000,35.442141,0.433546,0.776920,48.000000,25464.000000,25601.000000,0.000000,0.002227,0.000000,0.000000,0.000000,1.484652,0.000936,0.001092,0.001196,0.000163,0.000000,0.052826,0.043638,0.062660,0.069576,0.668891,0.027640,1.099228,1.365624,0.050368,0.353766,0.050700,0.254072
final-dawn1080,depth-only,1,candidate,sky,1239.389791,0.806849,0.420200,0.808300,1.830300,29.087186,0.391478,0.782695,0.000000,0.000000,0.000000,0.000000,0.001777,0.000000,0.000000,0.000000,1.630460,0.302192,0.580424,1.016548,0.009680,1.000000,0.380490,0.012410,0.423800,0.442000,0.035423,0.017800,0.040144,0.041964,0.060936,0.344210,0.050388,0.518752
final-dawn1080,depth-only,1,candidate,translate,1081.357168,0.924764,0.517800,1.146400,1.993000,29.323550,0.518568,0.903221,41.228333,23682.750000,22078.183333,0.000000,0.002073,0.000000,0.000000,0.000000,1.825720,0.118782,0.124332,0.563316,0.014591,1.000000,0.059479,0.038283,0.079664,0.084292,0.594590,0.086257,0.986128,1.454232,0.052238,0.367536,0.048516,0.491036
final-dawn1080,depth-only,1,candidate,rotate,1130.238301,0.884769,0.524150,1.080900,1.482100,33.544440,0.512478,0.866254,41.503333,23165.943333,22304.370000,0.000000,0.001974,0.000000,0.000000,0.000000,1.790256,0.123615,0.118144,0.552188,0.014366,1.000000,0.138916,0.042010,0.183820,0.193700,0.528418,0.109162,0.868608,1.375608,0.052164,0.336050,0.050596,0.495352
final-dawn1080,depth-only,1,candidate,seam_edits,842.528597,1.186903,1.072500,1.805300,2.178000,418.482999,1.093155,1.037564,42.000000,22896.000000,22345.500000,0.000000,0.520991,2.000000,4.000000,167664.000000,2.006576,0.119061,0.131456,0.527852,0.026634,1.000000,0.056491,0.050115,0.069108,0.072904,0.707357,0.629800,1.170312,1.541696,0.053217,0.362853,0.053352,0.493324
final-dawn1080,depth-only,1,candidate,sky_moving,1228.916655,0.813725,0.408200,0.848000,1.262300,27.748796,0.377626,0.792344,0.000000,0.000000,0.000000,0.000000,0.001712,0.000000,0.000000,0.000000,1.614184,0.305689,0.555152,1.018108,0.008819,1.000000,0.385746,0.012251,0.441272,0.443664,0.036407,0.025048,0.041964,0.043160,0.060826,0.323823,0.052104,0.553852
final-dawn1080,depth-only,1,candidate,wall_moving,1402.359657,0.713084,0.500700,0.944500,1.371100,59.769231,0.478294,0.697214,26.770000,15140.680000,14573.851667,0.000000,0.001931,0.000000,0.000000,0.000000,1.513252,0.111005,0.137696,0.139048,0.020108,1.000000,0.019904,0.029656,0.024128,0.030472,0.497603,0.088196,0.850824,1.081340,0.048810,0.322764,0.050492,0.359528
final-dawn1080,depth-only,1,candidate,cloud_layer,1236.521147,0.808720,0.409250,0.898500,1.308900,28.700485,0.390020,0.787300,0.000000,0.000000,0.000000,0.000000,0.001645,0.000000,0.000000,0.000000,1.561768,0.315555,0.619008,1.052532,0.009198,1.000000,0.375416,0.012560,0.458848,0.459316,0.036096,0.019734,0.042432,0.044460,0.056623,0.340443,0.049400,0.505076
final-dawn1080,depth-only,2,candidate,underground,938.552939,1.065470,0.996900,1.818200,2.269900,409.355129,0.934585,0.816710,42.000000,22890.000000,22344.000000,0.000000,0.002299,0.000000,0.000000,0.000000,2.894632,0.110161,0.121992,0.424632,0.077412,1.000000,0.026407,0.129523,0.033956,0.081484,0.611231,0.100736,1.021800,2.192580,0.054467,0.506687,0.054912,0.468208
final-dawn1080,depth-only,2,candidate,surface_still,928.638611,1.076845,0.548400,1.145400,2.069000,21.538209,0.486768,1.053628,42.000000,22890.000000,22344.000000,0.000000,0.002535,0.000000,0.000000,0.000000,2.112916,0.122181,0.141804,0.597012,0.022654,1.000000,0.057070,0.039802,0.067496,0.072800,0.716805,0.029303,1.129388,1.598220,0.059169,0.372807,0.055692,0.568932
final-dawn1080,depth-only,2,candidate,overview,1266.480874,0.789589,0.462050,1.092900,1.847500,39.942190,0.468779,0.770344,48.000000,25464.000000,25601.000000,0.000000,0.002080,0.000000,0.000000,0.000000,1.646424,0.000938,0.001144,0.001248,0.000165,0.000000,0.055924,0.041899,0.060996,0.076856,0.659784,0.028373,1.092832,1.530620,0.049774,0.388607,0.052468,0.070824
final-dawn1080,depth-only,2,candidate,sky,1227.390696,0.814737,0.401650,0.845200,1.470800,27.877815,0.385377,0.790520,0.000000,0.000000,0.000000,0.000000,0.001551,0.000000,0.000000,0.000000,1.627496,0.301187,0.577252,0.995800,0.009174,1.000000,0.384514,0.009758,0.461344,0.481260,0.036540,0.017437,0.043940,0.045968,0.064584,0.341883,0.263224,0.512096
final-dawn1080,depth-only,2,candidate,translate,814.001035,1.228500,0.554200,1.050700,1.789300,15.940404,0.494958,1.200293,41.228333,23682.750000,22078.183333,0.000000,0.002333,0.000000,0.000000,0.000000,2.706444,0.152818,0.145652,0.588900,0.015047,1.000000,0.078157,0.034593,0.100932,0.106340,0.791991,0.086283,1.321944,1.830296,0.068062,0.346292,0.061412,0.558532
final-dawn1080,depth-only,2,candidate,rotate,1127.110444,0.887225,0.534250,1.063100,1.529700,33.992119,0.521465,0.863898,41.503333,23165.943333,22304.370000,0.000000,0.001817,0.000000,0.000000,0.000000,1.803360,0.125752,0.124280,0.642304,0.013943,1.000000,0.137825,0.040525,0.182312,0.189020,0.524801,0.108553,0.909792,1.267968,0.052601,0.347882,0.051116,0.467948
final-dawn1080,depth-only,2,candidate,seam_edits,840.560637,1.189682,1.089550,1.823000,2.391700,342.772919,1.094997,1.001433,42.000000,22896.000000,22345.500000,0.000000,0.515097,2.000000,4.000000,167664.000000,1.938976,0.110550,0.125372,0.152048,0.027135,1.000000,0.056124,0.047324,0.062712,0.066820,0.676104,0.622356,1.062048,1.338220,0.058602,0.374036,0.050960,0.542204
final-dawn1080,depth-only,2,candidate,sky_moving,1229.730959,0.813186,0.409550,0.792100,1.337300,27.067812,0.370377,0.782756,0.000000,0.000000,0.000000,0.000000,0.001793,0.000000,0.000000,0.000000,1.594060,0.302756,0.576420,1.076140,0.008387,1.000000,0.380047,0.009509,0.407368,0.410020,0.034883,0.023750,0.038688,0.039312,0.061451,0.321015,0.051064,0.559780
final-dawn1080,depth-only,2,candidate,wall_moving,1407.745179,0.710356,0.503250,0.930300,1.573800,61.646073,0.485961,0.695130,26.770000,15140.680000,14573.851667,0.000000,0.001612,0.000000,0.000000,0.000000,1.537120,0.109888,0.112892,0.114452,0.020449,1.000000,0.017841,0.027114,0.023556,0.027300,0.498437,0.085852,0.893100,1.191424,0.050328,0.335075,0.046228,0.473720
final-dawn1080,depth-only,2,candidate,cloud_layer,1220.523841,0.819320,0.410150,0.838300,1.338700,28.340789,0.394241,0.789784,0.000000,0.000000,0.000000,0.000000,0.001666,0.000000,0.000000,0.000000,1.604824,0.318481,0.623636,1.085136,0.009247,1.000000,0.377824,0.009896,0.440180,0.459576,0.034411,0.018959,0.042224,0.044148,0.055438,0.349157,0.051740,0.490932
final-dawn1080,depth-only,2,base,underground,785.224997,1.273520,1.026050,1.803300,2.449700,52.269680,0.954469,1.254328,42.000000,22890.000000,22344.000000,0.000000,0.002535,0.000000,0.000000,0.000000,2.261272,0.112437,0.119912,0.153868,0.080211,1.000000,0.398379,0.123744,0.418028,0.542932,0.673595,0.091666,1.253980,1.647984,0.057961,0.501532,0.061464,0.494572
final-dawn1080,depth-only,2,base,surface_still,700.991576,1.426551,0.533000,1.001800,1.500500,11.770582,0.448193,1.402912,42.000000,22890.000000,22344.000000,0.000000,0.002173,0.000000,0.000000,0.000000,2.552316,0.117171,0.124436,0.492232,0.020938,1.000000,0.393811,0.018918,0.444600,0.448032,0.741349,0.018840,1.277900,1.677312,0.055488,0.342611,0.049972,0.477464
final-dawn1080,depth-only,2,base,overview,856.506228,1.167534,0.454550,0.995700,1.573100,15.173348,0.417028,1.135869,48.000000,25464.000000,25601.000000,0.000000,0.002038,0.000000,0.000000,0.000000,2.170948,0.000906,0.001092,0.001196,0.000166,0.000000,0.401485,0.017732,0.444600,0.465608,0.681589,0.018655,1.250548,1.657708,0.048069,0.363170,0.048932,0.055484
final-dawn1080,depth-only,2,base,sky,1226.442593,0.815366,0.397400,0.925400,1.473300,28.100333,0.385809,0.794277,0.000000,0.000000,0.000000,0.000000,0.001559,0.000000,0.000000,0.000000,1.653028,0.271848,0.341432,0.357760,0.003420,1.000000,0.386316,0.018901,0.486200,0.509600,0.069320,0.011818,0.417040,0.688012,0.063136,0.335319,0.055744,0.591916
final-dawn1080,depth-only,2,base,translate,772.363495,1.294727,0.535300,1.104000,1.604300,14.482871,0.512511,1.262676,41.228333,23682.750000,22078.183333,0.000000,0.001946,0.000000,0.000000,0.000000,2.449668,0.115149,0.116636,0.379496,0.027683,1.000000,0.386412,0.018881,0.405288,0.485472,0.633701,0.080090,1.171612,1.654016,0.049071,0.355555,0.049088,0.432900
final-dawn1080,depth-only,2,base,rotate,838.597982,1.192466,0.568850,1.122500,1.835900,17.459853,0.531310,1.166248,41.503333,23165.943333,22304.370000,0.000000,0.001985,0.000000,0.000000,0.000000,2.098096,0.111812,0.117208,0.135824,0.033023,1.000000,0.417701,0.017557,0.448448,0.485888,0.561471,0.105804,1.068340,1.467856,0.053053,0.349371,0.049452,0.520676
final-dawn1080,depth-only,2,base,seam_edits,698.541504,1.431554,1.018250,1.821900,2.381800,30.908923,1.003604,1.414629,42.000000,22896.000000,22345.500000,0.000000,0.442151,2.000000,4.000000,167664.000000,2.430480,0.118491,0.143364,0.521664,0.028314,1.000000,0.393159,0.018720,0.404768,0.513708,0.752399,0.539395,1.333748,1.695408,0.055802,0.345147,0.056628,0.477828
final-dawn1080,depth-only,2,base,sky_moving,1247.789593,0.801417,0.410750,0.794200,1.309800,28.453698,0.379154,0.785291,0.000000,0.000000,0.000000,0.000000,0.001678,0.000000,0.000000,0.000000,1.477268,0.272696,0.314496,0.316160,0.003209,1.000000,0.386501,0.016683,0.446004,0.447252,0.063976,0.018686,0.336440,0.601536,0.058476,0.326353,0.049244,0.597740
final-dawn1080,depth-only,2,base,wall_moving,897.602146,1.114079,0.512150,1.022400,1.558000,18.315723,0.482039,1.096996,26.770000,15140.680000,14573.851667,0.000000,0.001984,0.000000,0.000000,0.000000,1.985620,0.113553,0.131924,0.134836,0.020258,1.000000,0.384962,0.017934,0.418808,0.465400,0.535660,0.081820,1.018264,1.394796,0.046857,0.324429,0.048256,0.446992
final-dawn1080,depth-only,2,base,cloud_layer,1215.982386,0.822380,0.394400,0.862400,1.361400,26.272831,0.395300,0.799885,0.000000,0.000000,0.000000,0.000000,0.001272,0.000000,0.000000,0.000000,1.681628,0.283896,0.324740,0.339300,0.002976,1.000000,0.383225,0.017341,0.444912,0.464672,0.063246,0.011633,0.325988,0.561600,0.065843,0.348813,0.313560,0.582764
final-dawn1080,depth-only,3,base,underground,759.226788,1.317130,0.966150,1.813000,2.360800,34.656900,0.885856,1.296529,42.000000,22890.000000,22344.000000,0.000000,0.002553,0.000000,0.000000,0.000000,3.105700,0.116301,0.144560,0.300092,0.069333,1.000000,0.411071,0.109125,0.515684,1.076504,0.702382,0.080077,1.493492,1.844024,0.054587,0.483674,0.060996,0.430300
final-dawn1080,depth-only,3,base,surface_still,692.972920,1.443058,0.532250,1.017700,1.649300,11.480364,0.443006,1.413823,42.000000,22890.000000,22344.000000,0.000000,0.001969,0.000000,0.000000,0.000000,2.624440,0.115184,0.114868,0.415896,0.021343,1.000000,0.392133,0.017942,0.404612,0.409240,0.757115,0.018477,1.463488,1.775800,0.054062,0.338013,0.050388,0.579956
final-dawn1080,depth-only,3,base,overview,855.313220,1.169162,0.468950,0.990800,1.769100,15.439962,0.431338,1.145254,48.000000,25464.000000,25601.000000,0.000000,0.002137,0.000000,0.000000,0.000000,2.099968,0.000909,0.001092,0.001196,0.000175,0.000000,0.405670,0.018511,0.419224,0.431912,0.684469,0.019141,1.225276,1.649908,0.050162,0.376440,0.049660,0.424424
final-dawn1080,depth-only,3,base,sky,1115.317303,0.896606,0.405800,0.886600,1.708700,22.766735,0.385856,0.878064,0.000000,0.000000,0.000000,0.000000,0.001472,0.000000,0.000000,0.000000,1.757652,0.301145,0.304928,0.306800,0.003321,1.000000,0.427899,0.017072,0.436592,0.438568,0.073366,0.011306,0.391144,0.727168,0.071603,0.339127,0.384332,0.590356
final-dawn1080,depth-only,3,base,translate,731.290303,1.367446,0.563400,1.155900,1.820100,13.520237,0.526054,1.331714,41.228333,23682.750000,22078.183333,0.000000,0.002149,0.000000,0.000000,0.000000,2.598284,0.116438,0.131612,0.132756,0.028672,1.000000,0.405160,0.017443,0.467064,0.470444,0.669987,0.081782,1.259024,1.703832,0.050926,0.368284,0.052468,0.404872
final-dawn1080,depth-only,3,base,rotate,831.956445,1.201986,0.586400,1.232200,1.664800,17.837834,0.554706,1.176027,41.503333,23165.943333,22304.370000,0.000000,0.002035,0.000000,0.000000,0.000000,2.250976,0.113100,0.124020,0.126308,0.034555,1.000000,0.420318,0.017940,0.446524,0.451932,0.564391,0.108616,1.127724,1.484600,0.055793,0.367678,0.050232,0.540540
final-dawn1080,depth-only,3,base,seam_edits,697.805217,1.433065,1.070250,1.915000,2.698100,37.524672,1.070120,1.416972,42.000000,22896.000000,22345.500000,0.000000,0.462883,2.000000,4.000000,167664.000000,2.507128,0.115722,0.114296,0.376532,0.030715,1.000000,0.392356,0.019417,0.403676,0.595608,0.762430,0.564868,1.343108,1.741688,0.051186,0.380465,0.051064,0.440440
final-dawn1080,depth-only,3,base,sky_moving,1223.783498,0.817138,0.424050,0.900000,1.521600,29.556548,0.413110,0.796997,0.000000,0.000000,0.000000,0.000000,0.001624,0.000000,0.000000,0.000000,1.690884,0.272673,0.334828,0.343304,0.003454,1.000000,0.387057,0.017632,0.480584,0.487136,0.071925,0.020015,0.432432,0.671164,0.061541,0.356403,0.053300,0.579228
final-dawn1080,depth-only,3,base,wall_moving,886.291726,1.128297,0.524550,1.060000,1.669900,18.823736,0.511098,1.104765,26.770000,15140.680000,14573.851667,0.000000,0.001902,0.000000,0.000000,0.000000,2.000648,0.110519,0.121524,0.123032,0.021918,1.000000,0.386989,0.017718,0.426868,0.428428,0.537160,0.084223,0.971308,1.405456,0.053786,0.348449,0.047944,0.491140
final-dawn1080,depth-only,3,base,cloud_layer,1217.724961,0.821203,0.410900,0.785400,1.278900,26.598999,0.369518,0.799815,0.000000,0.000000,0.000000,0.000000,0.001587,0.000000,0.000000,0.000000,1.520584,0.283556,0.324896,0.338936,0.003164,1.000000,0.385525,0.015942,0.445120,0.464412,0.063279,0.012358,0.312156,0.620620,0.063713,0.323937,0.229164,0.538564
final-dawn1080,depth-only,3,candidate,underground,943.631689,1.059735,1.010150,1.700100,2.213100,427.853246,0.924014,0.876798,42.000000,22890.000000,22344.000000,0.000000,0.002253,0.000000,0.000000,0.000000,2.982356,0.117265,0.296400,0.426088,0.076531,1.000000,0.028827,0.129427,0.054288,0.091000,0.655323,0.098024,1.518504,2.235064,0.063346,0.494899,0.119236,0.486356
final-dawn1080,depth-only,3,candidate,surface_still,941.538908,1.062091,0.496900,0.973300,1.569500,19.638103,0.443049,1.032500,42.000000,22890.000000,22344.000000,0.000000,0.002151,0.000000,0.000000,0.000000,1.936792,0.114093,0.114608,0.399776,0.020367,1.000000,0.056249,0.035670,0.061932,0.067392,0.704635,0.025433,1.099904,1.543620,0.054915,0.342411,0.050336,0.505960
final-dawn1080,depth-only,3,candidate,overview,1270.089105,0.787346,0.425000,0.847900,1.327200,31.762703,0.404177,0.767038,48.000000,25464.000000,25601.000000,0.000000,0.001786,0.000000,0.000000,0.000000,1.730248,0.000923,0.001092,0.001196,0.000155,0.000000,0.052148,0.037702,0.061100,0.069888,0.662274,0.023212,1.078844,1.566396,0.047870,0.335593,0.050596,0.054808
final-dawn1080,depth-only,3,candidate,sky,1227.872962,0.814416,0.412450,0.972100,1.452100,28.963022,0.400489,0.794773,0.000000,0.000000,0.000000,0.000000,0.001449,0.000000,0.000000,0.000000,1.673100,0.313239,0.635232,1.136200,0.009319,1.000000,0.387228,0.010871,0.441012,0.443144,0.036900,0.017878,0.041496,0.042692,0.053617,0.354270,0.051272,0.483444
final-dawn1080,depth-only,3,candidate,translate,1071.791449,0.933017,0.521850,1.002700,1.622800,27.873360,0.491576,0.912159,41.228333,23682.750000,22078.183333,0.000000,0.002090,0.000000,0.000000,0.000000,2.082548,0.113008,0.116740,0.143000,0.014603,1.000000,0.060157,0.037378,0.080704,0.083616,0.606466,0.086389,0.960960,1.491152,0.052009,0.342251,0.051896,0.469404
final-dawn1080,depth-only,3,candidate,rotate,1122.318920,0.891012,0.558350,1.147000,1.683200,36.602060,0.540471,0.874290,41.503333,23165.943333,22304.370000,0.000000,0.002032,0.000000,0.000000,0.000000,1.772212,0.122759,0.141544,0.563316,0.014521,1.000000,0.138609,0.042982,0.182884,0.187772,0.530381,0.114908,0.894660,1.193556,0.057845,0.357172,0.052988,0.481832
final-dawn1080,depth-only,3,candidate,seam_edits,834.218880,1.198726,1.088100,1.881200,2.423000,391.575897,1.104054,1.046533,42.000000,22896.000000,22345.500000,0.000000,0.528627,2.000000,4.000000,167664.000000,2.081144,0.118701,0.185952,0.523016,0.026509,1.000000,0.056590,0.049221,0.080652,0.096616,0.717911,0.639375,1.139580,1.597960,0.054454,0.365151,0.066560,0.500344
final-dawn1080,depth-only,3,candidate,sky_moving,1227.545131,0.814634,0.415950,0.975000,1.405800,28.860806,0.403081,0.795194,0.000000,0.000000,0.000000,0.000000,0.001506,0.000000,0.000000,0.000000,1.634048,0.311031,0.619164,1.120548,0.008906,1.000000,0.385980,0.011033,0.407368,0.408460,0.036406,0.024621,0.038792,0.039832,0.057988,0.351645,0.052156,0.502112
final-dawn1080,depth-only,3,candidate,wall_moving,1385.853805,0.721577,0.505650,1.119500,1.731400,71.465580,0.512703,0.703102,26.770000,15140.680000,14573.851667,0.000000,0.001880,0.000000,0.000000,0.000000,1.533116,0.111058,0.144508,0.151892,0.021631,1.000000,0.018699,0.029556,0.023972,0.025532,0.505864,0.092965,0.854672,1.073124,0.049556,0.349491,0.052416,0.454324
final-dawn1080,depth-only,3,candidate,cloud_layer,1221.735655,0.818508,0.410950,0.830800,1.541700,27.168979,0.380158,0.795224,0.000000,0.000000,0.000000,0.000000,0.001762,0.000000,0.000000,0.000000,1.697592,0.318053,0.616824,1.169480,0.009220,1.000000,0.379574,0.011118,0.459108,0.461292,0.034545,0.018221,0.043732,0.044720,0.059309,0.334174,0.051324,0.524420
final-day1080,depth-only,1,base,underground,912.461348,1.095937,0.997700,1.825100,2.348400,338.466746,0.957620,1.063377,42.000000,22890.000000,22344.000000,0.000000,0.002126,0.000000,0.000000,0.000000,2.286024,0.115711,0.118976,0.255788,0.079867,1.000000,0.273219,0.137458,0.278512,0.606216,0.612189,0.097161,0.935844,1.301144,0.049633,0.486605,0.052676,0.096096
final-day1080,depth-only,1,base,surface_still,811.421460,1.232405,0.520550,0.976800,1.666600,14.920674,0.440147,1.191579,42.000000,22890.000000,22344.000000,0.000000,0.002077,0.000000,0.000000,0.000000,1.626300,0.110689,0.114400,0.117624,0.020882,1.000000,0.266309,0.015237,0.276068,0.280748,0.674517,0.018200,0.694928,1.089088,0.044946,0.340023,0.049140,0.059852
final-day1080,depth-only,1,base,overview,1013.126574,0.987043,0.436400,0.814400,1.347500,19.711897,0.401392,0.943185,48.000000,25464.000000,25601.000000,0.000000,0.001801,0.000000,0.000000,0.000000,1.328652,0.000911,0.001040,0.001144,0.000185,0.000000,0.276895,0.014746,0.286676,0.292188,0.617274,0.017612,0.640380,0.996892,0.043987,0.352558,0.048152,0.052104
final-day1080,depth-only,1,base,sky,1398.483391,0.715060,0.392100,0.752700,1.282900,35.200856,0.369018,0.689989,0.000000,0.000000,0.000000,0.000000,0.001260,0.000000,0.000000,0.000000,1.031316,0.272386,0.280124,0.284180,0.003202,1.000000,0.323532,0.014759,0.338052,0.339820,0.043052,0.010325,0.044408,0.355784,0.047297,0.326707,0.045864,0.344552
final-day1080,depth-only,1,base,translate,903.343183,1.106999,0.505650,1.085000,1.531000,18.331570,0.480229,1.068660,41.228333,23682.750000,22078.183333,0.000000,0.001872,0.000000,0.000000,0.000000,1.675856,0.110355,0.115440,0.120692,0.025651,1.000000,0.265271,0.015169,0.278460,0.285948,0.571044,0.075081,0.723996,0.981708,0.043367,0.336078,0.046280,0.048412
final-day1080,depth-only,1,base,rotate,997.581530,1.002424,0.552400,1.089700,1.687400,25.828570,0.530958,0.961304,41.503333,23165.943333,22304.370000,0.000000,0.002114,0.000000,0.000000,0.000000,1.498328,0.112404,0.116740,0.118508,0.034594,1.000000,0.272743,0.016227,0.285636,0.287820,0.504904,0.107635,0.604916,1.023880,0.048829,0.347088,0.048568,0.357292
final-day1080,depth-only,1,base,seam_edits,810.143428,1.234349,0.996000,1.720500,2.247600,64.305856,1.005442,1.199589,42.000000,22896.000000,22345.500000,0.000000,0.429913,2.000000,4.000000,167664.000000,1.633372,0.109886,0.113360,0.115180,0.028936,1.000000,0.265536,0.017279,0.275444,0.276796,0.686620,0.529148,0.810212,1.120964,0.042783,0.362316,0.046904,0.050804
final-day1080,depth-only,1,base,sky_moving,1399.107882,0.714741,0.404550,0.818300,1.315000,37.492431,0.380129,0.690836,0.000000,0.000000,0.000000,0.000000,0.001615,0.000000,0.000000,0.000000,1.035060,0.274076,0.280852,0.285376,0.003350,1.000000,0.324672,0.014644,0.338780,0.340756,0.043088,0.019433,0.043212,0.347516,0.045267,0.327873,0.045396,0.347932
final-day1080,depth-only,1,base,wall_moving,1062.289279,0.941363,0.521300,0.962500,1.670500,26.958465,0.496350,0.910891,26.770000,15140.680000,14573.851667,0.000000,0.001879,0.000000,0.000000,0.000000,1.278680,0.110016,0.113880,0.115024,0.020858,1.000000,0.261858,0.015390,0.274508,0.276224,0.479159,0.083891,0.505804,0.820872,0.043823,0.339639,0.045084,0.047684
final-day1080,depth-only,1,base,cloud_layer,1528.724738,0.654140,0.385400,0.706000,1.144400,42.838630,0.357396,0.625841,0.000000,0.000000,0.000000,0.000000,0.001442,0.000000,0.000000,0.000000,0.944372,0.280483,0.301080,0.307580,0.003169,1.000000,0.257099,0.014215,0.268112,0.275132,0.040924,0.011915,0.041860,0.334672,0.043660,0.314224,0.044564,0.047580
final-day1080,depth-only,1,candidate,underground,967.493976,1.033598,0.984950,1.649800,1.971200,438.016951,0.911188,0.750504,42.000000,22890.000000,22344.000000,0.000000,0.002195,0.000000,0.000000,0.000000,1.852292,0.107273,0.157612,0.225836,0.076154,1.000000,0.025255,0.125718,0.034996,0.049452,0.560478,0.097581,0.817336,1.398020,0.047244,0.493388,0.066352,0.105872
final-day1080,depth-only,1,candidate,surface_still,1012.733606,0.987427,0.517250,0.916500,1.401100,23.360993,0.444290,0.951490,42.000000,22890.000000,22344.000000,0.000000,0.002233,0.000000,0.000000,0.000000,1.359072,0.109026,0.112892,0.115284,0.020503,1.000000,0.043746,0.035930,0.049712,0.057148,0.658098,0.025110,0.679484,0.994500,0.046096,0.343669,0.049296,0.053768
final-day1080,depth-only,1,candidate,overview,1346.863626,0.742466,0.439450,0.933400,1.412900,39.399137,0.414302,0.710248,48.000000,25464.000000,25601.000000,0.000000,0.001897,0.000000,0.000000,0.000000,1.149252,0.000937,0.001144,0.001248,0.000155,0.000000,0.041466,0.038241,0.046384,0.056628,0.618171,0.024422,0.631748,1.038856,0.045834,0.343722,0.049920,0.054496
final-day1080,depth-only,1,candidate,sky,1405.641401,0.711419,0.392200,0.818600,1.414300,36.427440,0.376289,0.681549,0.000000,0.000000,0.000000,0.000000,0.001695,0.000000,0.000000,0.000000,1.044316,0.277319,0.280904,0.539396,0.008118,1.000000,0.320001,0.009731,0.329784,0.334152,0.035314,0.016178,0.037960,0.040300,0.045229,0.334946,0.046592,0.056316
final-day1080,depth-only,1,candidate,translate,1149.815388,0.869705,0.499200,0.976200,1.539900,32.429032,0.486515,0.837853,41.228333,23682.750000,22078.183333,0.000000,0.001928,0.000000,0.000000,0.000000,1.398904,0.109747,0.114920,0.117260,0.014611,1.000000,0.044561,0.035505,0.057928,0.060008,0.561310,0.081082,0.714688,0.957372,0.044159,0.342578,0.047372,0.052572
final-day1080,depth-only,1,candidate,rotate,1262.979482,0.791778,0.538250,1.140000,1.554300,54.215969,0.534761,0.768851,41.503333,23165.943333,22304.370000,0.000000,0.001976,0.000000,0.000000,0.000000,1.240460,0.115408,0.116896,0.118508,0.014184,1.000000,0.086403,0.041607,0.108576,0.119652,0.501252,0.110976,0.590356,0.954564,0.043867,0.356991,0.049452,0.052884
final-day1080,depth-only,1,candidate,seam_edits,863.300906,1.158345,1.071300,1.701900,2.164100,395.447086,1.068339,0.933678,42.000000,22896.000000,22345.500000,0.000000,0.503645,2.000000,4.000000,167664.000000,0.964860,0.108955,0.109200,0.110916,0.026450,1.000000,0.042975,0.046798,0.045812,0.050388,0.644286,0.608316,0.658268,0.669656,0.043970,0.363021,0.046852,0.052364
final-day1080,depth-only,1,candidate,sky_moving,1404.417455,0.712039,0.421500,0.749900,1.391500,38.390246,0.382123,0.687858,0.000000,0.000000,0.000000,0.000000,0.001863,0.000000,0.000000,0.000000,1.045252,0.279721,0.281424,0.562432,0.008463,1.000000,0.321715,0.010139,0.329732,0.331812,0.036533,0.024623,0.038168,0.040248,0.046162,0.331216,0.046332,0.282776
final-day1080,depth-only,1,candidate,wall_moving,1472.545494,0.679096,0.509500,1.008900,1.706100,88.648291,0.504257,0.658751,26.770000,15140.680000,14573.851667,0.000000,0.001790,0.000000,0.000000,0.000000,1.072344,0.108955,0.113360,0.116584,0.020258,1.000000,0.017460,0.027146,0.018408,0.027248,0.472786,0.089928,0.496912,0.853320,0.043000,0.348900,0.046176,0.050388
final-day1080,depth-only,1,candidate,cloud_layer,1529.265165,0.653909,0.407850,0.941700,1.368600,54.670551,0.408477,0.630436,0.000000,0.000000,0.000000,0.000000,0.001617,0.000000,0.000000,0.000000,0.966368,0.290754,0.310648,0.595764,0.008940,1.000000,0.256228,0.010427,0.263952,0.266240,0.034920,0.018851,0.038116,0.038740,0.044764,0.362698,0.046696,0.057460
final-day1080,depth-only,2,candidate,underground,921.723974,1.084924,1.017100,1.780200,2.424700,348.693272,0.953549,0.755449,42.000000,22890.000000,22344.000000,0.000000,0.002395,0.000000,0.000000,0.000000,1.729624,0.108592,0.125840,0.248716,0.079036,1.000000,0.025920,0.139016,0.037128,0.051844,0.563087,0.103229,0.696488,1.306448,0.047578,0.504567,0.059020,0.102700
final-day1080,depth-only,2,candidate,surface_still,1014.288793,0.985913,0.506250,0.968800,1.391700,23.123348,0.441323,0.952620,42.000000,22890.000000,22344.000000,0.000000,0.002275,0.000000,0.000000,0.000000,1.335308,0.109231,0.112840,0.114504,0.021664,1.000000,0.043203,0.035887,0.050232,0.055536,0.659952,0.025484,0.681824,1.037972,0.045297,0.338772,0.048620,0.052676
final-day1080,depth-only,2,candidate,overview,1352.109020,0.739585,0.433750,0.942000,1.516600,39.364732,0.411004,0.707508,48.000000,25464.000000,25601.000000,0.000000,0.002115,0.000000,0.000000,0.000000,1.115868,0.000930,0.001144,0.001248,0.000165,0.000000,0.041097,0.039840,0.045500,0.054236,0.616150,0.025188,0.632372,1.006668,0.045438,0.337723,0.049036,0.054912
final-day1080,depth-only,2,candidate,sky,1410.681303,0.708877,0.394900,0.810100,1.558500,37.891658,0.377095,0.683289,0.000000,0.000000,0.000000,0.000000,0.001580,0.000000,0.000000,0.000000,1.035008,0.278667,0.280384,0.602056,0.008874,1.000000,0.319992,0.009540,0.329420,0.330512,0.035367,0.016601,0.038220,0.038896,0.045631,0.334861,0.046124,0.355160
final-day1080,depth-only,2,candidate,translate,1152.888591,0.867386,0.492500,0.982300,1.442700,30.966335,0.472455,0.836990,41.228333,23682.750000,22078.183333,0.000000,0.001712,0.000000,0.000000,0.000000,1.403376,0.110015,0.115180,0.119288,0.014606,1.000000,0.044670,0.034864,0.058188,0.060320,0.559223,0.079360,0.711412,0.917072,0.045122,0.332950,0.046592,0.056316
final-day1080,depth-only,2,candidate,rotate,1267.627416,0.788875,0.541800,1.096200,1.602100,53.500540,0.528568,0.764678,41.503333,23165.943333,22304.370000,0.000000,0.002242,0.000000,0.000000,0.000000,1.228656,0.115812,0.117260,0.121420,0.014286,1.000000,0.086225,0.040915,0.109824,0.113724,0.496565,0.112195,0.582764,0.941148,0.044250,0.349419,0.048984,0.055120
final-day1080,depth-only,2,candidate,seam_edits,882.444300,1.133216,1.059400,1.625400,2.090000,401.426402,1.045340,0.935392,42.000000,22896.000000,22345.500000,0.000000,0.502073,2.000000,4.000000,167664.000000,1.047488,0.107882,0.108888,0.114920,0.025082,1.000000,0.042989,0.043276,0.045448,0.048100,0.647210,0.605652,0.660556,0.703248,0.043843,0.349033,0.046228,0.049244
final-day1080,depth-only,2,candidate,sky_moving,1408.027635,0.710213,0.378350,0.812600,1.143900,34.894656,0.360495,0.684551,0.000000,0.000000,0.000000,0.000000,0.001538,0.000000,0.000000,0.000000,0.991588,0.277610,0.281112,0.297076,0.008386,1.000000,0.320954,0.009397,0.329628,0.330408,0.036600,0.023087,0.038272,0.039468,0.045748,0.312315,0.046332,0.331136
final-day1080,depth-only,2,candidate,wall_moving,1459.130485,0.685340,0.482700,1.105200,1.605100,76.187284,0.494714,0.667938,26.770000,15140.680000,14573.851667,0.000000,0.001779,0.000000,0.000000,0.000000,1.082848,0.111051,0.113984,0.121524,0.020863,1.000000,0.017731,0.027691,0.018980,0.024492,0.476254,0.087142,0.497016,0.848276,0.044944,0.340554,0.045448,0.050752
final-day1080,depth-only,2,candidate,cloud_layer,1526.318695,0.655171,0.390850,0.788000,1.212400,42.797807,0.359851,0.634064,0.000000,0.000000,0.000000,0.000000,0.001641,0.000000,0.000000,0.000000,1.004640,0.289485,0.310024,0.321308,0.008309,1.000000,0.257335,0.009291,0.265512,0.273312,0.034780,0.017271,0.038376,0.039884,0.048833,0.318183,0.046332,0.377572
final-day1080,depth-only,2,base,underground,902.990116,1.107432,1.018300,1.788700,2.220700,194.579028,0.946993,1.075127,42.000000,22890.000000,22344.000000,0.000000,0.002150,0.000000,0.000000,0.000000,1.804140,0.113865,0.136084,0.181480,0.078706,1.000000,0.275911,0.128791,0.332540,0.440232,0.622031,0.093277,0.915356,1.119404,0.051117,0.492802,0.056576,0.086060
final-day1080,depth-only,2,base,surface_still,802.480306,1.246137,0.517800,0.961400,1.643300,14.586371,0.431186,1.206572,42.000000,22890.000000,22344.000000,0.000000,0.002093,0.000000,0.000000,0.000000,1.601912,0.111004,0.114348,0.116740,0.020586,1.000000,0.269551,0.014474,0.276952,0.286104,0.685134,0.018206,0.703352,1.070004,0.045103,0.332079,0.050336,0.052832
final-day1080,depth-only,2,base,overview,1005.476158,0.994554,0.437650,0.828400,1.533200,19.481557,0.398090,0.960710,48.000000,25464.000000,25601.000000,0.000000,0.001844,0.000000,0.000000,0.000000,1.380496,0.000928,0.001092,0.001248,0.000164,0.000000,0.280259,0.014692,0.290004,0.298428,0.629603,0.017638,0.651768,1.034280,0.045927,0.349758,0.049764,0.054236
final-day1080,depth-only,2,base,sky,1401.127674,0.713711,0.387400,0.761500,1.103600,34.735067,0.361582,0.688391,0.000000,0.000000,0.000000,0.000000,0.001305,0.000000,0.000000,0.000000,1.031108,0.273100,0.280020,0.283868,0.003233,1.000000,0.324877,0.013616,0.339456,0.342316,0.042274,0.010275,0.046696,0.321724,0.044497,0.320760,0.045760,0.050232
final-day1080,depth-only,2,base,translate,894.634964,1.117774,0.514050,1.072000,1.577100,18.281179,0.484599,1.082232,41.228333,23682.750000,22078.183333,0.000000,0.001816,0.000000,0.000000,0.000000,1.691768,0.110716,0.115076,0.116324,0.026136,1.000000,0.267314,0.014605,0.278720,0.286676,0.581669,0.074352,0.749632,1.033136,0.043256,0.342291,0.047060,0.049764
final-day1080,depth-only,2,base,rotate,1002.318530,0.997687,0.544250,1.074400,1.705500,24.505189,0.505498,0.966182,41.503333,23165.943333,22304.370000,0.000000,0.001876,0.000000,0.000000,0.000000,1.444040,0.113002,0.116636,0.118300,0.031494,1.000000,0.275151,0.014382,0.286572,0.288184,0.508621,0.101753,0.615420,0.932724,0.047169,0.333999,0.049192,0.055172
final-day1080,depth-only,2,base,seam_edits,800.675236,1.248946,1.007950,1.721400,2.450600,64.345648,1.019141,1.215686,42.000000,22896.000000,22345.500000,0.000000,0.428909,2.000000,4.000000,167664.000000,1.707888,0.112481,0.115492,0.117312,0.028944,1.000000,0.268062,0.016263,0.279084,0.286468,0.694530,0.524175,0.742560,1.117272,0.045069,0.379678,0.047996,0.052520
final-day1080,depth-only,2,base,sky_moving,1370.013465,0.729920,0.401250,0.745200,1.175400,33.721657,0.367059,0.703282,0.000000,0.000000,0.000000,0.000000,0.001338,0.000000,0.000000,0.000000,1.033344,0.279074,0.290316,0.291564,0.002989,1.000000,0.330781,0.013079,0.343408,0.347464,0.045839,0.017541,0.046228,0.342576,0.043927,0.319725,0.046332,0.048568
final-day1080,depth-only,2,base,wall_moving,1040.982799,0.960631,0.516250,0.939500,1.524500,24.716441,0.483407,0.932760,26.770000,15140.680000,14573.851667,0.000000,0.001792,0.000000,0.000000,0.000000,1.356368,0.111768,0.117104,0.118144,0.020175,1.000000,0.266531,0.013757,0.278876,0.286728,0.494628,0.081531,0.526188,0.899340,0.043643,0.330752,0.046904,0.049400
final-day1080,depth-only,2,base,cloud_layer,1524.147062,0.656105,0.398850,0.707800,1.220600,43.843753,0.372710,0.632683,0.000000,0.000000,0.000000,0.000000,0.001433,0.000000,0.000000,0.000000,0.974532,0.283393,0.306384,0.314236,0.003143,1.000000,0.259455,0.013932,0.269568,0.276484,0.039798,0.011801,0.044512,0.057928,0.046381,0.329783,0.045396,0.362960
final-day1080,depth-only,3,base,underground,870.342471,1.148973,1.072950,1.907500,2.465800,368.104934,1.004209,1.083649,42.000000,22890.000000,22344.000000,0.000000,0.002686,0.000000,0.000000,0.000000,2.116504,0.116342,0.122824,0.232700,0.080423,1.000000,0.279994,0.136822,0.288288,0.563212,0.623299,0.100179,0.948844,1.207908,0.051230,0.522922,0.054912,0.093652
final-day1080,depth-only,3,base,surface_still,800.711779,1.248889,0.525400,1.065200,1.523800,15.094108,0.459600,1.217577,42.000000,22890.000000,22344.000000,0.000000,0.002317,0.000000,0.000000,0.000000,1.752036,0.112359,0.116220,0.119548,0.021658,1.000000,0.270109,0.017014,0.280176,0.287300,0.690588,0.019781,0.713752,1.219088,0.048080,0.350702,0.049296,0.059696
final-day1080,depth-only,3,base,overview,1004.807501,0.995215,0.446550,0.877800,1.334600,19.892527,0.408268,0.961139,48.000000,25464.000000,25601.000000,0.000000,0.001914,0.000000,0.000000,0.000000,1.364324,0.000925,0.001092,0.001196,0.000172,0.000000,0.280619,0.015237,0.292292,0.298012,0.630671,0.017911,0.662012,1.021852,0.045036,0.358461,0.048880,0.051428
final-day1080,depth-only,3,base,sky,1396.349013,0.716153,0.391900,0.859000,1.517600,35.923820,0.372705,0.694006,0.000000,0.000000,0.000000,0.000000,0.001533,0.000000,0.000000,0.000000,1.035892,0.274705,0.280228,0.283764,0.003234,1.000000,0.326654,0.014795,0.338624,0.340392,0.044093,0.010579,0.042536,0.362856,0.044921,0.329794,0.045084,0.049140
final-day1080,depth-only,3,base,translate,885.683633,1.129071,0.509100,1.120700,1.598900,17.829237,0.481492,1.100140,41.228333,23682.750000,22078.183333,0.000000,0.001870,0.000000,0.000000,0.000000,1.872780,0.112641,0.116480,0.122096,0.026476,1.000000,0.271208,0.013937,0.285948,0.290004,0.590726,0.076356,0.745836,1.104064,0.046038,0.337013,0.048100,0.051740
final-day1080,depth-only,3,base,rotate,1004.565751,0.995455,0.548450,1.137500,1.797000,26.499812,0.538524,0.966370,41.503333,23165.943333,22304.370000,0.000000,0.002066,0.000000,0.000000,0.000000,1.461044,0.113402,0.117364,0.118768,0.034872,1.000000,0.274236,0.016245,0.285740,0.287664,0.511832,0.106077,0.615264,1.005524,0.044791,0.353987,0.047788,0.052312
final-day1080,depth-only,3,base,seam_edits,806.306283,1.240224,1.029150,1.794800,2.207400,76.199765,1.025225,1.210547,42.000000,22896.000000,22345.500000,0.000000,0.437795,2.000000,4.000000,167664.000000,1.664936,0.111961,0.115596,0.120172,0.029707,1.000000,0.267917,0.016063,0.278824,0.286780,0.691651,0.538365,0.764036,1.102608,0.043826,0.369183,0.047424,0.051272
final-day1080,depth-only,3,base,sky_moving,1381.149019,0.724035,0.429300,0.927100,1.323000,40.191338,0.398328,0.700756,0.000000,0.000000,0.000000,0.000000,0.001918,0.000000,0.000000,0.000000,1.046188,0.277753,0.290056,0.292136,0.003299,1.000000,0.328941,0.015525,0.343668,0.349076,0.044903,0.020310,0.047788,0.373932,0.045489,0.341811,0.047112,0.055016
final-day1080,depth-only,3,base,wall_moving,1047.161721,0.954962,0.539400,1.051400,1.548500,28.220301,0.519037,0.927614,26.770000,15140.680000,14573.851667,0.000000,0.002127,0.000000,0.000000,0.000000,1.340872,0.112222,0.114556,0.117780,0.022215,1.000000,0.265175,0.014406,0.276744,0.278824,0.489950,0.085411,0.516308,0.878176,0.043553,0.354878,0.046176,0.052572
final-day1080,depth-only,3,base,cloud_layer,1509.955514,0.662271,0.403900,0.845100,1.440100,44.836917,0.374462,0.642722,0.000000,0.000000,0.000000,0.000000,0.001602,0.000000,0.000000,0.000000,1.053000,0.287177,0.311324,0.321256,0.003062,1.000000,0.262694,0.015297,0.277576,0.280852,0.043239,0.012270,0.046800,0.360048,0.045956,0.329046,0.045968,0.358956
final-day1080,depth-only,3,candidate,underground,936.682013,1.067598,1.005750,1.681500,2.067700,427.070581,0.942731,0.746299,42.000000,22890.000000,22344.000000,0.000000,0.002288,0.000000,0.000000,0.000000,2.057744,0.106439,0.106496,0.296816,0.079300,1.000000,0.024850,0.134141,0.033852,0.058760,0.558112,0.098981,0.604552,1.557660,0.045924,0.508665,0.052052,0.112892
final-day1080,depth-only,3,candidate,surface_still,1011.858987,0.988280,0.500700,0.921700,1.520200,22.716181,0.436717,0.950808,42.000000,22890.000000,22344.000000,0.000000,0.002195,0.000000,0.000000,0.000000,1.337856,0.109617,0.113360,0.115180,0.019814,1.000000,0.043168,0.036576,0.048308,0.054548,0.657136,0.024614,0.678132,0.927472,0.044926,0.336759,0.047840,0.051012
final-day1080,depth-only,3,candidate,overview,1364.347995,0.732951,0.441550,0.912000,1.443100,41.446053,0.418613,0.710414,48.000000,25464.000000,25601.000000,0.000000,0.001700,0.000000,0.000000,0.000000,1.138488,0.000931,0.001144,0.001196,0.000149,0.000000,0.041763,0.041012,0.045708,0.055640,0.617953,0.025152,0.630708,1.027312,0.045936,0.343399,0.049192,0.053352
final-day1080,depth-only,3,candidate,sky,1418.102791,0.705167,0.390600,0.731000,1.297000,35.571386,0.368174,0.681600,0.000000,0.000000,0.000000,0.000000,0.001183,0.000000,0.000000,0.000000,1.037920,0.279363,0.280800,0.607568,0.008390,1.000000,0.318725,0.012263,0.329472,0.330408,0.035685,0.016550,0.038012,0.039520,0.044144,0.324558,0.045500,0.053248
final-day1080,depth-only,3,candidate,translate,1154.440691,0.866220,0.490550,0.895800,1.542200,30.290945,0.464780,0.837541,41.228333,23682.750000,22078.183333,0.000000,0.001795,0.000000,0.000000,0.000000,1.393756,0.110690,0.115284,0.119444,0.013805,1.000000,0.044785,0.035334,0.058552,0.059956,0.561838,0.078835,0.713752,0.966472,0.042941,0.326016,0.046280,0.048620
final-day1080,depth-only,3,candidate,rotate,1264.407662,0.790884,0.537700,0.986300,1.417500,47.833577,0.510439,0.763953,41.503333,23165.943333,22304.370000,0.000000,0.001916,0.000000,0.000000,0.000000,1.216020,0.113280,0.117780,0.121316,0.014148,1.000000,0.086341,0.042721,0.110344,0.115544,0.498078,0.110144,0.585624,0.918060,0.044469,0.333055,0.048464,0.050648
final-day1080,depth-only,3,candidate,seam_edits,874.857216,1.143044,1.084050,1.638400,2.015700,427.773936,1.053925,0.968493,42.000000,22896.000000,22345.500000,0.000000,0.510469,2.000000,4.000000,167664.000000,1.030328,0.113053,0.113152,0.115960,0.024634,1.000000,0.043905,0.047140,0.046488,0.052052,0.669321,0.614787,0.684788,0.699504,0.045359,0.345158,0.048048,0.053560
final-day1080,depth-only,3,candidate,sky_moving,1413.650349,0.707388,0.400850,0.835700,1.338800,38.833041,0.389354,0.684142,0.000000,0.000000,0.000000,0.000000,0.001469,0.000000,0.000000,0.000000,1.037868,0.279104,0.281424,0.537368,0.008830,1.000000,0.320290,0.012865,0.329524,0.330408,0.035771,0.023704,0.038012,0.039208,0.045315,0.336679,0.045448,0.336336
final-day1080,depth-only,3,candidate,wall_moving,1458.761895,0.685513,0.492450,0.914100,1.526700,65.395309,0.476916,0.657625,26.770000,15140.680000,14573.851667,0.000000,0.001561,0.000000,0.000000,0.000000,1.046708,0.109081,0.113568,0.116792,0.019798,1.000000,0.017556,0.029100,0.018668,0.025064,0.471984,0.083107,0.497120,0.837668,0.042913,0.327121,0.045396,0.050076
final-day1080,depth-only,3,candidate,cloud_layer,1527.256177,0.654769,0.403350,0.747500,1.168500,45.422303,0.369856,0.631521,0.000000,0.000000,0.000000,0.000000,0.001456,0.000000,0.000000,0.000000,1.016236,0.291713,0.310232,0.594048,0.009088,1.000000,0.256589,0.012163,0.265460,0.273936,0.034692,0.017600,0.038064,0.039312,0.044708,0.323915,0.045136,0.065104
final-day720,depth-only,1,base,underground,1067.035244,0.937176,0.871800,1.539200,1.871700,460.016867,0.828784,0.540043,42.000000,22890.000000,22344.000000,0.000000,0.001598,0.000000,0.000000,0.000000,1.564628,0.054939,0.060060,0.160576,0.067523,1.000000,0.129201,0.110352,0.173888,0.377936,0.299690,0.080053,0.585572,0.879216,0.047154,0.444413,0.090064,0.126724
final-day720,depth-only,1,base,surface_still,1758.755083,0.568584,0.419550,0.741000,1.190600,83.876199,0.385190,0.549612,42.000000,22890.000000,22344.000000,0.000000,0.001398,0.000000,0.000000,0.000000,0.860652,0.048921,0.049920,0.054704,0.017336,1.000000,0.113662,0.014626,0.118976,0.130000,0.305997,0.014000,0.320112,0.597584,0.039158,0.301723,0.043784,0.047216
final-day720,depth-only,1,base,overview,2110.978354,0.473714,0.383350,0.831600,1.232800,234.116192,0.389626,0.448085,48.000000,25464.000000,25601.000000,0.000000,0.001140,0.000000,0.000000,0.000000,0.754260,0.000841,0.000988,0.001092,0.000134,0.000000,0.116197,0.014914,0.123604,0.132964,0.288174,0.014208,0.299416,0.587964,0.039161,0.346434,0.043264,0.048360
final-day720,depth-only,1,base,sky,2624.834964,0.380976,0.350350,0.555700,0.911800,776.317151,0.323487,0.331924,0.000000,0.000000,0.000000,0.000000,0.001029,0.000000,0.000000,0.000000,0.381160,0.117109,0.122356,0.131716,0.002821,1.000000,0.141993,0.014388,0.149812,0.157560,0.030032,0.008792,0.031252,0.035100,0.039190,0.286276,0.042796,0.046124
final-day720,depth-only,1,base,translate,1905.305068,0.524850,0.453600,0.862400,1.239100,409.808073,0.447768,0.503531,41.228333,23682.750000,22078.183333,0.000000,0.001327,0.000000,0.000000,0.000000,0.888992,0.048186,0.051064,0.054964,0.024162,1.000000,0.113151,0.015160,0.119392,0.128284,0.266353,0.070456,0.344604,0.546468,0.039332,0.314550,0.041600,0.046176
final-day720,depth-only,1,base,rotate,1850.146747,0.540498,0.474800,0.899400,1.258700,618.850176,0.477740,0.451828,41.503333,23165.943333,22304.370000,0.000000,0.001213,0.000000,0.000000,0.000000,0.636116,0.048931,0.052728,0.055484,0.028695,1.000000,0.116489,0.015231,0.124176,0.131092,0.234770,0.091306,0.303368,0.346788,0.040061,0.322127,0.044616,0.049296
final-day720,depth-only,1,base,seam_edits,1041.787123,0.959889,0.871050,1.435400,1.909700,473.208511,0.883117,0.567600,42.000000,22896.000000,22345.500000,0.000000,0.392162,2.000000,4.000000,167664.000000,0.674284,0.049619,0.053976,0.061724,0.022679,1.000000,0.119166,0.016005,0.129896,0.139984,0.315203,0.477927,0.342784,0.375024,0.041684,0.318581,0.045812,0.050648
final-day720,depth-only,1,base,sky_moving,2384.835309,0.419316,0.366600,0.689200,1.126800,679.201712,0.358019,0.330519,0.000000,0.000000,0.000000,0.000000,0.000973,0.000000,0.000000,0.000000,0.371956,0.116500,0.124904,0.132444,0.002992,1.000000,0.141202,0.015492,0.146588,0.163228,0.028844,0.016272,0.031044,0.033904,0.040340,0.310290,0.042276,0.046280
final-day720,depth-only,1,base,wall_moving,1963.787111,0.509220,0.461800,0.821600,1.231000,755.106407,0.445941,0.436108,26.816667,15183.423333,14600.740000,0.000000,0.001134,0.000000,0.000000,0.000000,0.496964,0.049088,0.052312,0.055536,0.018325,1.000000,0.115298,0.016791,0.119964,0.129220,0.223125,0.071294,0.242840,0.258856,0.038668,0.308231,0.041756,0.044824
final-day720,depth-only,1,base,cloud_layer,2367.631634,0.422363,0.364450,0.748800,1.027300,727.334440,0.360721,0.315132,0.000000,0.000000,0.000000,0.000000,0.000963,0.000000,0.000000,0.000000,0.351988,0.123001,0.131508,0.137280,0.002872,1.000000,0.118176,0.016315,0.123188,0.134316,0.029693,0.010878,0.031824,0.035308,0.040504,0.318108,0.043108,0.046436
final-day720,depth-only,1,candidate,underground,1015.524320,0.984713,0.894750,1.686600,2.188400,371.310106,0.870642,0.425308,42.000000,22890.000000,22344.000000,0.000000,0.002047,0.000000,0.000000,0.000000,1.109004,0.056148,0.112268,0.146068,0.070258,1.000000,0.015205,0.132512,0.024232,0.035984,0.296902,0.087254,0.604448,0.794664,0.048067,0.472898,0.091208,0.118768
final-day720,depth-only,1,candidate,surface_still,1633.373523,0.612230,0.502350,1.131700,1.533300,512.527014,0.522843,0.497931,42.000000,22890.000000,22344.000000,0.000000,0.002260,0.000000,0.000000,0.000000,0.809900,0.053485,0.054704,0.057044,0.023871,1.000000,0.018554,0.040827,0.019812,0.022360,0.336448,0.028697,0.344864,0.633204,0.043321,0.406833,0.046540,0.050388
final-day720,depth-only,1,candidate,overview,1848.232966,0.541057,0.439550,0.958000,1.385100,474.083439,0.458528,0.345661,48.000000,25464.000000,25601.000000,0.000000,0.002132,0.000000,0.000000,0.000000,0.399152,0.000923,0.001092,0.001196,0.000172,0.000000,0.017986,0.041211,0.020436,0.021632,0.279825,0.026336,0.326924,0.328016,0.043025,0.381426,0.047580,0.050440
final-day720,depth-only,1,candidate,sky,2040.454042,0.490087,0.411300,0.881300,1.231300,670.166425,0.414714,0.324266,0.000000,0.000000,0.000000,0.000000,0.001509,0.000000,0.000000,0.000000,0.392756,0.118687,0.142532,0.143780,0.009678,1.000000,0.139109,0.013003,0.165880,0.166556,0.020393,0.018167,0.033228,0.033644,0.042300,0.365704,0.045708,0.049296
final-day720,depth-only,1,candidate,translate,1559.809329,0.641104,0.539050,1.181700,1.793000,413.237370,0.557066,0.413167,41.228333,23682.750000,22078.183333,0.000000,0.001998,0.000000,0.000000,0.000000,0.680524,0.049552,0.055692,0.059852,0.016543,1.000000,0.019850,0.039141,0.026832,0.029328,0.266498,0.089910,0.346008,0.355472,0.040850,0.396899,0.045552,0.050232
final-day720,depth-only,1,candidate,rotate,1770.976703,0.564660,0.499600,0.921900,1.468800,610.363980,0.494664,0.357370,41.503333,23165.943333,22304.370000,0.000000,0.001515,0.000000,0.000000,0.000000,0.449176,0.048636,0.049192,0.053664,0.013395,1.000000,0.035581,0.038298,0.043836,0.046904,0.220947,0.102726,0.282620,0.296764,0.040682,0.329261,0.042692,0.046176
final-day720,depth-only,1,candidate,seam_edits,902.088787,1.108538,1.008850,1.652900,2.001800,419.888729,1.025012,0.499442,42.000000,22896.000000,22345.500000,0.000000,0.496772,2.000000,4.000000,167664.000000,0.539916,0.054721,0.058032,0.058448,0.023375,1.000000,0.019329,0.042059,0.020644,0.020904,0.333479,0.597046,0.355316,0.359424,0.045130,0.341968,0.047944,0.051584
final-day720,depth-only,1,candidate,sky_moving,2012.852736,0.496807,0.393450,0.781700,1.192800,248.635612,0.426182,0.386646,0.000000,0.000000,0.000000,0.000000,0.001359,0.000000,0.000000,0.000000,0.398580,0.142761,0.144768,0.145132,0.009002,1.000000,0.163802,0.012362,0.169260,0.170040,0.029625,0.024245,0.034060,0.034996,0.046313,0.364937,0.049296,0.051220
final-day720,depth-only,1,candidate,wall_moving,1963.258276,0.509357,0.464900,0.783100,1.286700,594.842714,0.444131,0.366566,26.816667,15183.423333,14600.740000,0.000000,0.001372,0.000000,0.000000,0.000000,0.410748,0.056368,0.063492,0.063804,0.017420,1.000000,0.009099,0.025046,0.010244,0.010660,0.244543,0.077538,0.272740,0.278772,0.044903,0.308850,0.050180,0.052312
final-day720,depth-only,1,candidate,cloud_layer,2513.097426,0.397915,0.366000,0.659800,0.942100,903.369568,0.336942,0.297481,0.000000,0.000000,0.000000,0.000000,0.001102,0.000000,0.000000,0.000000,0.326300,0.122661,0.130936,0.134368,0.007746,1.000000,0.111148,0.011506,0.114036,0.119912,0.019242,0.015430,0.028756,0.030056,0.040705,0.295561,0.042380,0.045448
final-day720,depth-only,2,candidate,underground,1055.245069,0.947647,0.897900,1.537500,1.902300,474.777448,0.837050,0.527154,42.000000,22890.000000,22344.000000,0.000000,0.001734,0.000000,0.000000,0.000000,0.731328,0.071538,0.082888,0.095836,0.067968,1.000000,0.015829,0.122962,0.020332,0.022620,0.370189,0.085381,0.442208,0.523536,0.058949,0.457574,0.069316,0.079144
final-day720,depth-only,2,candidate,surface_still,1661.944436,0.601705,0.439100,0.856400,1.209500,81.867563,0.409979,0.578572,42.000000,22890.000000,22344.000000,0.000000,0.001450,0.000000,0.000000,0.000000,1.011660,0.061471,0.072540,0.074776,0.018648,1.000000,0.021173,0.033411,0.027040,0.028236,0.393192,0.020288,0.459836,0.794508,0.049911,0.321014,0.059696,0.062192
final-day720,depth-only,2,candidate,overview,2366.852701,0.422502,0.384400,0.625300,1.160000,764.340947,0.358817,0.330117,48.000000,25464.000000,25601.000000,0.000000,0.001206,0.000000,0.000000,0.000000,0.354692,0.000862,0.001040,0.001196,0.000115,0.000000,0.017054,0.033716,0.018044,0.019084,0.268373,0.018167,0.291876,0.292292,0.040139,0.300602,0.042484,0.043628
final-day720,depth-only,2,candidate,sky,2505.432613,0.399133,0.361500,0.634500,0.968700,859.611169,0.339560,0.316211,0.000000,0.000000,0.000000,0.000000,0.001066,0.000000,0.000000,0.000000,0.349544,0.116016,0.120016,0.126880,0.007403,1.000000,0.135530,0.011152,0.140400,0.148200,0.020761,0.013564,0.027924,0.029848,0.040228,0.301310,0.041496,0.044512
final-day720,depth-only,2,candidate,translate,2000.922425,0.499769,0.453050,0.755700,1.179200,562.008243,0.436253,0.404962,41.228333,23682.750000,22078.183333,0.000000,0.001347,0.000000,0.000000,0.000000,0.698672,0.048617,0.049556,0.054860,0.012158,1.000000,0.019037,0.031300,0.024284,0.024544,0.261803,0.074676,0.347308,0.366912,0.039314,0.307953,0.041600,0.045188
final-day720,depth-only,2,candidate,rotate,1872.184118,0.534136,0.499350,0.795000,1.335700,676.109665,0.467521,0.358975,41.503333,23165.943333,22304.370000,0.000000,0.001360,0.000000,0.000000,0.000000,0.442468,0.048938,0.052052,0.053560,0.011542,1.000000,0.035633,0.035296,0.044148,0.047216,0.222399,0.098166,0.282360,0.294112,0.040497,0.313083,0.042796,0.046956
final-day720,depth-only,2,candidate,seam_edits,971.740491,1.029081,0.973150,1.450300,1.899000,451.222814,0.956849,0.456053,42.000000,22896.000000,22345.500000,0.000000,0.467305,2.000000,4.000000,167664.000000,0.545688,0.049377,0.052468,0.056212,0.021540,1.000000,0.017515,0.039260,0.018668,0.021008,0.306007,0.560695,0.324428,0.373672,0.040761,0.317823,0.044668,0.048360
final-day720,depth-only,2,candidate,sky_moving,2314.115759,0.432131,0.383300,0.681200,1.194200,606.152447,0.363517,0.338938,0.000000,0.000000,0.000000,0.000000,0.001460,0.000000,0.000000,0.000000,0.364364,0.125193,0.125840,0.134264,0.007799,1.000000,0.144706,0.011138,0.146536,0.156052,0.023629,0.022252,0.029692,0.031200,0.041636,0.315180,0.044304,0.046696
final-day720,depth-only,2,candidate,wall_moving,2014.571395,0.496383,0.449200,0.776500,1.123800,671.772135,0.434778,0.352695,26.816667,15183.423333,14600.740000,0.000000,0.001191,0.000000,0.000000,0.000000,0.376584,0.054463,0.058968,0.059124,0.017034,1.000000,0.008755,0.024015,0.009724,0.009880,0.235033,0.076429,0.252512,0.254280,0.043161,0.303064,0.046956,0.047736
final-day720,depth-only,2,candidate,cloud_layer,2380.960884,0.419999,0.377550,0.646900,1.148800,745.638018,0.357353,0.302760,0.000000,0.000000,0.000000,0.000000,0.001160,0.000000,0.000000,0.000000,0.331812,0.125504,0.134472,0.140244,0.007566,1.000000,0.112611,0.011162,0.119860,0.122200,0.019951,0.015952,0.030056,0.030888,0.040863,0.316235,0.044044,0.045916
final-day720,depth-only,2,base,underground,1027.298225,0.973427,0.914900,1.593700,1.966600,480.603638,0.863230,0.531150,42.000000,22890.000000,22344.000000,0.000000,0.002008,0.000000,0.000000,0.000000,0.957788,0.053900,0.083512,0.099476,0.070402,1.000000,0.126534,0.113757,0.191516,0.229476,0.295392,0.082352,0.449124,0.535652,0.046189,0.464844,0.069472,0.085176
final-day720,depth-only,2,base,surface_still,1726.404581,0.579238,0.436550,0.863700,1.346400,101.568385,0.421621,0.556453,42.000000,22890.000000,22344.000000,0.000000,0.001321,0.000000,0.000000,0.000000,0.877344,0.049068,0.052832,0.054080,0.019138,1.000000,0.114837,0.013901,0.123240,0.130728,0.311334,0.014522,0.330460,0.625352,0.039451,0.333105,0.043264,0.045916
final-day720,depth-only,2,base,overview,2123.168546,0.470994,0.382600,0.709900,0.982400,175.332474,0.364025,0.452459,48.000000,25464.000000,25601.000000,0.000000,0.001214,0.000000,0.000000,0.000000,0.753428,0.000868,0.000988,0.001144,0.000126,0.000000,0.117593,0.012552,0.122096,0.127348,0.290915,0.013584,0.293696,0.584324,0.039412,0.325040,0.042536,0.044668
final-day720,depth-only,2,base,sky,2611.976522,0.382852,0.357350,0.526500,0.847900,773.714345,0.323122,0.332001,0.000000,0.000000,0.000000,0.000000,0.000910,0.000000,0.000000,0.000000,0.366444,0.116874,0.119496,0.122200,0.002936,1.000000,0.142451,0.013307,0.148096,0.148928,0.029877,0.008481,0.031564,0.032656,0.039168,0.286734,0.042172,0.044304
final-day720,depth-only,2,base,translate,1893.166112,0.528216,0.457500,0.903500,1.321700,467.209668,0.456089,0.509354,41.228333,23682.750000,22078.183333,0.000000,0.001224,0.000000,0.000000,0.000000,0.847860,0.049787,0.050440,0.053300,0.024031,1.000000,0.114679,0.013274,0.120744,0.123552,0.269291,0.071009,0.356460,0.548548,0.038993,0.323178,0.041392,0.044252
final-day720,depth-only,2,base,rotate,1848.031446,0.541116,0.482050,0.942300,1.350000,609.050490,0.473310,0.446889,41.503333,23165.943333,22304.370000,0.000000,0.001307,0.000000,0.000000,0.000000,0.565604,0.048419,0.049608,0.056784,0.027718,1.000000,0.115749,0.013273,0.119392,0.133588,0.231782,0.093208,0.288964,0.313300,0.039715,0.317538,0.042744,0.046800
final-day720,depth-only,2,base,seam_edits,1048.686677,0.953574,0.893100,1.388900,1.813900,494.144389,0.876599,0.565750,42.000000,22896.000000,22345.500000,0.000000,0.386957,2.000000,4.000000,167664.000000,0.637468,0.049254,0.051896,0.056160,0.022206,1.000000,0.118559,0.012749,0.124488,0.135356,0.315662,0.471743,0.334828,0.364052,0.040544,0.321700,0.043420,0.045500
final-day720,depth-only,2,base,sky_moving,2486.611668,0.402154,0.372300,0.594200,0.900200,872.371979,0.341586,0.350284,0.000000,0.000000,0.000000,0.000000,0.001107,0.000000,0.000000,0.000000,0.620308,0.123406,0.138164,0.139204,0.002815,1.000000,0.148498,0.013049,0.163488,0.169832,0.032340,0.016503,0.032916,0.035568,0.042334,0.297345,0.044408,0.048256
final-day720,depth-only,2,base,wall_moving,1940.544937,0.515319,0.465550,0.812200,1.193500,709.144417,0.449142,0.434394,26.816667,15183.423333,14600.740000,0.000000,0.001186,0.000000,0.000000,0.000000,0.477568,0.048871,0.049556,0.052260,0.018150,1.000000,0.114383,0.013665,0.118716,0.120588,0.222230,0.073499,0.235664,0.247416,0.039072,0.312571,0.040872,0.043576
final-day720,depth-only,2,base,cloud_layer,2464.446255,0.405771,0.362000,0.709800,1.110100,743.254961,0.342655,0.311217,0.000000,0.000000,0.000000,0.000000,0.001022,0.000000,0.000000,0.000000,0.329680,0.121205,0.128700,0.131092,0.002979,1.000000,0.116853,0.013867,0.119080,0.125320,0.029699,0.010306,0.031460,0.032968,0.039830,0.303275,0.041756,0.044148
final-day720,depth-only,3,base,underground,1051.457267,0.951061,0.898350,1.562000,1.817400,506.688285,0.841917,0.525292,42.000000,22890.000000,22344.000000,0.000000,0.001837,0.000000,0.000000,0.000000,1.002092,0.053634,0.085124,0.102960,0.070587,1.000000,0.126333,0.115712,0.199056,0.243620,0.290903,0.080544,0.453284,0.551512,0.045652,0.448585,0.066040,0.084344
final-day720,depth-only,3,base,surface_still,1742.680958,0.573829,0.430350,0.835500,1.207900,100.083403,0.409556,0.553432,42.000000,22890.000000,22344.000000,0.000000,0.001342,0.000000,0.000000,0.000000,0.898404,0.049119,0.050492,0.053768,0.018568,1.000000,0.113705,0.016262,0.119392,0.123916,0.310009,0.014490,0.320684,0.646100,0.039242,0.320314,0.042848,0.045708
final-day720,depth-only,3,base,overview,2062.083137,0.484947,0.405200,0.749700,1.306900,177.335359,0.380710,0.456786,48.000000,25464.000000,25601.000000,0.000000,0.001225,0.000000,0.000000,0.000000,0.801632,0.000860,0.001040,0.001144,0.000152,0.000000,0.119145,0.015317,0.123656,0.130832,0.293373,0.014634,0.302640,0.626392,0.039676,0.336837,0.042796,0.045448
final-day720,depth-only,3,base,sky,2293.855945,0.435947,0.371350,0.778600,1.141600,819.481814,0.373246,0.335179,0.000000,0.000000,0.000000,0.000000,0.001060,0.000000,0.000000,0.000000,0.354796,0.117162,0.119392,0.124436,0.003089,1.000000,0.143376,0.015985,0.148408,0.152308,0.031019,0.010641,0.031876,0.034944,0.039906,0.329374,0.042640,0.044096
final-day720,depth-only,3,base,translate,1901.034067,0.526030,0.442450,0.769100,1.312700,201.498477,0.428029,0.508425,41.228333,23682.750000,22078.183333,0.000000,0.001211,0.000000,0.000000,0.000000,0.873704,0.048582,0.050804,0.053040,0.022012,1.000000,0.114041,0.014988,0.119236,0.126100,0.268916,0.067646,0.346736,0.616252,0.041205,0.300545,0.041860,0.044980
final-day720,depth-only,3,base,rotate,1793.758974,0.557488,0.501650,0.882700,1.324000,548.571429,0.486725,0.447099,41.503333,23165.943333,22304.370000,0.000000,0.001416,0.000000,0.000000,0.000000,0.714168,0.048807,0.049972,0.053768,0.028346,1.000000,0.115589,0.016073,0.122200,0.123864,0.231752,0.099426,0.284908,0.319956,0.039692,0.322104,0.043108,0.045552
final-day720,depth-only,3,base,seam_edits,1028.109719,0.972659,0.894900,1.485400,1.943200,445.159998,0.896151,0.562015,42.000000,22896.000000,22345.500000,0.000000,0.392511,2.000000,4.000000,167664.000000,0.611312,0.049110,0.050856,0.055848,0.023078,1.000000,0.118345,0.015851,0.121420,0.130000,0.312142,0.478760,0.328484,0.344812,0.040835,0.329669,0.043628,0.048308
final-day720,depth-only,3,base,sky_moving,2296.792262,0.435390,0.375600,0.730000,1.184600,746.593666,0.372789,0.333635,0.000000,0.000000,0.000000,0.000000,0.000998,0.000000,0.000000,0.000000,0.364624,0.117346,0.120120,0.132444,0.003040,1.000000,0.142830,0.016277,0.148096,0.152516,0.029442,0.016481,0.031512,0.033800,0.040336,0.324184,0.042380,0.045032
final-day720,depth-only,3,base,wall_moving,1974.800232,0.506380,0.448250,0.854600,1.176100,747.095666,0.443298,0.433266,26.816667,15183.423333,14600.740000,0.000000,0.001115,0.000000,0.000000,0.000000,0.506116,0.048816,0.049452,0.055952,0.018143,1.000000,0.114115,0.016035,0.118612,0.126464,0.221616,0.070591,0.234520,0.255268,0.038896,0.308422,0.041028,0.044408
final-day720,depth-only,3,base,cloud_layer,2478.650557,0.403445,0.365300,0.621500,1.054700,609.904855,0.344041,0.311746,0.000000,0.000000,0.000000,0.000000,0.000984,0.000000,0.000000,0.000000,0.342992,0.121043,0.129220,0.131352,0.002847,1.000000,0.116473,0.015346,0.119028,0.126516,0.029878,0.010230,0.031200,0.033592,0.040733,0.303373,0.041860,0.045240
final-day720,depth-only,3,candidate,underground,1035.813779,0.965424,0.907500,1.567200,1.960100,370.093942,0.856547,0.407302,42.000000,22890.000000,22344.000000,0.000000,0.001786,0.000000,0.000000,0.000000,0.707044,0.053672,0.078884,0.092092,0.068869,1.000000,0.013858,0.127277,0.018564,0.023296,0.284111,0.088468,0.428480,0.510224,0.046369,0.464286,0.064636,0.076856
final-day720,depth-only,3,candidate,surface_still,2029.098627,0.492830,0.410700,0.787900,1.379800,218.520326,0.401492,0.474136,42.000000,22890.000000,22344.000000,0.000000,0.001202,0.000000,0.000000,0.000000,0.839592,0.050590,0.052156,0.052884,0.017649,1.000000,0.017324,0.031735,0.018928,0.020904,0.321577,0.018332,0.330252,0.641316,0.041024,0.319673,0.043368,0.046800
final-day720,depth-only,3,candidate,overview,2241.379375,0.446154,0.397150,0.729700,1.285900,557.335934,0.380595,0.333771,48.000000,25464.000000,25601.000000,0.000000,0.001518,0.000000,0.000000,0.000000,0.380068,0.000872,0.001040,0.001144,0.000134,0.000000,0.017089,0.034944,0.018200,0.020436,0.271721,0.019046,0.302484,0.311376,0.040318,0.319824,0.043784,0.047476
final-day720,depth-only,3,candidate,sky,2403.570745,0.416048,0.378250,0.681400,1.061900,714.472838,0.353848,0.317857,0.000000,0.000000,0.000000,0.000000,0.001119,0.000000,0.000000,0.000000,0.352508,0.116455,0.122876,0.127296,0.007512,1.000000,0.136062,0.010852,0.143104,0.148408,0.021065,0.013281,0.028704,0.029900,0.040544,0.315747,0.042380,0.045500
final-day720,depth-only,3,candidate,translate,1852.450468,0.539825,0.477200,0.895500,1.398500,576.518405,0.468783,0.418454,41.228333,23682.750000,22078.183333,0.000000,0.001424,0.000000,0.000000,0.000000,0.698516,0.050976,0.050648,0.052468,0.013334,1.000000,0.019768,0.034099,0.025272,0.025688,0.269318,0.081219,0.353808,0.363220,0.041296,0.329754,0.043160,0.046384
final-day720,depth-only,3,candidate,rotate,1694.987555,0.589975,0.503950,1.060000,1.465700,369.555978,0.519573,0.359570,41.503333,23165.943333,22304.370000,0.000000,0.001550,0.000000,0.000000,0.000000,0.455572,0.048836,0.050180,0.053820,0.012588,1.000000,0.035675,0.037165,0.045396,0.047892,0.222145,0.105188,0.291512,0.303212,0.041322,0.354531,0.043264,0.046332
final-day720,depth-only,3,candidate,seam_edits,939.778228,1.064081,0.991600,1.563100,1.979700,426.175712,0.982902,0.535579,42.000000,22896.000000,22345.500000,0.000000,0.480310,2.000000,4.000000,167664.000000,0.563160,0.058589,0.060684,0.060892,0.021963,1.000000,0.020768,0.038925,0.021632,0.022984,0.358529,0.575203,0.371696,0.379080,0.047385,0.327563,0.049816,0.052936
final-day720,depth-only,3,candidate,sky_moving,2243.415016,0.445749,0.364600,0.744400,1.161900,178.882876,0.354414,0.420348,0.000000,0.000000,0.000000,0.000000,0.000995,0.000000,0.000000,0.000000,0.767052,0.157322,0.158080,0.491556,0.007056,1.000000,0.175180,0.010405,0.183924,0.185900,0.035076,0.019158,0.038324,0.043628,0.048582,0.312033,0.053508,0.057720
final-day720,depth-only,3,candidate,wall_moving,1904.942118,0.524950,0.479350,0.845800,1.250300,642.302010,0.453039,0.334718,26.816667,15183.423333,14600.740000,0.000000,0.001620,0.000000,0.000000,0.000000,0.396968,0.051512,0.055692,0.060372,0.017863,1.000000,0.008285,0.025387,0.008684,0.009204,0.222806,0.085164,0.252720,0.273052,0.041317,0.308750,0.044356,0.047892
final-day720,depth-only,3,candidate,cloud_layer,1980.399981,0.504948,0.412600,0.979400,1.487900,481.324605,0.427241,0.303063,0.000000,0.000000,0.000000,0.000000,0.001699,0.000000,0.000000,0.000000,0.340756,0.124621,0.136812,0.139360,0.009780,1.000000,0.113118,0.012025,0.124748,0.126984,0.020024,0.020446,0.031460,0.032032,0.041506,0.376216,0.045448,0.047840
final-day720-repeat,depth-only,1,base,underground,992.391992,1.007666,0.928200,1.664500,2.164100,411.226483,0.890695,0.622137,42.000000,22890.000000,22344.000000,0.000000,0.001774,0.000000,0.000000,0.000000,2.319304,0.059783,0.080288,0.239356,0.071746,1.000000,0.140622,0.118722,0.188656,0.560248,0.356471,0.085022,0.733356,1.292304,0.054944,0.480974,0.069212,0.331812
final-day720-repeat,depth-only,1,base,surface_still,1572.082745,0.636099,0.452050,0.887200,1.548400,76.829404,0.432485,0.619057,42.000000,22890.000000,22344.000000,0.000000,0.001532,0.000000,0.000000,0.000000,1.404312,0.053641,0.074776,0.076336,0.020250,1.000000,0.121705,0.015783,0.174148,0.176852,0.355548,0.016027,0.671892,0.959036,0.044192,0.337674,0.055900,0.060476
final-day720-repeat,depth-only,1,base,overview,1877.116449,0.532732,0.391050,0.809500,1.401000,100.955374,0.379865,0.511546,48.000000,25464.000000,25601.000000,0.000000,0.001231,0.000000,0.000000,0.000000,1.218412,0.000907,0.001196,0.001300,0.000156,0.000000,0.126231,0.014337,0.165880,0.168896,0.335534,0.014386,0.615940,0.982748,0.044980,0.337848,0.054132,0.060736
final-day720-repeat,depth-only,1,base,sky,2292.740991,0.436159,0.370000,0.749900,1.101800,770.703010,0.371496,0.391409,0.000000,0.000000,0.000000,0.000000,0.001068,0.000000,0.000000,0.000000,0.884104,0.132274,0.170924,0.172744,0.003089,1.000000,0.159503,0.014166,0.203788,0.210340,0.042818,0.010382,0.041132,0.399776,0.052926,0.330067,0.054392,0.407212
final-day720-repeat,depth-only,1,base,translate,1782.288684,0.561076,0.447900,0.834700,1.714400,140.504693,0.443552,0.545179,41.228333,23682.750000,22078.183333,0.000000,0.001361,0.000000,0.000000,0.000000,1.143168,0.051417,0.055068,0.056576,0.022784,1.000000,0.116154,0.012834,0.128180,0.130832,0.294375,0.069750,0.578812,0.824408,0.045763,0.315059,0.044408,0.381784
final-day720-repeat,depth-only,1,base,rotate,1768.762591,0.565367,0.494850,1.044000,1.447300,648.298217,0.497082,0.492114,41.503333,23165.943333,22304.370000,0.000000,0.001254,0.000000,0.000000,0.000000,1.050764,0.052341,0.061880,0.063128,0.029223,1.000000,0.119744,0.015121,0.144924,0.145652,0.264275,0.098018,0.527020,0.734448,0.042877,0.332039,0.047632,0.054236
final-day720-repeat,depth-only,1,base,seam_edits,1001.892910,0.998111,0.913550,1.545200,2.073400,425.637570,0.917031,0.770077,42.000000,22896.000000,22345.500000,0.000000,0.402446,2.000000,4.000000,167664.000000,1.578564,0.070462,0.066820,0.423904,0.024312,1.000000,0.152870,0.013979,0.158860,0.159796,0.432866,0.490993,0.744016,1.021644,0.059888,0.336565,0.054652,0.470392
final-day720-repeat,depth-only,1,base,sky_moving,2366.532497,0.422559,0.368500,0.726400,1.109400,790.805567,0.361409,0.396226,0.000000,0.000000,0.000000,0.000000,0.001175,0.000000,0.000000,0.000000,0.891332,0.133875,0.150280,0.152516,0.003139,1.000000,0.160421,0.014465,0.178100,0.184340,0.040966,0.017103,0.037284,0.388076,0.057084,0.313284,0.051324,0.478348
final-day720-repeat,depth-only,1,base,wall_moving,1965.347002,0.508816,0.450150,0.892100,1.389300,666.170740,0.444584,0.471161,26.816667,15183.423333,14600.740000,0.000000,0.001197,0.000000,0.000000,0.000000,0.999180,0.051280,0.071968,0.072384,0.018439,1.000000,0.118237,0.013048,0.165880,0.166712,0.247082,0.072866,0.319384,0.722176,0.044462,0.307840,0.053456,0.365924
final-day720-repeat,depth-only,1,base,cloud_layer,2503.114291,0.399502,0.354700,0.681200,0.948900,891.517214,0.341449,0.344492,0.000000,0.000000,0.000000,0.000000,0.000954,0.000000,0.000000,0.000000,0.745264,0.129360,0.156520,0.163540,0.002807,1.000000,0.123953,0.014218,0.146224,0.151840,0.041516,0.010290,0.037232,0.361400,0.045916,0.301724,0.050128,0.321828
final-day720-repeat,depth-only,1,candidate,underground,829.214212,1.205961,1.101650,2.039800,2.401200,364.360668,1.056462,0.601566,42.000000,22890.000000,22344.000000,0.000000,0.003012,0.000000,0.000000,0.000000,1.802788,0.074614,0.090636,0.236496,0.087175,1.000000,0.018523,0.147982,0.024544,0.048568,0.422685,0.109145,0.917696,1.295112,0.072401,0.578614,0.078728,0.508404
final-day720-repeat,depth-only,1,candidate,surface_still,1778.566671,0.562250,0.458700,1.079600,1.559800,447.380587,0.470563,0.535456,42.000000,22890.000000,22344.000000,0.000000,0.001880,0.000000,0.000000,0.000000,1.629940,0.056662,0.086580,0.147004,0.021901,1.000000,0.019507,0.038663,0.028288,0.053040,0.362254,0.025702,0.866060,1.144728,0.048829,0.365195,0.104884,0.386048
final-day720-repeat,depth-only,1,candidate,overview,2073.133946,0.482361,0.416200,0.871800,1.273700,642.508353,0.411006,0.407373,48.000000,25464.000000,25601.000000,0.000000,0.001646,0.000000,0.000000,0.000000,0.975468,0.000945,0.001248,0.001300,0.000137,0.000000,0.020058,0.039303,0.024856,0.028392,0.333020,0.022629,0.430664,0.894972,0.049313,0.340712,0.058136,0.344084
final-day720-repeat,depth-only,1,candidate,sky,2197.642808,0.455033,0.404800,0.798300,1.352000,658.653055,0.388239,0.368027,0.000000,0.000000,0.000000,0.000000,0.001337,0.000000,0.000000,0.000000,0.835744,0.135793,0.156676,0.505336,0.008748,1.000000,0.149089,0.012818,0.181012,0.183456,0.025930,0.016323,0.036452,0.036868,0.053297,0.342991,0.052728,0.432640
final-day720-repeat,depth-only,1,candidate,translate,1765.193907,0.566510,0.478600,0.999200,1.373900,356.832752,0.495003,0.432807,41.228333,23682.750000,22078.183333,0.000000,0.001244,0.000000,0.000000,0.000000,1.078168,0.051963,0.052000,0.054132,0.014234,1.000000,0.019294,0.036475,0.024544,0.027768,0.278844,0.077006,0.373360,0.726076,0.042812,0.356362,0.042900,0.046696
final-day720-repeat,depth-only,1,candidate,rotate,1643.731588,0.608372,0.537150,1.027600,1.617400,519.210800,0.528029,0.427633,41.503333,23165.943333,22304.370000,0.000000,0.001740,0.000000,0.000000,0.000000,0.922688,0.058608,0.056888,0.058136,0.013905,1.000000,0.039928,0.041378,0.049556,0.053040,0.266725,0.110923,0.349544,0.732784,0.048718,0.350108,0.047996,0.248248
final-day720-repeat,depth-only,1,candidate,seam_edits,881.438837,1.134509,1.048350,1.729300,2.284800,407.417719,1.044767,0.777659,42.000000,22896.000000,22345.500000,0.000000,0.502320,2.000000,4.000000,167664.000000,1.668212,0.087010,0.081120,0.423592,0.024075,1.000000,0.029493,0.044671,0.030264,0.034944,0.522506,0.602507,0.898924,1.041300,0.069456,0.351265,0.065624,0.463788
final-day720-repeat,depth-only,1,candidate,sky_moving,2421.468742,0.412972,0.380950,0.579700,1.051700,810.712211,0.354575,0.362679,0.000000,0.000000,0.000000,0.000000,0.000962,0.000000,0.000000,0.000000,0.835588,0.136605,0.214864,0.558168,0.007693,1.000000,0.145796,0.011759,0.233740,0.247988,0.025510,0.021214,0.046852,0.050388,0.051022,0.307340,0.065364,0.389896
final-day720-repeat,depth-only,1,candidate,wall_moving,1868.330062,0.535237,0.475550,0.924600,1.316200,562.883464,0.465360,0.394418,26.816667,15183.423333,14600.740000,0.000000,0.001439,0.000000,0.000000,0.000000,0.935480,0.059601,0.080288,0.081536,0.018504,1.000000,0.009345,0.026864,0.012948,0.016380,0.265750,0.083547,0.355888,0.720460,0.047913,0.320023,0.060892,0.066508
final-day720-repeat,depth-only,1,candidate,cloud_layer,2301.044943,0.434585,0.385650,0.791000,1.059500,739.216677,0.370868,0.329208,0.000000,0.000000,0.000000,0.000000,0.001035,0.000000,0.000000,0.000000,0.715416,0.136626,0.185952,0.473200,0.008199,1.000000,0.117001,0.012221,0.169832,0.170300,0.023139,0.015821,0.042068,0.042588,0.048563,0.328569,0.056056,0.388648
final-day720-repeat,depth-only,2,candidate,underground,1031.174998,0.969767,0.895750,1.553200,2.020300,417.014178,0.854991,0.526818,42.000000,22890.000000,22344.000000,0.000000,0.002127,0.000000,0.000000,0.000000,1.818024,0.066522,0.177580,0.241904,0.068893,1.000000,0.015374,0.117384,0.035620,0.049972,0.371399,0.092237,0.983788,1.303432,0.063437,0.467050,0.156468,0.369356
final-day720-repeat,depth-only,2,candidate,surface_still,1892.002003,0.528541,0.437500,0.853200,1.432400,176.754435,0.418788,0.515050,42.000000,22890.000000,22344.000000,0.000000,0.001372,0.000000,0.000000,0.000000,1.405664,0.054227,0.100984,0.102492,0.018800,1.000000,0.019455,0.033795,0.033436,0.035880,0.350259,0.019996,0.637884,1.079364,0.043085,0.330362,0.074100,0.079768
final-day720-repeat,depth-only,2,candidate,overview,2123.268475,0.470972,0.411100,0.841900,1.312600,617.970585,0.406946,0.393687,48.000000,25464.000000,25601.000000,0.000000,0.001243,0.000000,0.000000,0.000000,0.925756,0.000949,0.001196,0.001352,0.000226,0.000000,0.019682,0.038612,0.023608,0.026520,0.324887,0.020633,0.409344,0.837096,0.044158,0.339991,0.054860,0.058032
final-day720-repeat,depth-only,2,candidate,sky,2368.276463,0.422248,0.376200,0.793100,1.020100,834.550386,0.360343,0.349491,0.000000,0.000000,0.000000,0.000000,0.001076,0.000000,0.000000,0.000000,0.750984,0.130947,0.128336,0.474136,0.008192,1.000000,0.141627,0.011823,0.150124,0.150644,0.024890,0.015079,0.030264,0.030628,0.048229,0.318505,0.044824,0.358904
final-day720-repeat,depth-only,2,candidate,translate,1904.754044,0.525002,0.469500,0.876300,1.362500,647.360925,0.459076,0.442290,41.228333,23682.750000,22078.183333,0.000000,0.001344,0.000000,0.000000,0.000000,0.951808,0.053926,0.071032,0.073164,0.013732,1.000000,0.019586,0.034929,0.024596,0.027768,0.283304,0.078091,0.447148,0.640016,0.047492,0.321875,0.053612,0.361712
final-day720-repeat,depth-only,2,candidate,rotate,1709.743658,0.584883,0.517800,0.971100,1.511700,539.728517,0.515183,0.374151,41.503333,23165.943333,22304.370000,0.000000,0.001448,0.000000,0.000000,0.000000,0.831012,0.050785,0.051220,0.056524,0.013678,1.000000,0.035629,0.039458,0.044824,0.047164,0.231264,0.107140,0.288860,0.608296,0.044871,0.344076,0.043940,0.051688
final-day720-repeat,depth-only,2,candidate,seam_edits,890.211942,1.123328,1.021550,1.634600,2.143900,404.855568,1.042459,0.776314,42.000000,22896.000000,22345.500000,0.000000,0.497008,2.000000,4.000000,167664.000000,1.630356,0.084528,0.108784,0.296296,0.024175,1.000000,0.030007,0.043662,0.035880,0.039052,0.520390,0.597918,0.866892,1.135836,0.070175,0.356260,0.079924,0.513500
final-day720-repeat,depth-only,2,candidate,sky_moving,2311.889276,0.432547,0.382250,0.707700,1.204800,466.001320,0.371019,0.367611,0.000000,0.000000,0.000000,0.000000,0.001098,0.000000,0.000000,0.000000,0.773344,0.137538,0.264576,0.462956,0.007824,1.000000,0.150688,0.012330,0.304668,0.306176,0.027198,0.021591,0.059540,0.061672,0.048362,0.321966,0.079560,0.331032
final-day720-repeat,depth-only,2,candidate,wall_moving,1841.532450,0.543026,0.486800,0.868700,1.314500,604.985077,0.475585,0.401531,26.816667,15183.423333,14600.740000,0.000000,0.001383,0.000000,0.000000,0.000000,0.881400,0.058482,0.066768,0.067132,0.018932,1.000000,0.010469,0.027718,0.011128,0.014508,0.272481,0.084080,0.292604,0.685256,0.047460,0.328838,0.052728,0.055796
final-day720-repeat,depth-only,2,candidate,cloud_layer,2296.737752,0.435400,0.381500,0.744600,1.133600,675.561561,0.370299,0.326842,0.000000,0.000000,0.000000,0.000000,0.001205,0.000000,0.000000,0.000000,0.731744,0.134236,0.168532,0.415428,0.008400,1.000000,0.117830,0.011827,0.153972,0.155272,0.022976,0.017059,0.038480,0.038844,0.047967,0.325514,0.051584,0.380588
final-day720-repeat,depth-only,2,base,underground,979.950699,1.020460,0.939350,1.720300,2.449500,339.493250,0.903697,0.635442,42.000000,22890.000000,22344.000000,0.000000,0.001895,0.000000,0.000000,0.000000,2.342860,0.060180,0.069368,0.238836,0.072402,1.000000,0.141511,0.122660,0.164788,0.557856,0.367481,0.088356,0.742300,1.306032,0.055943,0.484844,0.059020,0.373828
final-day720-repeat,depth-only,2,base,surface_still,1606.436886,0.622496,0.433850,0.834200,1.364900,66.204924,0.415529,0.608283,42.000000,22890.000000,22344.000000,0.000000,0.001322,0.000000,0.000000,0.000000,1.367288,0.053215,0.079924,0.084500,0.018519,1.000000,0.119042,0.018034,0.186264,0.195260,0.345848,0.015581,0.626288,0.969332,0.045864,0.323159,0.061776,0.302952
final-day720-repeat,depth-only,2,base,overview,1881.118927,0.531599,0.410400,0.784200,1.422300,121.038022,0.396126,0.516283,48.000000,25464.000000,25601.000000,0.000000,0.001314,0.000000,0.000000,0.000000,1.246024,0.000921,0.001196,0.001352,0.000141,0.000000,0.127658,0.018762,0.166088,0.168064,0.338401,0.015913,0.618176,1.018160,0.045401,0.347008,0.054184,0.058136
final-day720-repeat,depth-only,2,base,sky,2288.780816,0.436914,0.375850,0.789600,1.200100,601.383181,0.372642,0.344060,0.000000,0.000000,0.000000,0.000000,0.001125,0.000000,0.000000,0.000000,0.750932,0.114950,0.115648,0.117520,0.003482,1.000000,0.141182,0.017423,0.144300,0.144768,0.040103,0.010726,0.032708,0.374504,0.044174,0.327456,0.042016,0.312208
final-day720-repeat,depth-only,2,base,translate,1780.241632,0.561722,0.474800,0.950400,1.506200,291.915403,0.482843,0.541951,41.228333,23682.750000,22078.183333,0.000000,0.001409,0.000000,0.000000,0.000000,1.161472,0.050698,0.052520,0.053768,0.024953,1.000000,0.118171,0.017880,0.123552,0.126672,0.292393,0.074703,0.587808,0.739440,0.045061,0.340008,0.043160,0.350168
final-day720-repeat,depth-only,2,base,rotate,1755.345246,0.569689,0.496500,0.922000,1.347400,393.120393,0.492224,0.482642,41.503333,23165.943333,22304.370000,0.000000,0.001255,0.000000,0.000000,0.000000,1.092312,0.050927,0.061724,0.062504,0.029502,1.000000,0.119309,0.016224,0.144716,0.146848,0.252399,0.098900,0.377520,0.745576,0.047467,0.326204,0.047424,0.356044
final-day720-repeat,depth-only,2,base,seam_edits,962.920963,1.038507,0.952050,1.554900,1.898500,483.956831,0.952545,0.832773,42.000000,22896.000000,22345.500000,0.000000,0.417171,2.000000,4.000000,167664.000000,1.630044,0.071707,0.073060,0.074152,0.024774,1.000000,0.164725,0.019227,0.173732,0.174304,0.480200,0.509587,0.835068,1.256528,0.057443,0.345119,0.058656,0.063804
final-day720-repeat,depth-only,2,base,sky_moving,2205.016560,0.453511,0.389150,0.778600,1.178000,447.751170,0.383271,0.372202,0.000000,0.000000,0.000000,0.000000,0.001256,0.000000,0.000000,0.000000,0.813020,0.124586,0.191308,0.192140,0.003400,1.000000,0.151010,0.018118,0.225888,0.228020,0.042003,0.018576,0.044928,0.404560,0.050794,0.330048,0.059748,0.359892
final-day720-repeat,depth-only,2,base,wall_moving,1826.263310,0.547566,0.478000,0.903400,1.379900,523.880206,0.479522,0.453572,26.816667,15183.423333,14600.740000,0.000000,0.001330,0.000000,0.000000,0.000000,0.910624,0.048856,0.049608,0.051220,0.019144,1.000000,0.115064,0.016674,0.118404,0.121472,0.238430,0.081287,0.242112,0.602992,0.041269,0.329364,0.041132,0.043992
final-day720-repeat,depth-only,2,base,cloud_layer,2256.680904,0.443129,0.382050,0.780200,1.099700,676.643398,0.377106,0.368056,0.000000,0.000000,0.000000,0.000000,0.001109,0.000000,0.000000,0.000000,0.776724,0.137145,0.145236,0.148356,0.003413,1.000000,0.129952,0.017783,0.135356,0.136032,0.038699,0.011849,0.035932,0.344708,0.058249,0.330605,0.047736,0.430872
final-day720-repeat,depth-only,3,base,underground,965.670572,1.035550,0.971550,1.623000,2.135000,404.645328,0.912037,0.660291,42.000000,22890.000000,22344.000000,0.000000,0.001771,0.000000,0.000000,0.000000,2.745080,0.063010,0.178620,0.209924,0.075211,1.000000,0.148028,0.121083,0.420004,0.484692,0.375777,0.086820,0.963560,1.867372,0.063531,0.489296,0.156780,0.433680
final-day720-repeat,depth-only,3,base,surface_still,1565.783252,0.638658,0.452950,0.953100,1.411900,75.408241,0.434961,0.623689,42.000000,22890.000000,22344.000000,0.000000,0.001817,0.000000,0.000000,0.000000,1.414452,0.055958,0.083668,0.086840,0.019959,1.000000,0.123487,0.016478,0.195052,0.197704,0.354681,0.016991,0.621504,1.039272,0.044500,0.339153,0.062244,0.068172
final-day720-repeat,depth-only,3,base,overview,1896.387698,0.527318,0.405500,0.782800,1.239800,130.594903,0.392637,0.513205,48.000000,25464.000000,25601.000000,0.000000,0.001343,0.000000,0.000000,0.000000,1.210144,0.000902,0.001092,0.001196,0.000141,0.000000,0.125996,0.016699,0.151164,0.153244,0.339407,0.015776,0.636220,1.034904,0.042984,0.345351,0.049764,0.053560
final-day720-repeat,depth-only,3,base,sky,2372.484869,0.421499,0.375850,0.730500,1.246800,640.020481,0.362158,0.366454,0.000000,0.000000,0.000000,0.000000,0.000997,0.000000,0.000000,0.000000,0.817284,0.124507,0.137748,0.140556,0.003202,1.000000,0.150797,0.017018,0.165360,0.170248,0.040798,0.010743,0.034424,0.361192,0.046567,0.317946,0.046540,0.344240
final-day720-repeat,depth-only,3,base,translate,1807.537613,0.553239,0.472450,0.868600,1.443900,270.699487,0.466945,0.537626,41.228333,23682.750000,22078.183333,0.000000,0.001393,0.000000,0.000000,0.000000,1.307592,0.051609,0.051688,0.054808,0.025487,1.000000,0.115778,0.016139,0.121056,0.126932,0.288885,0.074805,0.445328,0.868348,0.045771,0.326051,0.042952,0.375232
final-day720-repeat,depth-only,3,base,rotate,1748.895864,0.571789,0.512500,0.937500,1.358000,603.009015,0.504899,0.490610,41.503333,23165.943333,22304.370000,0.000000,0.001370,0.000000,0.000000,0.000000,1.058304,0.051720,0.055328,0.057304,0.029680,1.000000,0.119924,0.016338,0.128960,0.135096,0.256149,0.100454,0.338936,0.703144,0.050434,0.335234,0.045032,0.418860
final-day720-repeat,depth-only,3,base,seam_edits,976.861887,1.023686,0.942850,1.598500,1.891700,439.589423,0.943862,0.802546,42.000000,22896.000000,22345.500000,0.000000,0.414710,2.000000,4.000000,167664.000000,1.670552,0.069237,0.069784,0.070512,0.024593,1.000000,0.158785,0.016359,0.166088,0.167076,0.459536,0.506573,0.813488,1.198288,0.058648,0.344058,0.055588,0.374452
final-day720-repeat,depth-only,3,base,sky_moving,2355.382461,0.424559,0.378750,0.706800,1.065600,782.176798,0.363781,0.367114,0.000000,0.000000,0.000000,0.000000,0.001022,0.000000,0.000000,0.000000,0.879424,0.123874,0.191204,0.191724,0.003155,1.000000,0.149119,0.016446,0.225680,0.226252,0.041619,0.016464,0.044616,0.434720,0.048789,0.315034,0.059072,0.392808
final-day720-repeat,depth-only,3,base,wall_moving,1770.833487,0.564706,0.482950,0.990400,1.425600,588.864571,0.494821,0.471070,26.816667,15183.423333,14600.740000,0.000000,0.001338,0.000000,0.000000,0.000000,0.982852,0.051167,0.065988,0.068848,0.020204,1.000000,0.119188,0.018164,0.151736,0.158496,0.246805,0.077632,0.303004,0.686400,0.043589,0.341832,0.050856,0.179764
final-day720-repeat,depth-only,3,base,cloud_layer,2328.661004,0.429431,0.383150,0.740300,0.964000,753.049852,0.369839,0.345654,0.000000,0.000000,0.000000,0.000000,0.001019,0.000000,0.000000,0.000000,0.789568,0.128894,0.160680,0.165152,0.003125,1.000000,0.123076,0.016305,0.151372,0.153452,0.039445,0.011803,0.036868,0.364416,0.050460,0.325437,0.049816,0.384748
final-day720-repeat,depth-only,3,candidate,underground,989.421599,1.010692,0.951150,1.679500,2.113800,371.277939,0.895368,0.537828,42.000000,22890.000000,22344.000000,0.000000,0.002074,0.000000,0.000000,0.000000,1.809496,0.067342,0.082888,0.241124,0.080654,1.000000,0.016162,0.128798,0.021216,0.049556,0.378261,0.090550,0.834236,1.306916,0.062958,0.483092,0.073840,0.446628
final-day720-repeat,depth-only,3,candidate,surface_still,1812.774258,0.551641,0.436900,0.951100,1.340700,180.136904,0.447353,0.535988,42.000000,22890.000000,22344.000000,0.000000,0.001585,0.000000,0.000000,0.000000,1.623544,0.060527,0.128492,0.346840,0.019466,1.000000,0.018569,0.037352,0.042432,0.044928,0.356991,0.021976,0.806936,0.827060,0.049758,0.351672,0.094328,0.388804
final-day720-repeat,depth-only,3,candidate,overview,2151.812525,0.464725,0.410750,0.861500,1.180500,760.282825,0.395933,0.411056,48.000000,25464.000000,25601.000000,0.000000,0.001441,0.000000,0.000000,0.000000,0.979160,0.000953,0.001248,0.001352,0.000137,0.000000,0.019422,0.038451,0.026104,0.028808,0.339681,0.020697,0.546884,0.873808,0.046942,0.329890,0.060476,0.064896
final-day720-repeat,depth-only,3,candidate,sky,2264.751744,0.441549,0.389900,0.853200,1.154400,666.370502,0.373556,0.356946,0.000000,0.000000,0.000000,0.000000,0.001244,0.000000,0.000000,0.000000,0.750828,0.133171,0.128700,0.468312,0.008066,1.000000,0.145296,0.013822,0.151112,0.151528,0.022667,0.015716,0.030316,0.030628,0.051947,0.328092,0.047164,0.388284
final-day720-repeat,depth-only,3,candidate,translate,1849.586109,0.540661,0.482500,0.909900,1.353600,620.071722,0.469300,0.434771,41.228333,23682.750000,22078.183333,0.000000,0.001465,0.000000,0.000000,0.000000,1.019252,0.054003,0.052208,0.344188,0.013729,1.000000,0.019504,0.035332,0.024908,0.027560,0.279628,0.080039,0.363272,0.710892,0.044468,0.329151,0.043472,0.055484
final-day720-repeat,depth-only,3,candidate,rotate,1757.630901,0.568948,0.504400,0.982500,1.526500,543.015910,0.498904,0.396770,41.503333,23165.943333,22304.370000,0.000000,0.001403,0.000000,0.000000,0.000000,0.944632,0.053089,0.058864,0.060684,0.012873,1.000000,0.036480,0.039012,0.044668,0.047424,0.245310,0.104798,0.362180,0.710424,0.047596,0.331725,0.047164,0.391248
final-day720-repeat,depth-only,3,candidate,seam_edits,901.101416,1.109753,1.012600,1.641900,2.119400,377.914667,1.024878,0.868375,42.000000,22896.000000,22345.500000,0.000000,0.495664,2.000000,4.000000,167664.000000,1.886768,0.092903,0.095576,0.096928,0.022791,1.000000,0.030788,0.042715,0.033904,0.036608,0.590205,0.593405,1.010516,1.500668,0.076124,0.346232,0.074828,0.501228
final-day720-repeat,depth-only,3,candidate,sky_moving,2256.251509,0.443213,0.389600,0.798300,1.044700,672.562801,0.379160,0.360080,0.000000,0.000000,0.000000,0.000000,0.001213,0.000000,0.000000,0.000000,0.680004,0.134582,0.215124,0.442936,0.008309,1.000000,0.147801,0.012378,0.247988,0.248768,0.024333,0.022503,0.049296,0.050388,0.049456,0.329533,0.065676,0.379652
final-day720-repeat,depth-only,3,candidate,wall_moving,1791.596160,0.558161,0.490300,0.961800,1.405700,620.745308,0.483059,0.386488,26.816667,15183.423333,14600.740000,0.000000,0.001548,0.000000,0.000000,0.000000,0.853892,0.056443,0.056888,0.057200,0.018624,1.000000,0.009745,0.027631,0.009568,0.012636,0.261663,0.086559,0.263744,0.661284,0.045892,0.334262,0.046644,0.049244
final-day720-repeat,depth-only,3,candidate,cloud_layer,2369.701939,0.421994,0.374750,0.608600,1.074900,547.405299,0.352619,0.322735,0.000000,0.000000,0.000000,0.000000,0.001170,0.000000,0.000000,0.000000,0.731588,0.132018,0.168428,0.393016,0.007641,1.000000,0.115593,0.012364,0.153816,0.154128,0.022992,0.015171,0.038428,0.038844,0.048356,0.311342,0.051584,0.407628
final-day720-repeat,depth-only,4,candidate,underground,993.970904,1.006066,0.941300,1.643800,2.010200,435.840628,0.886056,0.558501,42.000000,22890.000000,22344.000000,0.000000,0.001970,0.000000,0.000000,0.000000,1.826916,0.071153,0.202644,0.247000,0.074291,1.000000,0.017666,0.127364,0.036036,0.056472,0.390426,0.090627,1.119976,1.321736,0.067889,0.479305,0.165048,0.342576
final-day720-repeat,depth-only,4,candidate,surface_still,1946.290808,0.513798,0.423100,0.744100,1.142000,170.967935,0.401235,0.500256,42.000000,22890.000000,22344.000000,0.000000,0.001319,0.000000,0.000000,0.000000,1.239316,0.053416,0.100932,0.102388,0.017924,1.000000,0.017441,0.030390,0.033332,0.033696,0.339037,0.018401,0.635336,0.763464,0.044264,0.319721,0.073840,0.329836
final-day720-repeat,depth-only,4,candidate,overview,2141.426976,0.466978,0.401500,0.781700,1.245700,682.500683,0.400587,0.399742,48.000000,25464.000000,25601.000000,0.000000,0.001437,0.000000,0.000000,0.000000,0.993356,0.000938,0.001248,0.001404,0.000136,0.000000,0.020555,0.035146,0.024908,0.029536,0.329066,0.021270,0.431912,0.865592,0.045166,0.337323,0.057928,0.064012
final-day720-repeat,depth-only,4,candidate,sky,2404.167865,0.415944,0.370100,0.777900,1.131300,667.334001,0.356252,0.378048,0.000000,0.000000,0.000000,0.000000,0.001040,0.000000,0.000000,0.000000,0.878904,0.141677,0.163540,0.544076,0.007615,1.000000,0.151102,0.008978,0.189592,0.191776,0.029043,0.014103,0.038116,0.038532,0.052374,0.319690,0.052156,0.412932
final-day720-repeat,depth-only,4,candidate,translate,1803.281251,0.554545,0.479450,0.890900,1.485300,345.538522,0.486365,0.425311,41.228333,23682.750000,22078.183333,0.000000,0.001423,0.000000,0.000000,0.000000,1.026376,0.050472,0.049868,0.054132,0.014006,1.000000,0.019218,0.032553,0.024492,0.024908,0.274797,0.079850,0.349284,0.717236,0.044009,0.349481,0.042276,0.332748
final-day720-repeat,depth-only,4,candidate,rotate,1750.260570,0.571344,0.503350,0.952600,1.483500,442.520301,0.499403,0.399567,41.503333,23165.943333,22304.370000,0.000000,0.001325,0.000000,0.000000,0.000000,0.956436,0.054024,0.070564,0.071864,0.012816,1.000000,0.036727,0.035786,0.045292,0.047840,0.251303,0.104530,0.434304,0.761956,0.043170,0.336649,0.053300,0.056628
final-day720-repeat,depth-only,4,candidate,seam_edits,901.438922,1.109338,1.024900,1.575100,2.145000,396.935657,1.025429,0.880936,42.000000,22896.000000,22345.500000,0.000000,0.501168,2.000000,4.000000,167664.000000,1.894724,0.093400,0.090740,0.092560,0.023084,1.000000,0.031330,0.039593,0.033904,0.036088,0.595121,0.600314,1.006148,1.466296,0.081257,0.341817,0.072488,0.566696
final-day720-repeat,depth-only,4,candidate,sky_moving,2334.849299,0.428293,0.383700,0.716600,1.067300,775.534473,0.361209,0.392338,0.000000,0.000000,0.000000,0.000000,0.001127,0.000000,0.000000,0.000000,0.787488,0.145106,0.286624,0.457340,0.007607,1.000000,0.156890,0.008886,0.330096,0.331136,0.029070,0.020966,0.065520,0.067704,0.057338,0.317367,0.086684,0.375336
final-day720-repeat,depth-only,4,candidate,wall_moving,1884.984527,0.530508,0.474450,0.828000,1.480900,518.591505,0.464009,0.369208,26.816667,15183.423333,14600.740000,0.000000,0.001216,0.000000,0.000000,0.000000,0.958672,0.053977,0.072020,0.073164,0.017997,1.000000,0.008918,0.023916,0.011700,0.015392,0.246249,0.083378,0.320268,0.705432,0.048728,0.322756,0.054912,0.393432
final-day720-repeat,depth-only,4,candidate,cloud_layer,2307.826339,0.433308,0.390750,0.709400,1.079000,786.266544,0.362910,0.359817,0.000000,0.000000,0.000000,0.000000,0.001338,0.000000,0.000000,0.000000,0.799396,0.149559,0.152672,0.495040,0.008179,1.000000,0.127052,0.009721,0.131976,0.132288,0.026606,0.016352,0.033176,0.033696,0.052520,0.321566,0.049140,0.434720
final-day720-repeat,depth-only,4,base,underground,986.020206,1.014178,0.943400,1.598100,2.099100,383.085498,0.895485,0.619584,42.000000,22890.000000,22344.000000,0.000000,0.001985,0.000000,0.000000,0.000000,2.305264,0.059900,0.070096,0.210808,0.075558,1.000000,0.140075,0.117584,0.165464,0.489736,0.350639,0.084044,0.664768,1.282320,0.059217,0.482231,0.094016,0.424684
final-day720-repeat,depth-only,4,base,surface_still,1585.716710,0.630630,0.438150,0.801800,1.314100,65.342110,0.405905,0.615486,42.000000,22890.000000,22344.000000,0.000000,0.001743,0.000000,0.000000,0.000000,1.376284,0.052512,0.079092,0.080964,0.019542,1.000000,0.120659,0.016326,0.184496,0.188396,0.350916,0.015051,0.644072,1.013532,0.047201,0.314713,0.059280,0.361868
final-day720-repeat,depth-only,4,base,overview,1863.974590,0.536488,0.415400,0.875800,1.261800,129.222062,0.400454,0.521354,48.000000,25464.000000,25601.000000,0.000000,0.001601,0.000000,0.000000,0.000000,1.092728,0.000919,0.001144,0.001300,0.000150,0.000000,0.130560,0.016425,0.166036,0.173056,0.340447,0.016939,0.623844,0.863772,0.045483,0.351338,0.054028,0.058032
final-day720-repeat,depth-only,4,base,sky,2270.421591,0.440447,0.371050,0.750200,1.141200,336.437908,0.377800,0.388961,0.000000,0.000000,0.000000,0.000000,0.001062,0.000000,0.000000,0.000000,0.880724,0.131460,0.155636,0.158132,0.003121,1.000000,0.157211,0.019074,0.185796,0.193180,0.043727,0.010194,0.038688,0.409552,0.052671,0.331983,0.052468,0.415532
final-day720-repeat,depth-only,4,base,translate,1661.598790,0.601830,0.482400,0.953900,1.332100,146.194200,0.476907,0.579303,41.228333,23682.750000,22078.183333,0.000000,0.001419,0.000000,0.000000,0.000000,1.300156,0.057409,0.054184,0.366288,0.025100,1.000000,0.124857,0.016256,0.129688,0.132028,0.313526,0.075734,0.576732,0.897676,0.043596,0.334438,0.045240,0.049608
final-day720-repeat,depth-only,4,base,rotate,1676.992281,0.596306,0.522300,1.046000,1.379500,574.938434,0.519614,0.483191,41.503333,23165.943333,22304.370000,0.000000,0.001594,0.000000,0.000000,0.000000,1.174368,0.051075,0.055692,0.057096,0.030550,1.000000,0.119239,0.017354,0.131456,0.135824,0.257057,0.108178,0.352664,0.885508,0.043842,0.339372,0.044876,0.058916
final-day720-repeat,depth-only,4,base,seam_edits,954.530312,1.047636,0.962500,1.602600,2.326400,377.225631,0.963342,0.731439,42.000000,22896.000000,22345.500000,0.000000,0.423289,2.000000,4.000000,167664.000000,1.406756,0.062285,0.061464,0.062816,0.025308,1.000000,0.145822,0.017051,0.147420,0.149760,0.418431,0.516427,0.756600,1.051908,0.053350,0.347990,0.050908,0.234728
final-day720-repeat,depth-only,4,base,sky_moving,2164.075907,0.462091,0.395400,0.881100,1.323600,629.742750,0.392027,0.363440,0.000000,0.000000,0.000000,0.000000,0.001443,0.000000,0.000000,0.000000,0.781820,0.123614,0.190892,0.191724,0.003394,1.000000,0.149635,0.016249,0.225212,0.226356,0.040170,0.019290,0.044564,0.467792,0.046221,0.337719,0.058656,0.331240
final-day720-repeat,depth-only,4,base,wall_moving,1819.572413,0.549580,0.481000,0.946800,1.434200,499.421503,0.478796,0.475362,26.816667,15183.423333,14600.740000,0.000000,0.001272,0.000000,0.000000,0.000000,0.992004,0.050903,0.062816,0.063596,0.020429,1.000000,0.119141,0.016806,0.144768,0.148252,0.250203,0.077108,0.423384,0.714896,0.044772,0.329917,0.047424,0.356512
final-day720-repeat,depth-only,4,base,cloud_layer,2275.582094,0.439448,0.383000,0.860400,1.022500,707.597236,0.371988,0.340168,0.000000,0.000000,0.000000,0.000000,0.001148,0.000000,0.000000,0.000000,0.758524,0.126652,0.160680,0.161616,0.003481,1.000000,0.121110,0.016619,0.151424,0.158028,0.039179,0.011534,0.036972,0.374348,0.049453,0.326460,0.049712,0.357136
final-day720-repeat,depth-only,5,base,underground,982.547500,1.017762,0.971950,1.743200,2.219900,389.526920,0.900746,0.631194,42.000000,22890.000000,22344.000000,0.000000,0.001875,0.000000,0.000000,0.000000,2.017028,0.061089,0.072280,0.206908,0.073823,1.000000,0.143643,0.121981,0.167284,0.483392,0.357198,0.086534,0.705588,1.125228,0.058690,0.479606,0.089596,0.444496
final-day720-repeat,depth-only,5,base,surface_still,1583.477782,0.631521,0.462600,0.839400,1.390500,79.282651,0.432095,0.614286,42.000000,22890.000000,22344.000000,0.000000,0.001684,0.000000,0.000000,0.000000,1.260428,0.054575,0.074828,0.076648,0.020343,1.000000,0.121802,0.018060,0.174304,0.175604,0.348078,0.016368,0.617604,0.911560,0.044970,0.332541,0.056992,0.231972
final-day720-repeat,depth-only,5,base,overview,1842.619985,0.542705,0.428300,0.861000,1.593600,164.867323,0.432396,0.522984,48.000000,25464.000000,25601.000000,0.000000,0.001359,0.000000,0.000000,0.000000,1.188044,0.000927,0.001144,0.001248,0.000140,0.000000,0.127796,0.017426,0.145236,0.152360,0.346773,0.016473,0.644696,0.993928,0.043508,0.382462,0.049400,0.053040
final-day720-repeat,depth-only,5,base,sky,2209.987893,0.452491,0.391800,0.782100,1.404900,632.817938,0.382446,0.397034,0.000000,0.000000,0.000000,0.000000,0.001225,0.000000,0.000000,0.000000,0.838292,0.135383,0.150020,0.152152,0.003212,1.000000,0.162071,0.017650,0.184652,0.186680,0.041405,0.010483,0.037752,0.347360,0.054162,0.337070,0.051844,0.459108
final-day720-repeat,depth-only,5,base,translate,1663.951652,0.600979,0.503500,1.182900,1.734600,501.584170,0.522500,0.540415,41.228333,23682.750000,22078.183333,0.000000,0.001635,0.000000,0.000000,0.000000,1.288612,0.050431,0.052676,0.054704,0.027721,1.000000,0.116214,0.018819,0.124072,0.126308,0.295611,0.078100,0.578656,0.874536,0.042408,0.367408,0.043420,0.047528
final-day720-repeat,depth-only,5,base,rotate,1737.457943,0.575554,0.506550,0.933600,1.361000,576.923077,0.505524,0.478391,41.503333,23165.943333,22304.370000,0.000000,0.001444,0.000000,0.000000,0.000000,0.941356,0.051096,0.052260,0.053768,0.030790,1.000000,0.118359,0.017255,0.126360,0.127556,0.251712,0.101893,0.298376,0.629096,0.045777,0.332710,0.044564,0.350012
final-day720-repeat,depth-only,5,base,seam_edits,983.400849,1.016879,0.930550,1.557300,1.907500,426.712183,0.933555,0.683585,42.000000,22896.000000,22345.500000,0.000000,0.406712,2.000000,4.000000,167664.000000,1.464476,0.060214,0.058396,0.060216,0.024124,1.000000,0.133834,0.017599,0.140608,0.141128,0.389261,0.498133,0.687128,1.088724,0.052060,0.340872,0.048620,0.392184
final-day720-repeat,depth-only,5,base,sky_moving,2211.389689,0.452204,0.392300,0.784100,1.217400,657.505424,0.382010,0.357026,0.000000,0.000000,0.000000,0.000000,0.001305,0.000000,0.000000,0.000000,0.817388,0.119776,0.149604,0.150020,0.005392,1.000000,0.146419,0.017690,0.176852,0.177632,0.040220,0.018407,0.035100,0.420420,0.046863,0.326119,0.046904,0.343564
final-day720-repeat,depth-only,5,base,wall_moving,1785.689307,0.560008,0.494600,0.977100,1.534700,546.532705,0.488984,0.461341,26.816667,15183.423333,14600.740000,0.000000,0.001477,0.000000,0.000000,0.000000,0.910052,0.049026,0.049816,0.050648,0.019379,1.000000,0.115634,0.017808,0.119080,0.121160,0.242635,0.080102,0.266292,0.686608,0.042635,0.337324,0.041392,0.044044
final-day720-repeat,depth-only,5,base,cloud_layer,2130.072146,0.469468,0.390950,0.863100,1.257700,361.761780,0.393157,0.327928,0.000000,0.000000,0.000000,0.000000,0.001101,0.000000,0.000000,0.000000,0.701584,0.121372,0.128128,0.130728,0.003488,1.000000,0.116300,0.017122,0.118508,0.119548,0.037981,0.011994,0.031252,0.350064,0.048588,0.346202,0.041964,0.388804
final-day720-repeat,depth-only,5,candidate,underground,897.991462,1.113596,1.020650,1.951000,2.573900,334.995282,0.977339,0.633798,42.000000,22890.000000,22344.000000,0.000000,0.002706,0.000000,0.000000,0.000000,2.132780,0.078356,0.179660,0.240292,0.082188,1.000000,0.019859,0.135117,0.041496,0.054808,0.449668,0.103971,1.087892,1.738672,0.073108,0.522623,0.152672,0.466076
final-day720-repeat,depth-only,5,candidate,surface_still,1887.445343,0.529817,0.415700,0.869000,1.389600,176.589007,0.422888,0.513255,42.000000,22890.000000,22344.000000,0.000000,0.001382,0.000000,0.000000,0.000000,1.258972,0.055163,0.108680,0.118040,0.018630,1.000000,0.017843,0.031681,0.024908,0.039104,0.349051,0.020392,0.684216,0.932828,0.046134,0.335652,0.079404,0.319384
final-day720-repeat,depth-only,5,candidate,overview,2157.860438,0.463422,0.404200,0.854800,1.260500,680.766089,0.398089,0.406386,48.000000,25464.000000,25601.000000,0.000000,0.001394,0.000000,0.000000,0.000000,0.948636,0.000948,0.001248,0.001352,0.000146,0.000000,0.019755,0.035911,0.025012,0.028600,0.334812,0.020804,0.505908,0.849680,0.046820,0.333949,0.058344,0.062504
final-day720-repeat,depth-only,5,candidate,sky,2203.239276,0.453877,0.383850,0.845200,1.236500,698.958552,0.385659,0.333532,0.000000,0.000000,0.000000,0.000000,0.001143,0.000000,0.000000,0.000000,0.746564,0.126164,0.126828,0.521404,0.008338,1.000000,0.135440,0.009476,0.136604,0.148200,0.021373,0.015665,0.028184,0.030004,0.046852,0.343688,0.044252,0.388700
final-day720-repeat,depth-only,5,candidate,translate,1819.981946,0.549456,0.490650,0.878700,1.373500,592.031259,0.476146,0.430309,41.228333,23682.750000,22078.183333,0.000000,0.001606,0.000000,0.000000,0.000000,1.031836,0.051134,0.053872,0.054392,0.014309,1.000000,0.019976,0.032808,0.024492,0.025012,0.278178,0.082277,0.386464,0.708500,0.042730,0.335285,0.044408,0.046696
final-day720-repeat,depth-only,5,candidate,rotate,1675.805860,0.596728,0.529050,0.963700,1.421100,632.971485,0.523236,0.402888,41.503333,23165.943333,22304.370000,0.000000,0.001637,0.000000,0.000000,0.000000,0.842088,0.054864,0.074256,0.075868,0.014042,1.000000,0.036957,0.038875,0.045604,0.048880,0.249342,0.109002,0.455520,0.620672,0.047430,0.349884,0.056420,0.361088
final-day720-repeat,depth-only,5,candidate,seam_edits,872.979199,1.145503,1.061500,1.714700,2.258300,352.565798,1.062076,0.853275,42.000000,22896.000000,22345.500000,0.000000,0.504493,2.000000,4.000000,167664.000000,1.730404,0.091960,0.090584,0.449488,0.024873,1.000000,0.030947,0.041754,0.033540,0.034996,0.577325,0.604584,0.992680,1.431456,0.076527,0.368857,0.072280,0.479232
final-day720-repeat,depth-only,5,candidate,sky_moving,2304.092606,0.434010,0.384850,0.709100,1.098200,692.552749,0.365638,0.405129,0.000000,0.000000,0.000000,0.000000,0.001325,0.000000,0.000000,0.000000,1.113528,0.149660,0.245856,0.455260,0.007908,1.000000,0.162222,0.008975,0.283088,0.283712,0.030823,0.021947,0.056420,0.059488,0.058408,0.319420,0.076232,0.472004
final-day720-repeat,depth-only,5,candidate,wall_moving,1725.909964,0.579404,0.494150,0.997000,1.629800,507.240863,0.506856,0.415229,26.816667,15183.423333,14600.740000,0.000000,0.001364,0.000000,0.000000,0.000000,0.875576,0.060594,0.069420,0.069888,0.020460,1.000000,0.010402,0.025392,0.011284,0.015236,0.278481,0.083272,0.304980,0.737516,0.052024,0.360313,0.054444,0.337376
final-day720-repeat,depth-only,5,candidate,cloud_layer,2230.272681,0.448376,0.392750,0.776400,1.024300,479.808077,0.382696,0.339544,0.000000,0.000000,0.000000,0.000000,0.001263,0.000000,0.000000,0.000000,0.809432,0.140595,0.179088,0.527540,0.008853,1.000000,0.118912,0.009746,0.161720,0.162708,0.025434,0.016189,0.040404,0.041392,0.050745,0.340908,0.054444,0.379184
final-debug1080,depth-only,1,base,surface_still,664.413934,1.505086,1.320300,2.456100,3.089600,111.181114,1.294262,1.481293,42.000000,22890.000000,22344.000000,0.000000,0.002606,0.000000,0.000000,0.000000,4.381728,0.125741,0.127244,0.459420,0.081166,1.000000,0.348944,0.133879,0.379600,1.128920,0.797685,0.099327,1.349504,2.250456,0.106945,0.811782,0.108316,0.476684
final-debug1080,depth-only,1,candidate,surface_still,736.028071,1.358644,1.252650,2.252300,2.679300,324.877494,1.222643,1.084496,42.000000,22890.000000,22344.000000,0.000000,0.002546,0.000000,0.000000,0.000000,3.476772,0.115614,0.111124,0.430144,0.080989,1.000000,0.062367,0.140111,0.068900,0.206752,0.703262,0.107192,1.062568,2.252848,0.103345,0.764606,0.105612,0.479960
final-debug1080,depth-only,2,candidate,surface_still,765.832926,1.305768,1.225350,2.008500,2.562300,345.805381,1.174159,1.097458,42.000000,22890.000000,22344.000000,0.000000,0.002411,0.000000,0.000000,0.000000,3.931512,0.115129,0.122200,0.429832,0.073152,1.000000,0.063305,0.131312,0.071188,0.229060,0.713586,0.096466,1.052064,2.567448,0.103854,0.753043,0.105456,0.469924
final-debug1080,depth-only,2,base,surface_still,685.376454,1.459052,1.282300,2.365200,3.029100,100.233544,1.244021,1.435046,42.000000,22890.000000,22344.000000,0.000000,0.002437,0.000000,0.000000,0.000000,2.516332,0.116924,0.117624,0.349856,0.080994,1.000000,0.341137,0.133078,0.349336,0.849212,0.768889,0.097978,1.312324,1.784172,0.109608,0.775989,0.122408,0.522860
final-debug1080,depth-only,3,base,surface_still,669.572313,1.493491,1.242150,2.203700,2.899100,62.855066,1.216200,1.470338,42.000000,22890.000000,22344.000000,0.000000,0.002411,0.000000,0.000000,0.000000,4.422600,0.127007,0.138632,0.468520,0.079700,1.000000,0.347828,0.125921,0.353912,1.129908,0.788139,0.091994,1.451528,2.276040,0.106433,0.762205,0.110500,0.463944
final-debug1080,depth-only,3,candidate,surface_still,751.096977,1.331386,1.257500,2.095100,2.677700,312.713362,1.201343,1.137298,42.000000,22890.000000,22344.000000,0.000000,0.002382,0.000000,0.000000,0.000000,3.988504,0.118423,0.115076,0.434304,0.076824,1.000000,0.066090,0.137028,0.073008,0.244036,0.743708,0.104109,1.223664,2.591784,0.104173,0.754039,0.165932,0.450476
final-dusk1080,depth-only,1,base,underground,719.565440,1.389728,0.914850,1.681300,2.241500,23.694876,0.812470,1.361097,42.000000,22890.000000,22344.000000,0.000000,0.002670,0.000000,0.000000,0.000000,3.432416,0.117486,0.126256,0.303576,0.065445,1.000000,0.478091,0.095652,0.488904,1.251380,0.695471,0.074522,1.474096,1.911000,0.058243,0.442576,0.084500,0.488280
final-dusk1080,depth-only,1,base,surface_still,640.060831,1.562351,0.587400,1.577900,3.163700,11.785164,0.589634,1.533104,42.000000,22890.000000,22344.000000,0.000000,0.002786,0.000000,0.000000,0.000000,2.856932,0.119122,0.119652,0.132184,0.026502,1.000000,0.459952,0.021144,0.482664,0.542724,0.799124,0.024491,1.682252,2.042248,0.059051,0.455786,0.051532,0.577304
final-dusk1080,depth-only,1,base,overview,812.339656,1.231012,0.671200,1.845000,2.664900,23.769079,0.679216,1.183547,48.000000,25464.000000,25601.000000,0.000000,0.003673,0.000000,0.000000,0.000000,2.276716,0.000929,0.001092,0.001300,0.000289,0.000000,0.418285,0.027186,0.437268,0.441428,0.713387,0.032126,1.306396,1.716208,0.047002,0.583866,0.050804,0.055536
final-dusk1080,depth-only,1,base,sky,992.936909,1.007113,0.419950,0.882100,1.612600,18.529905,0.383276,0.983111,0.000000,0.000000,0.000000,0.000000,0.001805,0.000000,0.000000,0.000000,1.850628,0.278128,0.290836,0.295828,0.003205,1.000000,0.558471,0.015380,0.581464,0.589004,0.075436,0.011345,0.393016,0.810368,0.067329,0.338569,0.310128,0.607464
final-dusk1080,depth-only,1,base,translate,724.255698,1.380728,0.549800,1.160900,1.795100,13.091490,0.511330,1.359747,41.228333,23682.750000,22078.183333,0.000000,0.002511,0.000000,0.000000,0.000000,2.686892,0.117530,0.115960,0.461708,0.027238,1.000000,0.460184,0.015967,0.479752,0.486980,0.644453,0.084220,1.168648,1.681784,0.056644,0.353820,0.048932,0.511836
final-dusk1080,depth-only,1,base,rotate,779.787999,1.282400,0.581200,1.078900,1.692400,15.341164,0.538158,1.255274,41.503333,23165.943333,22304.370000,0.000000,0.002066,0.000000,0.000000,0.000000,2.287688,0.113070,0.118248,0.151476,0.034323,1.000000,0.489595,0.015029,0.522080,0.625040,0.574536,0.107594,1.163968,1.529476,0.054722,0.355853,0.055016,0.514540
final-dusk1080,depth-only,1,base,seam_edits,662.825080,1.508694,1.133850,1.955900,2.353600,33.514404,1.101695,1.488579,42.000000,22896.000000,22345.500000,0.000000,0.477454,2.000000,4.000000,167664.000000,2.507908,0.113963,0.118560,0.155012,0.031714,1.000000,0.462474,0.018686,0.482508,0.627588,0.759589,0.583836,1.313208,1.718132,0.056930,0.390441,0.058188,0.484276
final-dusk1080,depth-only,1,base,sky_moving,998.307536,1.001695,0.433700,0.877300,1.345500,18.817071,0.388965,0.978075,0.000000,0.000000,0.000000,0.000000,0.001901,0.000000,0.000000,0.000000,1.868308,0.277425,0.327912,0.328640,0.003524,1.000000,0.554987,0.014569,0.654680,0.655512,0.082503,0.020446,0.443040,0.831636,0.059450,0.334861,0.049556,0.568360
final-dusk1080,depth-only,1,base,wall_moving,834.903648,1.197743,0.540000,0.908900,1.469600,15.961399,0.485401,1.172715,26.770000,15140.680000,14573.851667,0.000000,0.001975,0.000000,0.000000,0.000000,2.179892,0.110138,0.115596,0.138528,0.019593,1.000000,0.451603,0.013934,0.469560,0.566748,0.541386,0.080937,1.014520,1.483352,0.053450,0.333403,0.050232,0.475800
final-dusk1080,depth-only,1,base,cloud_layer,1090.242457,0.917227,0.416350,0.848800,1.340500,22.034205,0.388827,0.894717,0.000000,0.000000,0.000000,0.000000,0.001517,0.000000,0.000000,0.000000,1.758276,0.286626,0.317772,0.326144,0.003058,1.000000,0.469637,0.015625,0.539708,0.542308,0.073622,0.012660,0.394940,0.884312,0.061177,0.342548,0.048776,0.572780
final-dusk1080,depth-only,1,candidate,underground,909.521002,1.099480,1.035550,1.775400,2.365100,367.158864,0.969370,0.856131,42.000000,22890.000000,22344.000000,0.000000,0.002515,0.000000,0.000000,0.000000,2.603692,0.115486,0.125632,0.377624,0.080687,1.000000,0.033239,0.138547,0.037752,0.101816,0.631103,0.103480,1.102712,1.954784,0.063078,0.519883,0.138840,0.498108
final-dusk1080,depth-only,1,candidate,surface_still,926.201071,1.079679,0.509150,0.938500,1.703200,18.932157,0.441003,1.056797,42.000000,22890.000000,22344.000000,0.000000,0.002181,0.000000,0.000000,0.000000,1.938300,0.118561,0.129688,0.517556,0.020073,1.000000,0.073841,0.037071,0.084656,0.091364,0.708564,0.025128,1.090076,1.504516,0.056906,0.340531,0.053144,0.461656
final-dusk1080,depth-only,1,candidate,overview,1278.613233,0.782097,0.450200,0.904300,1.682000,35.937720,0.435194,0.761824,48.000000,25464.000000,25601.000000,0.000000,0.002012,0.000000,0.000000,0.000000,1.673880,0.000922,0.001092,0.001196,0.000162,0.000000,0.052937,0.042377,0.061984,0.071552,0.657140,0.025538,1.080872,1.557712,0.047002,0.359260,0.051116,0.056316
final-dusk1080,depth-only,1,candidate,sky,998.983035,1.001018,0.418500,0.925300,1.418900,19.378437,0.405222,0.980142,0.000000,0.000000,0.000000,0.000000,0.001756,0.000000,0.000000,0.000000,1.864460,0.326233,0.705172,1.150448,0.009467,1.000000,0.554199,0.012897,0.598156,0.623636,0.036752,0.018950,0.040248,0.041964,0.059223,0.355693,0.054340,0.468520
final-dusk1080,depth-only,1,candidate,translate,1048.370047,0.953862,0.521300,1.063000,1.533600,27.646699,0.512451,0.933434,41.228333,23682.750000,22078.183333,0.000000,0.002254,0.000000,0.000000,0.000000,1.871168,0.122812,0.116636,0.550160,0.015583,1.000000,0.079954,0.039282,0.108888,0.112008,0.601272,0.087130,1.024400,1.285804,0.049920,0.357364,0.049868,0.444132
final-dusk1080,depth-only,1,candidate,rotate,834.387095,1.198484,0.557750,1.057300,1.662300,16.832608,0.519743,1.170266,41.503333,23165.943333,22304.370000,0.000000,0.002238,0.000000,0.000000,0.000000,2.307188,0.166827,0.153400,0.734656,0.013714,1.000000,0.232864,0.042168,0.315952,0.319228,0.669119,0.113045,1.030432,1.649076,0.068625,0.339322,0.065052,0.541892
final-dusk1080,depth-only,1,candidate,seam_edits,802.904695,1.245478,1.136400,1.937400,2.610400,232.890324,1.146766,1.011699,42.000000,22896.000000,22345.500000,0.000000,0.535563,2.000000,4.000000,167664.000000,1.884220,0.114803,0.131300,0.496912,0.027059,1.000000,0.070148,0.053553,0.083668,0.089492,0.675054,0.648968,1.056120,1.385748,0.050568,0.391398,0.050804,0.434980
final-dusk1080,depth-only,1,candidate,sky_moving,1000.552138,0.999448,0.429950,0.852300,1.258900,19.001641,0.397709,0.975422,0.000000,0.000000,0.000000,0.000000,0.001684,0.000000,0.000000,0.000000,1.826916,0.325325,0.696124,1.140204,0.009333,1.000000,0.549671,0.013471,0.580580,0.650676,0.040980,0.025724,0.043212,0.213928,0.055713,0.341720,0.051532,0.473200
final-dusk1080,depth-only,1,candidate,wall_moving,1412.523148,0.707953,0.515950,1.016600,1.766300,75.292039,0.516201,0.694681,26.770000,15140.680000,14573.851667,0.000000,0.001688,0.000000,0.000000,0.000000,1.506284,0.110321,0.137540,0.138216,0.021227,1.000000,0.018034,0.031449,0.024492,0.031200,0.494988,0.089964,0.823576,1.044108,0.052493,0.355368,0.050700,0.494520
final-dusk1080,depth-only,1,candidate,cloud_layer,1077.406252,0.928155,0.425650,0.797600,1.383800,21.517716,0.395752,0.899039,0.000000,0.000000,0.000000,0.000000,0.001533,0.000000,0.000000,0.000000,1.758484,0.330614,0.691184,1.157416,0.008664,1.000000,0.468996,0.012824,0.583960,0.586404,0.036784,0.018720,0.045240,0.046280,0.058900,0.348512,0.053976,0.518388
final-dusk1080,depth-only,2,candidate,underground,923.582620,1.082740,1.010150,1.784700,2.146500,439.995600,0.951413,0.853449,42.000000,22890.000000,22344.000000,0.000000,0.002292,0.000000,0.000000,0.000000,2.324712,0.115487,0.230412,0.272324,0.080332,1.000000,0.028954,0.132967,0.050024,0.068016,0.638071,0.100834,1.281644,1.877980,0.056848,0.508614,0.096200,0.487292
final-dusk1080,depth-only,2,candidate,surface_still,926.925375,1.078835,0.512500,1.164400,1.712700,19.954119,0.464269,1.061451,42.000000,22890.000000,22344.000000,0.000000,0.002185,0.000000,0.000000,0.000000,1.979276,0.115765,0.119340,0.483496,0.021373,1.000000,0.073652,0.039364,0.081068,0.086372,0.714120,0.026276,1.113528,1.581840,0.054159,0.356021,0.050388,0.468260
final-dusk1080,depth-only,2,candidate,overview,1257.687879,0.795110,0.459150,0.962000,1.565200,34.709106,0.430956,0.774064,48.000000,25464.000000,25601.000000,0.000000,0.001967,0.000000,0.000000,0.000000,1.641588,0.000946,0.001144,0.001300,0.000174,0.000000,0.057405,0.042174,0.064792,0.077220,0.661432,0.025808,1.062100,1.526044,0.050383,0.353543,0.053404,0.063336
final-dusk1080,depth-only,2,candidate,sky,1004.526228,0.995494,0.398850,0.883700,1.651600,18.481430,0.390394,0.975335,0.000000,0.000000,0.000000,0.000000,0.001612,0.000000,0.000000,0.000000,1.822080,0.323285,0.694772,1.168232,0.008856,1.000000,0.555227,0.010728,0.575588,0.578344,0.037641,0.017059,0.039728,0.047268,0.055362,0.346067,0.050960,0.475748
final-dusk1080,depth-only,2,candidate,translate,1045.792463,0.956213,0.518650,0.943000,1.435700,25.349678,0.483251,0.935234,41.228333,23682.750000,22078.183333,0.000000,0.002018,0.000000,0.000000,0.000000,2.041468,0.124870,0.129896,0.651716,0.014399,1.000000,0.080091,0.035548,0.108524,0.113412,0.598818,0.085692,0.979524,1.354288,0.051176,0.335800,0.049452,0.463424
final-dusk1080,depth-only,2,candidate,rotate,1062.762314,0.940944,0.544400,1.075900,1.674700,29.315569,0.526622,0.923884,41.503333,23165.943333,22304.370000,0.000000,0.002042,0.000000,0.000000,0.000000,1.793688,0.127840,0.129428,0.573664,0.014045,1.000000,0.186067,0.042362,0.243880,0.249652,0.533841,0.110226,0.917644,1.317576,0.051777,0.349079,0.052000,0.501124
final-dusk1080,depth-only,2,candidate,seam_edits,847.560939,1.179856,1.062350,1.847800,2.277200,383.896809,1.086495,1.038879,42.000000,22896.000000,22345.500000,0.000000,0.515360,2.000000,4.000000,167664.000000,1.933984,0.111318,0.156676,0.167388,0.026493,1.000000,0.072324,0.047864,0.085748,0.111072,0.701349,0.621650,1.086072,1.509664,0.054008,0.367456,0.060892,0.503464
final-dusk1080,depth-only,2,candidate,sky_moving,997.328158,1.002679,0.431600,0.887900,1.462400,19.207179,0.402642,0.981724,0.000000,0.000000,0.000000,0.000000,0.002098,0.000000,0.000000,0.000000,1.894568,0.325087,0.663364,1.180088,0.008959,1.000000,0.556231,0.011866,0.576420,0.579020,0.038857,0.026022,0.039312,0.042172,0.057679,0.347304,0.053196,0.516724
final-dusk1080,depth-only,2,candidate,wall_moving,1397.348996,0.715641,0.513750,1.090600,1.804700,77.482140,0.524659,0.702860,26.770000,15140.680000,14573.851667,0.000000,0.001847,0.000000,0.000000,0.000000,1.571856,0.112339,0.131768,0.134368,0.021771,1.000000,0.017985,0.031463,0.024076,0.028600,0.501363,0.091683,0.876252,1.137500,0.050937,0.360762,0.048568,0.449228
final-dusk1080,depth-only,2,candidate,cloud_layer,1089.692994,0.917690,0.430600,0.926700,1.433800,23.829826,0.420820,0.893906,0.000000,0.000000,0.000000,0.000000,0.001839,0.000000,0.000000,0.000000,1.775592,0.338118,0.699660,1.215136,0.009787,1.000000,0.466845,0.012352,0.514592,0.536224,0.034388,0.020091,0.040612,0.042380,0.050684,0.370639,0.050700,0.456404
final-dusk1080,depth-only,2,base,underground,734.450040,1.361563,0.985950,1.774400,2.273200,31.960965,0.905378,1.338994,42.000000,22890.000000,22344.000000,0.000000,0.002667,0.000000,0.000000,0.000000,2.385500,0.115838,0.120692,0.188656,0.072329,1.000000,0.469565,0.112807,0.490152,0.788892,0.684003,0.082979,1.250184,1.629732,0.058140,0.488915,0.059748,0.489320
final-dusk1080,depth-only,2,base,surface_still,654.385523,1.528151,0.557400,1.165600,1.714000,10.885805,0.469711,1.500884,42.000000,22890.000000,22344.000000,0.000000,0.002372,0.000000,0.000000,0.000000,2.526160,0.118379,0.118144,0.409812,0.022091,1.000000,0.464134,0.019074,0.484328,0.488280,0.764869,0.020256,1.375296,1.708200,0.055624,0.358168,0.051792,0.501020
final-dusk1080,depth-only,2,base,overview,844.119658,1.184666,0.489700,1.218100,1.912900,16.326633,0.481100,1.163497,48.000000,25464.000000,25601.000000,0.000000,0.001924,0.000000,0.000000,0.000000,2.179632,0.000927,0.001092,0.001248,0.000168,0.000000,0.417271,0.019056,0.474500,0.477204,0.691369,0.021004,1.256060,1.639092,0.050063,0.420888,0.050492,0.367484
final-dusk1080,depth-only,2,base,sky,983.607525,1.016666,0.429050,0.866700,1.500800,18.373526,0.393803,0.995137,0.000000,0.000000,0.000000,0.000000,0.001628,0.000000,0.000000,0.000000,1.833780,0.281564,0.290056,0.294944,0.003449,1.000000,0.564323,0.017197,0.582868,0.588380,0.077581,0.011920,0.433576,0.732992,0.067926,0.346209,0.051012,0.602316
final-dusk1080,depth-only,2,base,translate,687.936912,1.453622,0.545950,1.184000,1.625600,11.948069,0.513629,1.423682,41.228333,23682.750000,22078.183333,0.000000,0.001882,0.000000,0.000000,0.000000,2.960568,0.122998,0.127400,0.549588,0.027562,1.000000,0.477742,0.017433,0.524212,0.541840,0.677716,0.080322,1.317056,1.736020,0.052903,0.358901,0.052000,0.459784
final-dusk1080,depth-only,2,base,rotate,778.496777,1.284527,0.565300,1.040600,1.791600,14.930621,0.528016,1.262220,41.503333,23165.943333,22304.370000,0.000000,0.002065,0.000000,0.000000,0.000000,2.365116,0.115596,0.118196,0.121940,0.032747,1.000000,0.494938,0.017030,0.520312,0.535028,0.576136,0.107503,1.089088,1.509872,0.053326,0.346335,0.050336,0.451204
final-dusk1080,depth-only,2,base,seam_edits,649.552967,1.539520,1.135300,2.145800,2.727900,34.769326,1.145912,1.522294,42.000000,22896.000000,22345.500000,0.000000,0.477635,2.000000,4.000000,167664.000000,2.574104,0.125624,0.158444,0.582920,0.033848,1.000000,0.466763,0.021192,0.484380,0.661128,0.785145,0.587602,1.515904,1.830764,0.047887,0.419067,0.054080,0.068588
final-dusk1080,depth-only,2,base,sky_moving,990.893196,1.009191,0.441250,0.826200,1.384100,18.469733,0.390667,0.991759,0.000000,0.000000,0.000000,0.000000,0.001720,0.000000,0.000000,0.000000,1.857180,0.280824,0.314340,0.315692,0.003525,1.000000,0.559812,0.017164,0.627432,0.628316,0.076944,0.019525,0.397904,0.719836,0.070445,0.335487,0.347204,0.629772
final-dusk1080,depth-only,2,base,wall_moving,834.292770,1.198620,0.529200,1.044600,1.776400,16.410647,0.504162,1.177645,26.770000,15140.680000,14573.851667,0.000000,0.001816,0.000000,0.000000,0.000000,2.126020,0.111827,0.117884,0.133224,0.021629,1.000000,0.455467,0.016819,0.477152,0.545584,0.544685,0.082377,1.013636,1.450592,0.049488,0.344946,0.048204,0.458276
final-dusk1080,depth-only,2,base,cloud_layer,1084.198298,0.922340,0.412350,0.814300,1.267100,21.145807,0.378971,0.905141,0.000000,0.000000,0.000000,0.000000,0.001576,0.000000,0.000000,0.000000,1.808768,0.287268,0.324636,0.326508,0.003244,1.000000,0.473032,0.016418,0.540332,0.541632,0.077065,0.012733,0.429052,0.746304,0.064128,0.331850,0.051064,0.539500
final-dusk1080,depth-only,3,base,underground,721.062240,1.386843,1.087450,2.050800,2.648200,43.679281,1.021019,1.367491,42.000000,22890.000000,22344.000000,0.000000,0.002759,0.000000,0.000000,0.000000,2.724540,0.115609,0.120796,0.209404,0.084789,1.000000,0.480049,0.133852,0.489684,1.042912,0.696543,0.093730,1.298804,1.784952,0.062568,0.541972,0.062920,0.504764
final-dusk1080,depth-only,3,base,surface_still,657.775299,1.520276,0.544200,1.074700,1.862000,10.811237,0.463568,1.491283,42.000000,22890.000000,22344.000000,0.000000,0.002277,0.000000,0.000000,0.000000,2.559440,0.117121,0.120068,0.491764,0.021806,1.000000,0.461551,0.018340,0.498628,0.543036,0.762491,0.019371,1.375244,1.712984,0.053648,0.355266,0.050492,0.486928
final-dusk1080,depth-only,3,base,overview,847.255985,1.180281,0.459700,1.165300,1.481600,15.621335,0.450032,1.151452,48.000000,25464.000000,25601.000000,0.000000,0.002004,0.000000,0.000000,0.000000,2.160496,0.000909,0.001092,0.001196,0.000175,0.000000,0.414311,0.018857,0.437424,0.456404,0.687350,0.019583,1.181180,1.684332,0.044995,0.392380,0.049764,0.053404
final-dusk1080,depth-only,3,base,sky,989.811377,1.010294,0.413800,0.908000,1.398500,18.140935,0.380372,0.989614,0.000000,0.000000,0.000000,0.000000,0.001680,0.000000,0.000000,0.000000,1.971840,0.278203,0.312936,0.313664,0.003252,1.000000,0.559188,0.018453,0.627588,0.629200,0.084184,0.011324,0.452868,0.833040,0.064318,0.332366,0.051272,0.519688
final-dusk1080,depth-only,3,base,translate,714.817573,1.398958,0.546250,1.095100,1.728000,12.550568,0.504689,1.367133,41.228333,23682.750000,22078.183333,0.000000,0.002132,0.000000,0.000000,0.000000,2.656420,0.115010,0.124384,0.130832,0.027054,1.000000,0.461592,0.017145,0.495560,0.522444,0.662426,0.082819,1.294384,1.670968,0.048369,0.349509,0.049348,0.361608
final-dusk1080,depth-only,3,base,rotate,775.114284,1.290132,0.566650,1.203500,1.773600,14.884312,0.531281,1.263623,41.503333,23165.943333,22304.370000,0.000000,0.001906,0.000000,0.000000,0.000000,2.369848,0.114952,0.118872,0.136136,0.033156,1.000000,0.492033,0.017977,0.523848,0.566072,0.579101,0.106290,1.193816,1.566552,0.055145,0.349048,0.051792,0.525044
final-dusk1080,depth-only,3,base,seam_edits,653.015949,1.531356,1.073100,1.840400,2.397000,26.658278,1.051298,1.513982,42.000000,22896.000000,22345.500000,0.000000,0.454904,2.000000,4.000000,167664.000000,2.688868,0.117012,0.117520,0.304772,0.029352,1.000000,0.465747,0.017449,0.484536,0.660608,0.782201,0.557104,1.503320,1.956344,0.052629,0.369911,0.051792,0.499772
final-dusk1080,depth-only,3,base,sky_moving,983.325584,1.016957,0.410750,0.734300,1.324000,17.319506,0.364353,0.994392,0.000000,0.000000,0.000000,0.000000,0.001628,0.000000,0.000000,0.000000,1.917344,0.281782,0.293644,0.295672,0.003323,1.000000,0.562822,0.014718,0.583076,0.588276,0.081946,0.017876,0.453544,0.813176,0.064137,0.315248,0.049764,0.519116
final-dusk1080,depth-only,3,base,wall_moving,824.715288,1.212540,0.536400,1.036900,1.709800,15.825118,0.500189,1.190223,26.770000,15140.680000,14573.851667,0.000000,0.001885,0.000000,0.000000,0.000000,2.194452,0.112263,0.118976,0.133224,0.020246,1.000000,0.458935,0.017295,0.482768,0.542412,0.550386,0.082776,1.090700,1.535404,0.051858,0.342370,0.048516,0.455676
final-dusk1080,depth-only,3,base,cloud_layer,1079.551813,0.926310,0.411250,0.809300,1.359200,20.995406,0.379552,0.907974,0.000000,0.000000,0.000000,0.000000,0.001503,0.000000,0.000000,0.000000,1.805908,0.288614,0.342524,0.355784,0.003233,1.000000,0.474376,0.016156,0.588588,0.589888,0.077506,0.011920,0.415428,0.718588,0.063784,0.334632,0.071240,0.510380
final-dusk1080,depth-only,3,candidate,underground,908.470396,1.100751,1.028600,1.886500,2.309500,372.446414,0.970835,0.819199,42.000000,22890.000000,22344.000000,0.000000,0.002491,0.000000,0.000000,0.000000,2.081560,0.110349,0.119756,0.301548,0.082150,1.000000,0.027297,0.138283,0.035152,0.070096,0.610413,0.102506,1.166672,1.701440,0.056803,0.516420,0.090584,0.474188
final-dusk1080,depth-only,3,candidate,surface_still,917.983667,1.089344,0.533600,1.068500,1.825500,20.210172,0.475351,1.069620,42.000000,22890.000000,22344.000000,0.000000,0.002441,0.000000,0.000000,0.000000,2.118844,0.114902,0.119288,0.125528,0.022267,1.000000,0.073867,0.039053,0.080912,0.087412,0.719211,0.027180,1.151176,1.634204,0.057144,0.366222,0.050700,0.514332
final-dusk1080,depth-only,3,candidate,overview,1255.746348,0.796339,0.446850,1.032000,1.735400,35.862860,0.445759,0.773761,48.000000,25464.000000,25601.000000,0.000000,0.002059,0.000000,0.000000,0.000000,1.787552,0.000937,0.001092,0.001248,0.000163,0.000000,0.054421,0.041044,0.063024,0.071448,0.663396,0.026198,1.088308,1.614548,0.051136,0.370019,0.051428,0.241488
final-dusk1080,depth-only,3,candidate,sky,991.191447,1.008887,0.408900,0.835000,1.469600,18.306368,0.373541,0.983702,0.000000,0.000000,0.000000,0.000000,0.001884,0.000000,0.000000,0.000000,1.838096,0.327502,0.758264,1.051960,0.008800,1.000000,0.556213,0.011078,0.679016,0.679640,0.035358,0.016692,0.044876,0.045656,0.060815,0.329443,0.052416,0.501800
final-dusk1080,depth-only,3,candidate,translate,1026.750618,0.973946,0.505750,1.076800,1.673000,24.949612,0.495349,0.951489,41.228333,23682.750000,22078.183333,0.000000,0.001812,0.000000,0.000000,0.000000,2.045836,0.125644,0.129740,0.621816,0.014890,1.000000,0.081270,0.036384,0.108784,0.111488,0.609976,0.081710,0.992420,1.349764,0.053823,0.350488,0.051116,0.475384
final-dusk1080,depth-only,3,candidate,rotate,1039.762962,0.961758,0.552100,1.089400,1.884700,28.727446,0.536812,0.943147,41.503333,23165.943333,22304.370000,0.000000,0.002219,0.000000,0.000000,0.000000,2.046928,0.130537,0.148616,0.601952,0.014606,1.000000,0.190866,0.042279,0.248508,0.255736,0.543044,0.117382,0.940056,1.255956,0.053921,0.351509,0.054600,0.509860
final-dusk1080,depth-only,3,candidate,seam_edits,845.934348,1.182125,1.093350,1.874200,2.307100,404.146544,1.087404,1.062771,42.000000,22896.000000,22345.500000,0.000000,0.523703,2.000000,4.000000,167664.000000,2.013128,0.118886,0.186108,0.547092,0.025811,1.000000,0.073954,0.049097,0.081380,0.124800,0.715326,0.631639,1.137864,1.542528,0.052405,0.357471,0.066872,0.491244
final-dusk1080,depth-only,3,candidate,sky_moving,950.313643,1.052284,0.491250,1.277200,1.576500,22.133924,0.502154,1.028445,0.000000,0.000000,0.000000,0.000000,0.002610,0.000000,0.000000,0.000000,1.902992,0.347450,0.728052,1.220856,0.012759,1.000000,0.578535,0.013144,0.600860,0.603148,0.039696,0.035509,0.041236,0.043316,0.058802,0.430093,0.056576,0.501332
final-dusk1080,depth-only,3,candidate,wall_moving,1297.343581,0.770806,0.665900,1.436600,1.847400,295.320644,0.657776,0.726226,26.770000,15140.680000,14573.851667,0.000000,0.002761,0.000000,0.000000,0.000000,1.483664,0.113933,0.137800,0.144612,0.028790,1.000000,0.019148,0.039618,0.028288,0.037544,0.517054,0.116675,0.876980,1.160848,0.055638,0.445633,0.053248,0.500136
final-dusk1080,depth-only,3,candidate,cloud_layer,1072.297899,0.932577,0.422650,1.088900,1.667600,22.881026,0.416333,0.910920,0.000000,0.000000,0.000000,0.000000,0.002072,0.000000,0.000000,0.000000,1.729520,0.339117,0.659204,1.079520,0.009799,1.000000,0.477252,0.011441,0.535496,0.536536,0.035687,0.021032,0.041080,0.043160,0.055038,0.365437,0.052936,0.409552
final-night1080,depth-only,1,base,underground,845.615428,1.182571,1.058050,1.872300,2.380600,144.281406,0.993955,1.143717,42.000000,22890.000000,22344.000000,0.000000,0.002758,0.000000,0.000000,0.000000,1.941732,0.114523,0.122200,0.173316,0.085031,1.000000,0.342710,0.137733,0.365508,0.603928,0.623182,0.098784,0.909688,1.101672,0.051032,0.505608,0.056836,0.076180
final-night1080,depth-only,1,base,surface_still,727.469982,1.374627,0.606550,1.227600,1.669200,13.995840,0.511362,1.324425,42.000000,22890.000000,22344.000000,0.000000,0.002691,0.000000,0.000000,0.000000,1.772732,0.117880,0.120848,0.125424,0.025900,1.000000,0.347478,0.021001,0.359632,0.366964,0.711773,0.022991,0.758264,1.123252,0.047919,0.381374,0.053144,0.060320
final-night1080,depth-only,1,base,overview,1003.512629,0.996500,0.437950,0.871800,1.428200,19.736517,0.407067,0.960835,48.000000,25464.000000,25601.000000,0.000000,0.001882,0.000000,0.000000,0.000000,1.386788,0.000927,0.001092,0.001196,0.000157,0.000000,0.289303,0.016739,0.299988,0.301964,0.621632,0.017691,0.637988,1.031472,0.045054,0.356206,0.048412,0.051844
final-night1080,depth-only,1,base,sky,1110.527467,0.900473,0.391000,0.785000,1.351100,21.362683,0.361424,0.869688,0.000000,0.000000,0.000000,0.000000,0.001479,0.000000,0.000000,0.000000,1.276184,0.281269,0.290628,0.295100,0.003224,1.000000,0.494230,0.015832,0.513604,0.516828,0.044715,0.010555,0.044252,0.356512,0.045746,0.317749,0.046852,0.056316
final-night1080,depth-only,1,base,translate,840.935389,1.189152,0.518400,0.965500,1.479000,15.981610,0.475405,1.149536,41.228333,23682.750000,22078.183333,0.000000,0.001940,0.000000,0.000000,0.000000,1.727752,0.111682,0.116012,0.119652,0.027277,1.000000,0.333554,0.016048,0.348192,0.354536,0.578824,0.077444,0.734188,1.025336,0.046149,0.327896,0.048360,0.055068
final-night1080,depth-only,1,base,rotate,924.516751,1.081646,0.538300,1.069900,1.521200,20.649460,0.512125,1.047900,41.503333,23165.943333,22304.370000,0.000000,0.001844,0.000000,0.000000,0.000000,1.524952,0.115026,0.120692,0.122876,0.034695,1.000000,0.346492,0.016745,0.362908,0.370344,0.514667,0.101868,0.618748,0.958724,0.049541,0.334293,0.049764,0.347308
final-night1080,depth-only,1,base,seam_edits,760.808618,1.314391,1.030050,1.727000,2.314900,46.198374,1.011142,1.282069,42.000000,22896.000000,22345.500000,0.000000,0.435128,2.000000,4.000000,167664.000000,1.713660,0.111937,0.116532,0.122824,0.028522,1.000000,0.334629,0.017968,0.348192,0.363324,0.692227,0.532011,0.759980,1.125124,0.047131,0.361437,0.048724,0.054600
final-night1080,depth-only,1,base,sky_moving,1111.706492,0.899518,0.397750,0.671200,1.148600,21.098330,0.350770,0.864574,0.000000,0.000000,0.000000,0.000000,0.001581,0.000000,0.000000,0.000000,1.225276,0.280579,0.290628,0.294684,0.003069,1.000000,0.490960,0.015919,0.508560,0.516048,0.043793,0.017907,0.043108,0.367224,0.045538,0.300437,0.046696,0.052364
final-night1080,depth-only,1,base,wall_moving,977.914613,1.022584,0.514050,0.948000,1.472300,21.594160,0.484143,0.990891,26.770000,15140.680000,14573.851667,0.000000,0.001725,0.000000,0.000000,0.000000,1.363024,0.112587,0.114296,0.118924,0.020652,1.000000,0.331287,0.016724,0.341432,0.343824,0.487321,0.080306,0.509808,0.844480,0.043590,0.327719,0.046072,0.052728
final-night1080,depth-only,1,base,cloud_layer,1318.674363,0.758337,0.384250,0.839300,1.284300,32.161735,0.388468,0.732921,0.000000,0.000000,0.000000,0.000000,0.001231,0.000000,0.000000,0.000000,1.075412,0.289404,0.309920,0.317148,0.002977,1.000000,0.349769,0.016065,0.359216,0.362128,0.043198,0.012229,0.041860,0.333372,0.046876,0.343068,0.045812,0.372112
final-night1080,depth-only,1,candidate,underground,964.450205,1.036860,0.995600,1.658100,1.903100,486.054292,0.913781,0.747987,42.000000,22890.000000,22344.000000,0.000000,0.002364,0.000000,0.000000,0.000000,1.414348,0.107898,0.165828,0.213200,0.076604,1.000000,0.024923,0.125358,0.034736,0.050804,0.558408,0.092531,0.865332,1.079364,0.046617,0.500258,0.067964,0.092768
final-night1080,depth-only,1,candidate,surface_still,979.011303,1.021439,0.506700,0.997100,1.373900,22.143498,0.461192,0.977031,42.000000,22890.000000,22344.000000,0.000000,0.002040,0.000000,0.000000,0.000000,1.378832,0.111900,0.114192,0.119184,0.021117,1.000000,0.059367,0.034984,0.065364,0.071448,0.666394,0.024931,0.689000,1.048944,0.044181,0.361515,0.049972,0.053820
final-night1080,depth-only,1,candidate,overview,1352.367454,0.739444,0.443300,0.915500,1.956400,42.766417,0.439738,0.711013,48.000000,25464.000000,25601.000000,0.000000,0.001898,0.000000,0.000000,0.000000,1.101048,0.000934,0.001092,0.001248,0.000146,0.000000,0.041766,0.038312,0.046228,0.052104,0.619522,0.024418,0.632788,1.001572,0.044974,0.368909,0.048984,0.053768
final-night1080,depth-only,1,candidate,sky,1107.909458,0.902601,0.394650,0.669900,1.171900,20.720658,0.344048,0.861777,0.000000,0.000000,0.000000,0.000000,0.001743,0.000000,0.000000,0.000000,1.217424,0.287015,0.291616,0.591188,0.007498,1.000000,0.488672,0.009201,0.505544,0.507000,0.035933,0.014553,0.041132,0.045448,0.046405,0.307034,0.048880,0.053664
final-night1080,depth-only,1,candidate,translate,1119.960249,0.892889,0.513550,0.952900,1.573200,30.605343,0.491396,0.865972,41.228333,23682.750000,22078.183333,0.000000,0.001858,0.000000,0.000000,0.000000,1.426724,0.111071,0.116168,0.119600,0.015152,1.000000,0.063863,0.034988,0.086788,0.089960,0.568877,0.081938,0.714012,0.963976,0.044080,0.347291,0.047164,0.049296
final-night1080,depth-only,1,candidate,rotate,1183.885659,0.844676,0.528050,1.011900,1.649000,37.467193,0.512440,0.813691,41.503333,23165.943333,22304.370000,0.000000,0.001843,0.000000,0.000000,0.000000,1.256112,0.114957,0.120172,0.121420,0.013277,1.000000,0.131445,0.042037,0.170300,0.173316,0.498950,0.105470,0.580788,0.895284,0.045662,0.342219,0.049348,0.053456
final-night1080,depth-only,1,candidate,seam_edits,873.716765,1.144536,1.065250,1.732700,2.144500,415.055444,1.057505,0.943333,42.000000,22896.000000,22345.500000,0.000000,0.503751,2.000000,4.000000,167664.000000,1.289340,0.107190,0.115232,0.116480,0.026251,1.000000,0.057463,0.045675,0.062556,0.065728,0.642816,0.608264,0.699972,0.958932,0.043409,0.355184,0.047164,0.049556
final-night1080,depth-only,1,candidate,sky_moving,1116.095926,0.895980,0.417850,0.744400,1.186800,22.237756,0.372515,0.865779,0.000000,0.000000,0.000000,0.000000,0.001636,0.000000,0.000000,0.000000,1.236664,0.291502,0.292084,0.640068,0.008335,1.000000,0.489171,0.009608,0.505284,0.506324,0.036245,0.023456,0.039312,0.040924,0.045130,0.323643,0.047372,0.053560
final-night1080,depth-only,1,candidate,wall_moving,1479.169959,0.676055,0.502900,0.904400,1.340600,77.187394,0.488886,0.655677,26.770000,15140.680000,14573.851667,0.000000,0.001778,0.000000,0.000000,0.000000,1.041664,0.109273,0.112788,0.113880,0.020056,1.000000,0.017512,0.028172,0.018512,0.022100,0.469138,0.088048,0.496236,0.831740,0.043120,0.335097,0.044980,0.050856
final-night1080,depth-only,1,candidate,cloud_layer,1334.535305,0.749324,0.395000,0.820000,1.212000,33.095378,0.385895,0.725205,0.000000,0.000000,0.000000,0.000000,0.001519,0.000000,0.000000,0.000000,1.082380,0.295338,0.313456,0.587132,0.008616,1.000000,0.344507,0.009078,0.350532,0.351468,0.035022,0.017620,0.038428,0.039156,0.046634,0.343678,0.046072,0.362492
final-night1080,depth-only,2,candidate,underground,986.041109,1.014156,0.956750,1.627800,2.130400,423.483576,0.895971,0.751593,42.000000,22890.000000,22344.000000,0.000000,0.002276,0.000000,0.000000,0.000000,1.683448,0.107172,0.114972,0.248872,0.076622,1.000000,0.025649,0.129228,0.033540,0.054184,0.560316,0.094461,0.862732,1.255228,0.048078,0.478103,0.054028,0.099216
final-night1080,depth-only,2,candidate,surface_still,979.204152,1.021238,0.495450,0.867500,1.426700,20.442303,0.421565,0.983113,42.000000,22890.000000,22344.000000,0.000000,0.002086,0.000000,0.000000,0.000000,1.470508,0.111378,0.113984,0.116324,0.018872,1.000000,0.059505,0.036137,0.065364,0.068848,0.670276,0.023097,0.684008,1.110148,0.046411,0.325223,0.049712,0.055588
final-night1080,depth-only,2,candidate,overview,1352.246758,0.739510,0.419100,0.815900,1.254000,36.023531,0.395345,0.713669,48.000000,25464.000000,25601.000000,0.000000,0.001695,0.000000,0.000000,0.000000,1.219400,0.000926,0.001092,0.001196,0.000143,0.000000,0.041711,0.037827,0.045032,0.054080,0.621797,0.022141,0.632320,1.112124,0.045421,0.328642,0.048984,0.052468
final-night1080,depth-only,2,candidate,sky,1118.099856,0.894375,0.387500,0.633900,1.196100,20.613754,0.347046,0.866376,0.000000,0.000000,0.000000,0.000000,0.001324,0.000000,0.000000,0.000000,1.328912,0.288979,0.290992,0.728728,0.007440,1.000000,0.486747,0.011144,0.505128,0.513812,0.037447,0.013769,0.039728,0.044980,0.049499,0.308728,0.047840,0.055224
final-night1080,depth-only,2,candidate,translate,1109.315663,0.901457,0.498050,1.018900,1.918200,30.157528,0.498564,0.872368,41.228333,23682.750000,22078.183333,0.000000,0.001874,0.000000,0.000000,0.000000,1.716208,0.113568,0.116116,0.124280,0.014556,1.000000,0.063890,0.038891,0.086060,0.087204,0.570664,0.082277,0.710580,1.025180,0.045084,0.350976,0.047268,0.052832
final-night1080,depth-only,2,candidate,rotate,1180.950326,0.846776,0.533850,1.042600,1.688700,38.714948,0.519739,0.819661,41.503333,23165.943333,22304.370000,0.000000,0.001888,0.000000,0.000000,0.000000,1.278316,0.115825,0.120380,0.122304,0.014923,1.000000,0.131628,0.042531,0.170352,0.173212,0.500707,0.109548,0.588640,0.903916,0.048801,0.342643,0.049400,0.057772
final-night1080,depth-only,2,candidate,seam_edits,863.127785,1.158577,1.074700,1.741200,2.223400,411.751385,1.067039,0.935101,42.000000,22896.000000,22345.500000,0.000000,0.514352,2.000000,4.000000,167664.000000,1.267916,0.105780,0.114712,0.116584,0.025394,1.000000,0.056886,0.047044,0.061152,0.064168,0.636674,0.619127,0.691548,0.886236,0.043303,0.353714,0.045864,0.051740
final-night1080,depth-only,2,candidate,sky_moving,1114.185024,0.897517,0.408450,0.835200,1.253400,22.494961,0.376588,0.871008,0.000000,0.000000,0.000000,0.000000,0.001819,0.000000,0.000000,0.000000,1.288144,0.294801,0.292032,0.696280,0.008533,1.000000,0.490452,0.011807,0.504660,0.506272,0.037252,0.024279,0.039364,0.040508,0.044801,0.324734,0.047372,0.053404
final-night1080,depth-only,2,candidate,wall_moving,1470.195462,0.680182,0.519600,1.116100,1.852500,107.452936,0.529443,0.660308,26.770000,15140.680000,14573.851667,0.000000,0.001709,0.000000,0.000000,0.000000,1.128972,0.108488,0.112684,0.114400,0.021787,1.000000,0.017536,0.030546,0.018460,0.026572,0.473841,0.091597,0.496288,0.884780,0.044325,0.366306,0.044460,0.060528
final-night1080,depth-only,2,candidate,cloud_layer,1327.825807,0.753111,0.398450,0.928100,1.275800,32.524838,0.373187,0.726498,0.000000,0.000000,0.000000,0.000000,0.001689,0.000000,0.000000,0.000000,1.172652,0.296854,0.312988,0.681044,0.008830,1.000000,0.344496,0.012155,0.350948,0.361660,0.036041,0.017899,0.038428,0.039988,0.045438,0.326585,0.045916,0.054808
final-night1080,depth-only,2,base,underground,844.451475,1.184201,0.969050,1.767000,2.179100,60.208200,0.903538,1.147614,42.000000,22890.000000,22344.000000,0.000000,0.002290,0.000000,0.000000,0.000000,1.974804,0.114834,0.120900,0.201916,0.074920,1.000000,0.344981,0.116496,0.356408,0.607672,0.623150,0.088445,1.011192,1.104116,0.052690,0.475217,0.061932,0.088192
final-night1080,depth-only,2,base,surface_still,757.012204,1.320983,0.530500,1.016500,1.601700,13.406542,0.454737,1.273825,42.000000,22890.000000,22344.000000,0.000000,0.002078,0.000000,0.000000,0.000000,1.751828,0.111252,0.114868,0.117104,0.021045,1.000000,0.333868,0.017945,0.342628,0.347308,0.688241,0.018674,0.712712,1.157312,0.044781,0.349307,0.049764,0.054028
final-night1080,depth-only,2,base,overview,994.509479,1.005521,0.450600,0.854200,1.528300,19.765489,0.422184,0.968076,48.000000,25464.000000,25601.000000,0.000000,0.001767,0.000000,0.000000,0.000000,1.428804,0.000935,0.001092,0.001248,0.000153,0.000000,0.289656,0.017612,0.300664,0.308620,0.627750,0.018117,0.648804,1.074944,0.045727,0.370115,0.048620,0.052624
final-night1080,depth-only,2,base,sky,1103.933499,0.905852,0.389150,0.837700,1.136100,21.319780,0.370251,0.871760,0.000000,0.000000,0.000000,0.000000,0.001404,0.000000,0.000000,0.000000,1.312220,0.281425,0.290836,0.294112,0.002979,1.000000,0.493712,0.015243,0.509912,0.516568,0.046976,0.010318,0.049816,0.405548,0.045894,0.328119,0.047008,0.048880
final-night1080,depth-only,2,base,translate,836.783671,1.195052,0.533850,1.187400,1.657800,17.249419,0.529814,1.149787,41.228333,23682.750000,22078.183333,0.000000,0.002245,0.000000,0.000000,0.000000,1.914640,0.112405,0.115700,0.123656,0.029552,1.000000,0.333424,0.017026,0.353340,0.356356,0.579756,0.082407,0.726700,1.131780,0.044656,0.366608,0.047008,0.052676
final-night1080,depth-only,2,base,rotate,929.718834,1.075594,0.550250,1.040100,1.620900,21.028968,0.514825,1.038486,41.503333,23165.943333,22304.370000,0.000000,0.001847,0.000000,0.000000,0.000000,1.634256,0.115762,0.117988,0.121628,0.033317,1.000000,0.343144,0.017450,0.355680,0.361816,0.513228,0.103557,0.631956,1.040832,0.043971,0.334526,0.048308,0.052208
final-night1080,depth-only,2,base,seam_edits,758.809398,1.317854,1.049800,1.776800,2.260800,50.852457,1.034966,1.283146,42.000000,22896.000000,22345.500000,0.000000,0.455224,2.000000,4.000000,167664.000000,1.769820,0.111141,0.114920,0.117416,0.029752,1.000000,0.332811,0.017550,0.344968,0.349648,0.697576,0.557527,0.901368,1.172080,0.046320,0.354518,0.047632,0.053872
final-night1080,depth-only,2,base,sky_moving,1105.333085,0.904705,0.414150,0.778200,1.320900,22.107989,0.376766,0.870386,0.000000,0.000000,0.000000,0.000000,0.001628,0.000000,0.000000,0.000000,1.326260,0.279971,0.290472,0.291980,0.003240,1.000000,0.489933,0.016096,0.507520,0.514124,0.045656,0.018436,0.047632,0.398580,0.051103,0.324854,0.046644,0.481624
final-night1080,depth-only,2,base,wall_moving,982.017460,1.018312,0.526250,1.017200,1.567400,22.703443,0.498374,0.987424,26.770000,15140.680000,14573.851667,0.000000,0.001872,0.000000,0.000000,0.000000,1.416428,0.110886,0.113932,0.117936,0.021587,1.000000,0.328445,0.017214,0.341744,0.343772,0.485293,0.082275,0.514644,0.899288,0.046739,0.338705,0.045396,0.392964
final-night1080,depth-only,2,base,cloud_layer,1318.070950,0.758685,0.398050,0.795200,1.237800,31.482132,0.373833,0.731315,0.000000,0.000000,0.000000,0.000000,0.001493,0.000000,0.000000,0.000000,1.158456,0.288513,0.311688,0.318136,0.002996,1.000000,0.349031,0.017028,0.362180,0.366444,0.043738,0.011967,0.047580,0.355524,0.046279,0.327848,0.045708,0.350532
final-night1080,depth-only,3,base,underground,855.042019,1.169533,1.041450,1.765700,2.066700,101.509617,0.950182,1.134175,42.000000,22890.000000,22344.000000,0.000000,0.002602,0.000000,0.000000,0.000000,1.956708,0.114026,0.120432,0.201084,0.080506,1.000000,0.340759,0.130031,0.354848,0.608920,0.617616,0.096017,0.943956,1.079676,0.049437,0.484683,0.054288,0.078676
final-night1080,depth-only,3,base,surface_still,754.546046,1.325300,0.518550,0.980700,1.739700,13.191635,0.444739,1.275865,42.000000,22890.000000,22344.000000,0.000000,0.002291,0.000000,0.000000,0.000000,1.759368,0.113203,0.115492,0.122512,0.020055,1.000000,0.334944,0.018961,0.342732,0.347100,0.686122,0.018945,0.706992,1.125020,0.045300,0.334809,0.050440,0.053664
final-night1080,depth-only,3,base,overview,996.579573,1.003432,0.462900,0.931900,1.323600,20.185396,0.427846,0.963171,48.000000,25464.000000,25601.000000,0.000000,0.001920,0.000000,0.000000,0.000000,1.409928,0.000917,0.001092,0.001144,0.000160,0.000000,0.288156,0.017778,0.298792,0.300508,0.625778,0.018673,0.644956,1.061164,0.044228,0.374083,0.048464,0.051168
final-night1080,depth-only,3,base,sky,1108.755417,0.901912,0.406500,0.834900,1.389000,22.101173,0.377854,0.869942,0.000000,0.000000,0.000000,0.000000,0.001517,0.000000,0.000000,0.000000,1.275768,0.280684,0.290420,0.291356,0.003187,1.000000,0.493344,0.016526,0.509184,0.516100,0.044516,0.011537,0.046228,0.405340,0.047625,0.332257,0.047268,0.378508
final-night1080,depth-only,3,base,translate,839.365457,1.191376,0.528550,0.990900,1.473100,16.405514,0.489289,1.151235,41.228333,23682.750000,22078.183333,0.000000,0.002267,0.000000,0.000000,0.000000,1.871272,0.111499,0.116272,0.122876,0.028186,1.000000,0.333713,0.017274,0.350792,0.356720,0.583486,0.080422,0.736268,1.049152,0.043482,0.336333,0.047424,0.049660
final-night1080,depth-only,3,base,rotate,926.357511,1.079497,0.556550,1.130000,1.708800,22.599951,0.555721,1.041052,41.503333,23165.943333,22304.370000,0.000000,0.002037,0.000000,0.000000,0.000000,1.586208,0.114377,0.119548,0.122096,0.034366,1.000000,0.343423,0.017515,0.360568,0.362804,0.514488,0.105599,0.616720,1.046448,0.046300,0.371317,0.049348,0.051532
final-night1080,depth-only,3,base,seam_edits,759.009922,1.317506,1.019300,1.774700,2.389200,46.412578,1.014693,1.285075,42.000000,22896.000000,22345.500000,0.000000,0.438312,2.000000,4.000000,167664.000000,1.812772,0.113184,0.115648,0.118300,0.028648,1.000000,0.333544,0.019126,0.347308,0.351156,0.696017,0.536547,0.745992,1.212120,0.045826,0.359173,0.048204,0.054600
final-night1080,depth-only,3,base,sky_moving,1104.496812,0.905390,0.413450,0.795600,1.267800,21.748681,0.374535,0.872778,0.000000,0.000000,0.000000,0.000000,0.001588,0.000000,0.000000,0.000000,1.267812,0.281623,0.291720,0.293956,0.003258,1.000000,0.493055,0.015070,0.509652,0.516568,0.044773,0.018658,0.047164,0.357708,0.049569,0.323156,0.047372,0.429052
final-night1080,depth-only,3,base,wall_moving,964.855927,1.036424,0.507650,0.926500,1.457700,20.565235,0.470956,1.005272,26.770000,15140.680000,14573.851667,0.000000,0.001767,0.000000,0.000000,0.000000,1.470248,0.113346,0.117676,0.118976,0.019732,1.000000,0.333992,0.016963,0.347880,0.354536,0.496671,0.078127,0.527228,0.954096,0.044893,0.318955,0.046956,0.052364
final-night1080,depth-only,3,base,cloud_layer,1321.967643,0.756448,0.390600,0.850600,1.376700,32.403777,0.384482,0.729681,0.000000,0.000000,0.000000,0.000000,0.001623,0.000000,0.000000,0.000000,1.152840,0.288162,0.308256,0.316732,0.003372,1.000000,0.347496,0.017058,0.359788,0.361348,0.043817,0.013087,0.044720,0.405652,0.046393,0.336383,0.046176,0.334360
final-night1080,depth-only,3,candidate,underground,972.831728,1.027927,0.987200,1.629500,2.037400,460.889671,0.903419,0.762010,42.000000,22890.000000,22344.000000,0.000000,0.002463,0.000000,0.000000,0.000000,1.716676,0.108990,0.122408,0.249548,0.073471,1.000000,0.026638,0.126323,0.036244,0.051428,0.566977,0.097532,0.963092,1.290536,0.048790,0.488075,0.056888,0.103064
final-night1080,depth-only,3,candidate,surface_still,976.452681,1.024115,0.513050,1.010800,1.535100,21.835086,0.453834,0.986031,42.000000,22890.000000,22344.000000,0.000000,0.002324,0.000000,0.000000,0.000000,1.469000,0.110546,0.115440,0.121264,0.020705,1.000000,0.060014,0.035235,0.066976,0.072852,0.673050,0.025715,0.702936,1.132248,0.046654,0.353048,0.051012,0.056836
final-night1080,depth-only,3,candidate,overview,1281.481461,0.780347,0.452250,1.023600,1.666800,38.897137,0.455550,0.739395,48.000000,25464.000000,25601.000000,0.000000,0.002171,0.000000,0.000000,0.000000,1.400256,0.000965,0.001144,0.001716,0.000156,0.000000,0.044665,0.041177,0.051480,0.067184,0.641514,0.027606,0.646360,1.287156,0.048319,0.378490,0.051636,0.062192
final-night1080,depth-only,3,candidate,sky,1038.087428,0.963310,0.474850,1.136600,1.628700,24.008047,0.459548,0.935809,0.000000,0.000000,0.000000,0.000000,0.002052,0.000000,0.000000,0.000000,1.958268,0.331242,0.696280,1.358084,0.010797,1.000000,0.493796,0.010824,0.522964,0.525824,0.037877,0.021965,0.040404,0.041652,0.069049,0.406290,0.060684,0.612612
final-night1080,depth-only,3,candidate,translate,1071.989643,0.932845,0.529850,1.112800,1.703000,29.843248,0.517046,0.913493,41.228333,23682.750000,22078.183333,0.000000,0.001966,0.000000,0.000000,0.000000,1.990456,0.118686,0.119548,0.550992,0.015119,1.000000,0.063787,0.036736,0.084916,0.087828,0.600443,0.084060,1.013532,1.407120,0.052949,0.367995,0.047892,0.496444
final-night1080,depth-only,3,candidate,rotate,1146.559767,0.872174,0.551500,1.038500,1.586000,35.827398,0.523144,0.850983,41.503333,23165.943333,22304.370000,0.000000,0.001956,0.000000,0.000000,0.000000,1.731392,0.120918,0.116896,0.536328,0.013982,1.000000,0.129715,0.039824,0.166816,0.173784,0.521408,0.109385,0.841776,1.311232,0.055844,0.349489,0.050492,0.550160
final-night1080,depth-only,3,candidate,seam_edits,846.953761,1.180702,1.098350,1.776700,2.153800,383.815768,1.088318,1.003065,42.000000,22896.000000,22345.500000,0.000000,0.520432,2.000000,4.000000,167664.000000,1.857440,0.118206,0.150020,0.518596,0.026366,1.000000,0.058289,0.046702,0.071760,0.084864,0.678901,0.630470,1.048684,1.350804,0.048478,0.362051,0.055380,0.341484
final-night1080,depth-only,3,candidate,sky_moving,1085.589898,0.921158,0.414700,0.854800,1.338700,21.900816,0.384929,0.897567,0.000000,0.000000,0.000000,0.000000,0.001924,0.000000,0.000000,0.000000,1.780428,0.314564,0.646256,1.010932,0.008776,1.000000,0.482226,0.009549,0.503256,0.620776,0.039405,0.024345,0.043420,0.050024,0.057618,0.334908,0.052572,0.504556
final-night1080,depth-only,3,candidate,wall_moving,1408.092731,0.710181,0.522900,1.106000,1.694100,89.466378,0.535161,0.695517,26.770000,15140.680000,14573.851667,0.000000,0.001831,0.000000,0.000000,0.000000,1.649648,0.109094,0.144508,0.152620,0.023751,1.000000,0.018774,0.028670,0.026052,0.035984,0.499003,0.092134,0.882076,1.188044,0.049808,0.370921,0.054860,0.441636
final-night1080,depth-only,3,candidate,cloud_layer,1285.893300,0.777670,0.414650,0.825500,1.434000,31.952608,0.401949,0.757399,0.000000,0.000000,0.000000,0.000000,0.001409,0.000000,0.000000,0.000000,1.583296,0.312272,0.527540,0.894868,0.008966,1.000000,0.341006,0.009312,0.408876,0.427440,0.035055,0.018626,0.043888,0.045812,0.065379,0.357490,0.232128,0.666952
final-night1080-overview-repeat,depth-only,1,base,overview,894.908908,1.117432,1.030600,1.916200,2.355900,398.838052,0.971731,1.073036,48.000000,25464.000000,25601.000000,0.000000,0.002636,0.000000,0.000000,0.000000,3.532152,0.000921,0.001196,0.002392,0.000233,0.000000,0.293002,0.140862,0.303368,0.941720,0.716278,0.099833,1.167816,2.273908,0.056798,0.653418,0.059852,0.164580
final-night1080-overview-repeat,depth-only,1,candidate,overview,981.504047,1.018844,0.960350,1.617900,2.075200,435.701370,0.893478,0.728787,48.000000,25464.000000,25601.000000,0.000000,0.002314,0.000000,0.000000,0.000000,1.613560,0.000885,0.001196,0.001612,0.000173,0.000000,0.051752,0.131610,0.076544,0.100204,0.618494,0.096922,1.022424,1.456000,0.053381,0.606897,0.074932,0.424788
final-night1080-overview-repeat,depth-only,2,candidate,overview,971.719088,1.029104,0.952000,1.697300,2.259900,334.144562,0.886496,0.839318,48.000000,25464.000000,25601.000000,0.000000,0.002454,0.000000,0.000000,0.000000,3.141320,0.000974,0.001976,0.002808,0.000196,0.000000,0.054026,0.133567,0.139048,0.175656,0.720337,0.094610,1.979848,2.736344,0.059144,0.605217,0.140088,0.401752
final-night1080-overview-repeat,depth-only,2,base,overview,856.148990,1.168021,1.081250,2.002100,2.623900,305.949182,1.010454,1.088179,48.000000,25464.000000,25601.000000,0.000000,0.002688,0.000000,0.000000,0.000000,3.118648,0.000944,0.001196,0.002340,0.000288,0.000000,0.296977,0.140223,0.321464,0.939484,0.731327,0.108692,1.404832,2.014636,0.053232,0.681190,0.060476,0.147420
final-night1080-overview-repeat,depth-only,3,base,overview,888.601640,1.125364,1.091300,1.803500,2.281400,363.066459,0.985914,1.052080,48.000000,25464.000000,25601.000000,0.000000,0.002331,0.000000,0.000000,0.000000,3.082924,0.000917,0.001092,0.002288,0.000256,0.000000,0.289113,0.138356,0.296660,0.479284,0.705235,0.102562,1.110512,1.985620,0.051530,0.666411,0.055068,0.137072
final-night1080-overview-repeat,depth-only,3,candidate,overview,946.341640,1.056701,0.997500,1.685700,2.227100,408.324373,0.925320,0.764391,48.000000,25464.000000,25601.000000,0.000000,0.002478,0.000000,0.000000,0.000000,3.084172,0.000936,0.001248,0.003120,0.000340,0.000000,0.051210,0.137131,0.062972,0.191204,0.653799,0.100287,1.020136,2.685644,0.053755,0.627694,0.072280,0.209092
final-night1080-overview-repeat,depth-only,4,candidate,overview,939.061042,1.064893,1.000800,1.731200,2.128400,424.136176,0.932632,0.766645,48.000000,25464.000000,25601.000000,0.000000,0.002407,0.000000,0.000000,0.000000,2.687412,0.000938,0.001144,0.002704,0.000198,0.000000,0.051948,0.137791,0.059280,0.184080,0.651498,0.101879,1.033344,2.298660,0.057741,0.635357,0.056108,0.403884
final-night1080-overview-repeat,depth-only,4,base,overview,887.966982,1.126168,1.054200,1.902800,2.492300,378.773531,0.979823,1.066908,48.000000,25464.000000,25601.000000,0.000000,0.002657,0.000000,0.000000,0.000000,3.135392,0.000934,0.001144,0.002392,0.000265,0.000000,0.292183,0.142329,0.295516,0.942864,0.716562,0.101710,1.131624,2.035904,0.051753,0.654069,0.054496,0.141180
final-night1080-overview-repeat,depth-only,5,base,overview,908.707462,1.100464,1.022500,1.858700,2.504700,317.362926,0.953050,1.072217,48.000000,25464.000000,25601.000000,0.000000,0.002374,0.000000,0.000000,0.000000,3.152032,0.000935,0.001144,0.002340,0.000228,0.000000,0.297036,0.136709,0.297284,0.945620,0.715158,0.095839,1.342276,2.032524,0.053900,0.644653,0.055120,0.154544
final-night1080-overview-repeat,depth-only,5,candidate,overview,1014.366301,0.985837,0.881500,1.714300,2.271600,391.811147,0.842495,0.824640,48.000000,25464.000000,25601.000000,0.000000,0.002720,0.000000,0.000000,0.000000,2.999620,0.000972,0.001716,0.002704,0.000226,0.000000,0.053979,0.123466,0.089180,0.164788,0.707983,0.093444,1.452776,2.691520,0.056887,0.568576,0.137488,0.179348
final-night1080-translate-repeat,depth-only,1,base,translate,735.388294,1.359826,0.978200,1.763800,2.255100,30.314835,0.864368,1.333845,41.228333,23682.750000,22078.183333,0.000000,0.002655,0.000000,0.000000,0.000000,4.303416,0.121952,0.273364,0.379236,0.090483,1.000000,0.360595,0.096748,0.719212,1.127256,0.704566,0.136283,1.636388,2.331160,0.060500,0.452574,0.120172,0.418288
final-night1080-translate-repeat,depth-only,1,candidate,translate,929.730504,1.075580,1.005050,1.686900,2.386800,377.705314,0.939154,0.967686,41.228333,23682.750000,22078.183333,0.000000,0.002384,0.000000,0.000000,0.000000,2.989220,0.120949,0.125268,0.456976,0.106438,1.000000,0.069751,0.122679,0.093704,0.189228,0.636575,0.157575,1.078272,2.036216,0.057053,0.481141,0.103740,0.411788
final-night1080-translate-repeat,depth-only,2,candidate,translate,988.296429,1.011842,0.938600,1.566400,2.230300,371.353770,0.876760,0.969985,41.228333,23682.750000,22078.183333,0.000000,0.002244,0.000000,0.000000,0.000000,2.983656,0.125083,0.140764,0.463476,0.095636,1.000000,0.069889,0.108806,0.092820,0.186732,0.629857,0.149696,1.093508,2.024360,0.059314,0.455113,0.104312,0.442572
final-night1080-translate-repeat,depth-only,2,base,translate,759.012611,1.317501,0.956050,1.760300,2.285900,32.981512,0.867454,1.296813,41.228333,23682.750000,22078.183333,0.000000,0.002638,0.000000,0.000000,0.000000,4.282876,0.119603,0.121368,0.379132,0.089826,1.000000,0.345924,0.096706,0.354744,1.131832,0.689712,0.138139,1.311648,2.290444,0.058464,0.450510,0.066716,0.401596
final-night1080-translate-repeat,depth-only,3,base,translate,776.295155,1.288170,0.920100,1.676700,2.250700,33.704570,0.858880,1.262428,41.228333,23682.750000,22078.183333,0.000000,0.002730,0.000000,0.000000,0.000000,3.424096,0.120695,0.125684,0.417404,0.087541,1.000000,0.340559,0.096209,0.348920,0.911352,0.658036,0.142866,1.218308,1.831752,0.061855,0.445495,0.069992,0.430820
final-night1080-translate-repeat,depth-only,3,candidate,translate,964.320154,1.037000,0.952250,1.691400,2.143800,384.891717,0.897119,0.955091,41.228333,23682.750000,22078.183333,0.000000,0.002480,0.000000,0.000000,0.000000,3.277768,0.118843,0.144196,0.476476,0.102434,1.000000,0.068399,0.119800,0.090376,0.190164,0.625287,0.155178,1.031056,2.223416,0.057479,0.451894,0.059384,0.429104
final-night1080-translate-repeat,depth-only,4,candidate,translate,951.620411,1.050839,0.983000,1.739100,2.251900,410.205923,0.913879,0.964404,41.228333,23682.750000,22078.183333,0.000000,0.002653,0.000000,0.000000,0.000000,2.992028,0.120449,0.156676,0.457652,0.104706,1.000000,0.070246,0.118103,0.092456,0.204620,0.628384,0.153893,1.136512,2.140476,0.061866,0.467750,0.080132,0.537732
final-night1080-translate-repeat,depth-only,4,base,translate,747.798481,1.337259,0.960650,1.653200,2.365100,30.473296,0.858145,1.314152,41.228333,23682.750000,22078.183333,0.000000,0.002600,0.000000,0.000000,0.000000,3.812640,0.121073,0.179036,0.341276,0.091029,1.000000,0.351580,0.095859,0.371488,1.003912,0.690103,0.135404,1.388816,2.029508,0.065690,0.447204,0.121628,0.424320
final-night1080-translate-repeat,depth-only,5,base,translate,789.881824,1.266012,0.953800,1.708900,2.264700,41.713159,0.897442,1.247590,41.228333,23682.750000,22078.183333,0.000000,0.002455,0.000000,0.000000,0.000000,2.383992,0.115348,0.120848,0.172068,0.094215,1.000000,0.333587,0.105545,0.354120,0.505856,0.665531,0.143811,1.081392,1.517100,0.053525,0.462549,0.058396,0.419432
final-night1080-translate-repeat,depth-only,5,candidate,translate,865.013117,1.156052,1.071300,1.887400,2.597400,359.643234,1.018627,0.945371,41.228333,23682.750000,22078.183333,0.000000,0.002424,0.000000,0.000000,0.000000,3.340948,0.119340,0.118040,0.458900,0.122599,1.000000,0.068366,0.137427,0.088556,0.207740,0.616585,0.167819,0.966056,2.276508,0.057618,0.509688,0.053560,0.512096
final-night1080-wall_moving-repeat,depth-only,1,base,wall_moving,868.658539,1.151200,1.069800,1.914000,2.709100,238.309906,1.001295,1.120191,26.770000,15140.680000,14573.851667,0.000000,0.002276,0.000000,0.000000,0.000000,3.342820,0.116507,0.133120,0.382876,0.077414,1.000000,0.344792,0.125955,0.394940,1.133808,0.578732,0.156865,1.036724,1.644500,0.060035,0.502404,0.125788,0.426140
final-night1080-wall_moving-repeat,depth-only,1,candidate,wall_moving,882.182602,1.133552,1.026950,1.897000,2.471200,363.971659,1.001638,0.768000,26.770000,15140.680000,14573.851667,0.000000,0.002156,0.000000,0.000000,0.000000,2.587052,0.119390,0.146120,0.437892,0.081766,1.000000,0.023519,0.118025,0.027612,0.081016,0.540776,0.166392,0.977600,1.842152,0.062700,0.510367,0.157768,0.477828
final-night1080-wall_moving-repeat,depth-only,2,candidate,wall_moving,910.349674,1.098479,1.036800,1.697900,2.352000,389.995320,0.974025,0.743572,26.770000,15140.680000,14573.851667,0.000000,0.002267,0.000000,0.000000,0.000000,2.577848,0.116703,0.153088,0.435448,0.080288,1.000000,0.022111,0.116376,0.027092,0.075296,0.525934,0.164324,0.865540,1.834872,0.058955,0.488276,0.067548,0.388752
final-night1080-wall_moving-repeat,depth-only,2,base,wall_moving,841.490060,1.188368,1.107400,1.965500,2.467200,377.237490,1.046288,1.103062,26.770000,15140.680000,14573.851667,0.000000,0.002504,0.000000,0.000000,0.000000,2.975752,0.115433,0.124644,0.340704,0.085987,1.000000,0.339445,0.130102,0.368628,1.007396,0.573323,0.168662,1.137604,1.460316,0.055787,0.517050,0.064688,0.388700
final-night1080-wall_moving-repeat,depth-only,3,base,wall_moving,833.869442,1.199229,1.125550,1.937000,2.470400,317.546004,1.049285,1.103590,26.770000,15140.680000,14573.851667,0.000000,0.002391,0.000000,0.000000,0.000000,3.332368,0.115407,0.116948,0.383604,0.086267,1.000000,0.338933,0.140954,0.341536,1.136512,0.575148,0.164782,1.008332,1.630460,0.055106,0.512577,0.056264,0.381264
final-night1080-wall_moving-repeat,depth-only,3,candidate,wall_moving,877.472003,1.139637,1.068500,1.864600,2.279900,391.598898,1.013895,0.742553,26.770000,15140.680000,14573.851667,0.000000,0.002360,0.000000,0.000000,0.000000,1.795196,0.115562,0.217256,0.277888,0.078052,1.000000,0.023009,0.122713,0.033956,0.053508,0.523004,0.172410,0.915616,1.377844,0.061521,0.507697,0.104104,0.513604
final-night1080-wall_moving-repeat,depth-only,4,candidate,wall_moving,877.279043,1.139888,1.056850,1.850900,2.271000,391.317959,1.007473,0.813274,26.770000,15140.680000,14573.851667,0.000000,0.002423,0.000000,0.000000,0.000000,2.576912,0.129082,0.180388,0.434876,0.078290,1.000000,0.025753,0.119197,0.033436,0.076076,0.573928,0.173258,0.995124,1.846832,0.063268,0.508562,0.080964,0.454220
final-night1080-wall_moving-repeat,depth-only,4,base,wall_moving,645.422860,1.549372,1.444050,2.585700,3.278700,276.105804,1.356422,1.158373,26.770000,15140.680000,14573.851667,0.000000,0.004201,0.000000,0.000000,0.000000,3.562156,0.118389,0.125996,0.381628,0.108864,1.000000,0.352145,0.165636,0.371592,1.134276,0.600452,0.213762,1.211392,1.756612,0.066595,0.677035,0.129792,0.616876
final-night1080-wall_moving-repeat,depth-only,5,base,wall_moving,840.172807,1.190231,1.118750,1.913600,2.447000,348.948792,1.051183,1.087404,26.770000,15140.680000,14573.851667,0.000000,0.002303,0.000000,0.000000,0.000000,3.353324,0.113847,0.114920,0.381628,0.086161,1.000000,0.335536,0.132923,0.338988,1.134120,0.560551,0.163273,0.947440,1.627912,0.058652,0.524103,0.053924,0.418288
final-night1080-wall_moving-repeat,depth-only,5,candidate,wall_moving,902.699115,1.107789,1.023900,1.819700,2.327300,358.542882,0.982750,0.764806,26.770000,15140.680000,14573.851667,0.000000,0.002324,0.000000,0.000000,0.000000,2.580760,0.119559,0.124124,0.435812,0.078135,1.000000,0.022665,0.110830,0.029484,0.075140,0.544375,0.169508,0.898300,1.838772,0.055398,0.491921,0.079352,0.379964
final-night720,depth-only,1,base,underground,920.587372,1.086263,0.996500,1.886400,2.468400,357.076968,0.957839,0.567694,42.000000,22890.000000,22344.000000,0.000000,0.002312,0.000000,0.000000,0.000000,1.492296,0.054674,0.110396,0.145860,0.078553,1.000000,0.157998,0.118818,0.320112,0.422188,0.299366,0.092836,0.594256,0.788840,0.046358,0.515169,0.084240,0.119080
final-night720,depth-only,1,base,surface_still,1635.832586,0.611310,0.448650,0.933800,1.728400,91.775395,0.438703,0.590903,42.000000,22890.000000,22344.000000,0.000000,0.001654,0.000000,0.000000,0.000000,0.949000,0.050684,0.054496,0.058344,0.019885,1.000000,0.143728,0.014229,0.157300,0.166816,0.313978,0.015990,0.344552,0.639600,0.040258,0.344913,0.045864,0.047944
final-night720,depth-only,1,base,overview,2063.833688,0.484535,0.389850,0.706800,1.375800,168.227915,0.378329,0.463533,48.000000,25464.000000,25601.000000,0.000000,0.001243,0.000000,0.000000,0.000000,0.804336,0.000858,0.000988,0.001092,0.000134,0.000000,0.123438,0.012666,0.128700,0.135824,0.295786,0.013960,0.303836,0.604656,0.039728,0.338488,0.043264,0.046384
final-night720,depth-only,1,base,sky,2381.171600,0.419961,0.369300,0.676700,0.938200,419.574551,0.346671,0.399256,0.000000,0.000000,0.000000,0.000000,0.001091,0.000000,0.000000,0.000000,0.698152,0.117102,0.122512,0.124020,0.003525,1.000000,0.206212,0.012529,0.215280,0.223080,0.030695,0.009653,0.030732,0.034112,0.041667,0.308634,0.041860,0.214188
final-night720,depth-only,1,base,translate,1779.337796,0.562007,0.458100,0.902500,1.339300,170.308912,0.453064,0.542669,41.228333,23682.750000,22078.183333,0.000000,0.001338,0.000000,0.000000,0.000000,0.853996,0.049694,0.051636,0.054132,0.023174,1.000000,0.143741,0.012201,0.151060,0.158288,0.273408,0.069530,0.347152,0.593684,0.040197,0.324047,0.043056,0.046488
final-night720,depth-only,1,base,rotate,1771.697313,0.564431,0.497000,0.925100,1.384100,486.681159,0.497021,0.483977,41.503333,23165.943333,22304.370000,0.000000,0.001516,0.000000,0.000000,0.000000,0.762840,0.049488,0.052780,0.054860,0.028402,1.000000,0.145038,0.015125,0.154700,0.161148,0.236850,0.100636,0.297544,0.338988,0.041223,0.331080,0.043888,0.047528
final-night720,depth-only,1,base,seam_edits,1007.635357,0.992422,0.902850,1.473700,1.829700,400.029335,0.915320,0.630015,42.000000,22896.000000,22345.500000,0.000000,0.393087,2.000000,4.000000,167664.000000,0.695604,0.052552,0.053456,0.056212,0.024274,1.000000,0.155540,0.013472,0.157456,0.162968,0.334525,0.480236,0.343928,0.371904,0.042975,0.346644,0.045760,0.048984
final-night720,depth-only,1,base,sky_moving,2125.302147,0.470521,0.403850,0.816600,1.078300,665.882405,0.397903,0.403998,0.000000,0.000000,0.000000,0.000000,0.001357,0.000000,0.000000,0.000000,0.674596,0.118983,0.132808,0.139152,0.003524,1.000000,0.208699,0.015267,0.230412,0.246376,0.031862,0.020006,0.032396,0.043108,0.040789,0.343227,0.044304,0.049140
final-night720,depth-only,1,base,wall_moving,1739.649304,0.574829,0.508650,0.988100,1.408600,584.692744,0.500741,0.463689,26.816667,15183.423333,14600.740000,0.000000,0.001476,0.000000,0.000000,0.000000,0.507780,0.049028,0.049972,0.051324,0.021174,1.000000,0.142125,0.015088,0.147212,0.152152,0.223044,0.080803,0.237016,0.247416,0.039567,0.347542,0.042120,0.045916
final-night720,depth-only,1,base,cloud_layer,2200.028820,0.454540,0.393450,0.777600,0.984100,835.259070,0.388034,0.344433,0.000000,0.000000,0.000000,0.000000,0.001168,0.000000,0.000000,0.000000,0.389272,0.121059,0.129688,0.136344,0.003477,1.000000,0.150429,0.015785,0.154388,0.168324,0.029191,0.012575,0.031616,0.034996,0.040113,0.341379,0.041756,0.045968
final-night720,depth-only,1,candidate,underground,1036.616222,0.964677,0.914150,1.571100,1.990100,465.506005,0.854524,0.573643,42.000000,22890.000000,22344.000000,0.000000,0.002007,0.000000,0.000000,0.000000,0.705016,0.077485,0.089336,0.093028,0.070289,1.000000,0.019300,0.116463,0.023400,0.026156,0.402272,0.091511,0.486876,0.500188,0.063303,0.464517,0.070252,0.076804
final-night720,depth-only,1,candidate,surface_still,1584.309840,0.631190,0.444800,0.823800,1.214900,67.534105,0.402881,0.603755,42.000000,22890.000000,22344.000000,0.000000,0.001635,0.000000,0.000000,0.000000,1.078896,0.063060,0.077272,0.078572,0.018380,1.000000,0.032069,0.032701,0.041080,0.041912,0.402322,0.020210,0.486252,0.818480,0.052206,0.315733,0.063856,0.066820
final-night720,depth-only,1,candidate,overview,2287.202492,0.437215,0.403500,0.650800,1.067800,804.850566,0.372095,0.339189,48.000000,25464.000000,25601.000000,0.000000,0.001349,0.000000,0.000000,0.000000,0.411008,0.000896,0.001040,0.001144,0.000131,0.000000,0.017848,0.033985,0.019344,0.020124,0.275298,0.018860,0.303368,0.340184,0.041345,0.312648,0.045032,0.046696
final-night720,depth-only,1,candidate,sky,2360.673075,0.423608,0.382250,0.707500,1.031200,733.424604,0.361469,0.396430,0.000000,0.000000,0.000000,0.000000,0.001102,0.000000,0.000000,0.000000,0.440856,0.120058,0.123708,0.130104,0.008005,1.000000,0.205214,0.009497,0.213616,0.218868,0.027426,0.014534,0.029328,0.031408,0.040078,0.321529,0.042536,0.044564
final-night720,depth-only,1,candidate,translate,1996.642978,0.500841,0.459050,0.782600,1.215700,661.295478,0.441604,0.418683,41.228333,23682.750000,22078.183333,0.000000,0.001080,0.000000,0.000000,0.000000,0.714688,0.049306,0.052780,0.054704,0.012505,1.000000,0.028158,0.030793,0.036608,0.037024,0.264177,0.071513,0.348088,0.375232,0.040344,0.316181,0.043368,0.045500
final-night720,depth-only,1,candidate,rotate,1878.538109,0.532329,0.488100,0.747300,1.279600,679.447835,0.468851,0.375204,41.503333,23165.943333,22304.370000,0.000000,0.001264,0.000000,0.000000,0.000000,0.451308,0.048503,0.049140,0.050336,0.011842,1.000000,0.053652,0.033835,0.066560,0.068068,0.221437,0.099716,0.281892,0.293176,0.040141,0.313699,0.041808,0.044252
final-night720,depth-only,1,candidate,seam_edits,925.307341,1.080722,1.003600,1.584300,1.927300,481.309161,1.002897,0.472514,42.000000,22896.000000,22345.500000,0.000000,0.483997,2.000000,4.000000,167664.000000,0.503724,0.050625,0.052416,0.052728,0.023081,1.000000,0.026202,0.040218,0.027300,0.028080,0.310437,0.581377,0.322660,0.333788,0.041623,0.337851,0.043784,0.046904
final-night720,depth-only,1,candidate,sky_moving,2196.440887,0.455282,0.376350,0.621400,1.231500,217.106549,0.358491,0.439257,0.000000,0.000000,0.000000,0.000000,0.001238,0.000000,0.000000,0.000000,0.781924,0.135020,0.133900,0.378716,0.007744,1.000000,0.224359,0.009336,0.228124,0.236392,0.030241,0.021484,0.031824,0.033228,0.045907,0.312566,0.045292,0.053508
final-night720,depth-only,1,candidate,wall_moving,1865.409464,0.536075,0.479050,0.868000,1.267300,569.178959,0.471794,0.362188,26.816667,15183.423333,14600.740000,0.000000,0.001218,0.000000,0.000000,0.000000,0.384436,0.055848,0.056888,0.058812,0.018967,1.000000,0.008993,0.024010,0.009412,0.009620,0.241522,0.079388,0.261924,0.263588,0.044181,0.332821,0.045812,0.048828
final-night720,depth-only,1,candidate,cloud_layer,2410.631851,0.414829,0.369250,0.684300,1.080400,711.448390,0.349770,0.331797,0.000000,0.000000,0.000000,0.000000,0.001214,0.000000,0.000000,0.000000,0.362804,0.121695,0.129220,0.131508,0.007982,1.000000,0.144612,0.009370,0.153192,0.157716,0.021897,0.015565,0.029536,0.030264,0.039926,0.308227,0.042484,0.044356
final-night720,depth-only,2,candidate,underground,1039.383272,0.962109,0.904800,1.640900,2.069000,452.434095,0.853513,0.412875,42.000000,22890.000000,22344.000000,0.000000,0.001916,0.000000,0.000000,0.000000,0.756236,0.054848,0.085072,0.099476,0.071946,1.000000,0.014275,0.124422,0.020280,0.026624,0.287252,0.086389,0.488644,0.537940,0.047608,0.464615,0.071760,0.084032
final-night720,depth-only,2,candidate,surface_still,2019.742308,0.495113,0.413750,0.814700,1.266300,226.753942,0.406913,0.468851,42.000000,22890.000000,22344.000000,0.000000,0.001312,0.000000,0.000000,0.000000,0.784888,0.049840,0.050752,0.053768,0.018092,1.000000,0.024864,0.033919,0.026364,0.028080,0.311293,0.019844,0.316992,0.603668,0.040392,0.319513,0.042328,0.047476
final-night720,depth-only,2,candidate,overview,2346.688861,0.426132,0.388750,0.713900,0.980200,865.950814,0.361885,0.341698,48.000000,25464.000000,25601.000000,0.000000,0.001162,0.000000,0.000000,0.000000,0.368264,0.000890,0.001092,0.001144,0.000136,0.000000,0.017492,0.035925,0.018616,0.019240,0.278817,0.018543,0.294216,0.305812,0.040712,0.300864,0.043732,0.045396
final-night720,depth-only,2,candidate,sky,2339.003468,0.427532,0.360800,0.761100,1.194600,409.240654,0.360104,0.405366,0.000000,0.000000,0.000000,0.000000,0.001134,0.000000,0.000000,0.000000,0.698620,0.123532,0.127244,0.133224,0.007959,1.000000,0.208374,0.011936,0.218660,0.221000,0.027463,0.014713,0.030108,0.030628,0.042331,0.318117,0.042276,0.049608
final-night720,depth-only,2,candidate,translate,1926.118585,0.519179,0.454700,0.914500,1.321200,621.188748,0.454665,0.449330,41.228333,23682.750000,22078.183333,0.000000,0.001230,0.000000,0.000000,0.000000,0.753324,0.053021,0.054028,0.054444,0.013244,1.000000,0.030023,0.034335,0.038896,0.039260,0.284312,0.076139,0.380328,0.390728,0.042462,0.320300,0.044616,0.047632
final-night720,depth-only,2,candidate,rotate,1847.594401,0.541244,0.479200,0.915800,1.255400,534.173767,0.478307,0.400270,41.503333,23165.943333,22304.370000,0.000000,0.001244,0.000000,0.000000,0.000000,0.479648,0.051807,0.052676,0.053924,0.012466,1.000000,0.057077,0.037860,0.071136,0.072748,0.236411,0.099398,0.303628,0.314080,0.042325,0.319266,0.045136,0.047996
final-night720,depth-only,2,candidate,seam_edits,939.862138,1.063986,0.991850,1.520800,1.926900,338.476293,0.983623,0.525990,42.000000,22896.000000,22345.500000,0.000000,0.479839,2.000000,4.000000,167664.000000,0.554372,0.057012,0.058604,0.060008,0.022393,1.000000,0.028916,0.041634,0.030160,0.030576,0.345071,0.575585,0.359372,0.364884,0.046668,0.325089,0.048828,0.051532
final-night720,depth-only,2,candidate,sky_moving,2035.912824,0.491180,0.381700,0.647300,1.219800,118.699528,0.353327,0.474248,0.000000,0.000000,0.000000,0.000000,0.001175,0.000000,0.000000,0.000000,0.812968,0.147730,0.145860,0.459368,0.007427,1.000000,0.241864,0.012114,0.248612,0.249756,0.032795,0.021200,0.038480,0.040924,0.047820,0.306812,0.051064,0.054496
final-night720,depth-only,2,candidate,wall_moving,1868.285848,0.535250,0.467850,0.924700,1.479500,620.276850,0.468929,0.335959,26.816667,15183.423333,14600.740000,0.000000,0.001228,0.000000,0.000000,0.000000,0.352248,0.051802,0.054808,0.055120,0.018636,1.000000,0.008349,0.026646,0.009100,0.009204,0.223256,0.078568,0.235352,0.237796,0.041673,0.326930,0.044824,0.046072
final-night720,depth-only,2,candidate,cloud_layer,2482.534337,0.402814,0.367400,0.636100,1.069200,738.297977,0.340960,0.333113,0.000000,0.000000,0.000000,0.000000,0.001042,0.000000,0.000000,0.000000,0.365456,0.122151,0.131612,0.132704,0.007557,1.000000,0.145143,0.012386,0.158184,0.159952,0.022792,0.014448,0.030264,0.030784,0.039380,0.299303,0.042276,0.044408
final-night720,depth-only,2,base,underground,1007.940556,0.992122,0.930100,1.586500,2.032600,397.111674,0.880135,0.552801,42.000000,22890.000000,22344.000000,0.000000,0.001759,0.000000,0.000000,0.000000,0.951132,0.053370,0.078468,0.094536,0.075565,1.000000,0.152827,0.117466,0.222924,0.265980,0.292070,0.084237,0.421824,0.502372,0.045274,0.466581,0.066352,0.078936
final-night720,depth-only,2,base,surface_still,1623.477651,0.615962,0.445650,0.800600,1.278500,76.159432,0.417845,0.592074,42.000000,22890.000000,22344.000000,0.000000,0.001358,0.000000,0.000000,0.000000,0.924612,0.050291,0.053092,0.056472,0.019535,1.000000,0.143628,0.013720,0.152308,0.157300,0.315055,0.014352,0.334516,0.645840,0.040847,0.328953,0.044512,0.047320
final-night720,depth-only,2,base,overview,2045.945107,0.488772,0.402900,0.734500,1.253800,183.844933,0.382810,0.468948,48.000000,25464.000000,25601.000000,0.000000,0.001258,0.000000,0.000000,0.000000,0.799968,0.000882,0.001040,0.001144,0.000140,0.000000,0.125055,0.012661,0.129584,0.135304,0.298448,0.014095,0.303524,0.613912,0.040788,0.342539,0.043160,0.045604
final-night720,depth-only,2,base,sky,2348.062731,0.425883,0.371300,0.608200,1.105000,275.924231,0.345338,0.412594,0.000000,0.000000,0.000000,0.000000,0.000957,0.000000,0.000000,0.000000,0.719108,0.121016,0.126880,0.130260,0.003173,1.000000,0.212357,0.011898,0.222508,0.230308,0.035176,0.009120,0.032032,0.328120,0.040457,0.309341,0.043056,0.045812
final-night720,depth-only,2,base,translate,1774.548363,0.563524,0.474450,1.005200,1.408800,327.062812,0.479291,0.542679,41.228333,23682.750000,22078.183333,0.000000,0.001429,0.000000,0.000000,0.000000,0.872300,0.049502,0.051688,0.052936,0.025940,1.000000,0.143943,0.013620,0.149448,0.156572,0.274084,0.073306,0.346736,0.616720,0.039543,0.340758,0.041808,0.044512
final-night720,depth-only,2,base,rotate,1821.391330,0.549031,0.499750,0.845900,1.304100,620.026868,0.483190,0.481093,41.503333,23165.943333,22304.370000,0.000000,0.001218,0.000000,0.000000,0.000000,0.563420,0.049573,0.052312,0.052936,0.028116,1.000000,0.145508,0.013809,0.155064,0.156312,0.234614,0.098361,0.285220,0.295516,0.040058,0.321199,0.044044,0.045188
final-night720,depth-only,2,base,seam_edits,981.550451,1.018796,0.919900,1.558600,2.014500,327.653997,0.938411,0.593312,42.000000,22896.000000,22345.500000,0.000000,0.413151,2.000000,4.000000,167664.000000,0.680940,0.049271,0.051324,0.057876,0.024226,1.000000,0.145508,0.013765,0.149188,0.166140,0.316182,0.501966,0.331708,0.371436,0.040653,0.347694,0.043368,0.046748
final-night720,depth-only,2,base,sky_moving,2299.348326,0.434906,0.377500,0.656300,1.066500,268.254735,0.353766,0.418120,0.000000,0.000000,0.000000,0.000000,0.000988,0.000000,0.000000,0.000000,0.716196,0.123269,0.124280,0.127244,0.002983,1.000000,0.215383,0.012794,0.218972,0.222404,0.033472,0.015957,0.031876,0.294112,0.042401,0.309607,0.043264,0.047840
final-night720,depth-only,2,base,wall_moving,1812.589704,0.551697,0.485350,0.873300,1.290400,437.021552,0.474522,0.472957,26.816667,15183.423333,14600.740000,0.000000,0.001274,0.000000,0.000000,0.000000,0.739752,0.050018,0.053352,0.055068,0.020287,1.000000,0.143959,0.013356,0.154856,0.156884,0.229108,0.077211,0.245180,0.414128,0.039354,0.330415,0.043368,0.046800
final-night720,depth-only,2,base,cloud_layer,2323.816016,0.430327,0.376100,0.671500,1.285300,324.196398,0.368435,0.350418,0.000000,0.000000,0.000000,0.000000,0.000996,0.000000,0.000000,0.000000,0.384904,0.124030,0.133744,0.138476,0.003142,1.000000,0.152704,0.013585,0.162812,0.164268,0.030341,0.010586,0.032604,0.034632,0.039642,0.328762,0.043732,0.044824
final-night720,depth-only,3,base,underground,1019.926647,0.980463,0.938600,1.595600,1.967100,453.597024,0.867541,0.545534,42.000000,22890.000000,22344.000000,0.000000,0.001840,0.000000,0.000000,0.000000,0.763412,0.052736,0.071916,0.076596,0.073189,1.000000,0.152093,0.114909,0.209456,0.213564,0.287117,0.083488,0.387296,0.401648,0.044675,0.463807,0.057668,0.063284
final-night720,depth-only,3,base,surface_still,1623.554090,0.615933,0.447200,0.889900,1.532900,89.864215,0.440127,0.596019,42.000000,22890.000000,22344.000000,0.000000,0.001423,0.000000,0.000000,0.000000,0.954772,0.049917,0.052572,0.055016,0.019901,1.000000,0.144469,0.016212,0.153140,0.156208,0.318127,0.015909,0.331708,0.663000,0.041015,0.345449,0.044044,0.047112
final-night720,depth-only,3,base,overview,1958.928453,0.510483,0.396900,0.834700,1.218700,186.999776,0.409487,0.466525,48.000000,25464.000000,25601.000000,0.000000,0.001345,0.000000,0.000000,0.000000,0.796640,0.000883,0.001040,0.001144,0.000130,0.000000,0.124732,0.016050,0.129012,0.136136,0.296912,0.015536,0.303212,0.621036,0.040219,0.362748,0.042744,0.044980
final-night720,depth-only,3,base,sky,1878.941079,0.532215,0.408050,1.031600,1.654600,496.643518,0.452280,0.403784,0.000000,0.000000,0.000000,0.000000,0.002024,0.000000,0.000000,0.000000,0.695552,0.117731,0.126932,0.133640,0.003694,1.000000,0.208230,0.018512,0.223496,0.240084,0.031833,0.013396,0.034008,0.043004,0.042306,0.398556,0.043524,0.049764
final-night720,depth-only,3,base,translate,1637.958263,0.610516,0.525750,1.072200,1.543500,567.257875,0.530746,0.551657,41.228333,23682.750000,22078.183333,0.000000,0.001816,0.000000,0.000000,0.000000,0.878228,0.050072,0.052988,0.056316,0.028901,1.000000,0.146329,0.018904,0.155324,0.161512,0.279312,0.085013,0.346892,0.625040,0.040004,0.366749,0.043940,0.046852
final-night720,depth-only,3,base,rotate,1871.732657,0.534264,0.487200,0.903600,1.243500,766.175888,0.472109,0.496096,41.503333,23165.943333,22304.370000,0.000000,0.001329,0.000000,0.000000,0.000000,0.818324,0.050881,0.053404,0.054808,0.028030,1.000000,0.149137,0.015986,0.155636,0.162656,0.242496,0.095707,0.291044,0.416884,0.042101,0.311269,0.044616,0.048308
final-night720,depth-only,3,base,seam_edits,996.299908,1.003714,0.909100,1.478600,2.086700,443.849358,0.922241,0.671380,42.000000,22896.000000,22345.500000,0.000000,0.413744,2.000000,4.000000,167664.000000,0.700180,0.056095,0.056732,0.057980,0.023201,1.000000,0.165732,0.017607,0.167284,0.169000,0.356220,0.503938,0.363584,0.375388,0.045778,0.327447,0.047736,0.051220
final-night720,depth-only,3,base,sky_moving,2155.907312,0.463842,0.379700,0.718900,1.045600,201.466677,0.361979,0.445765,0.000000,0.000000,0.000000,0.000000,0.001277,0.000000,0.000000,0.000000,0.771524,0.131274,0.133432,0.135720,0.002970,1.000000,0.229403,0.015991,0.234208,0.239408,0.036461,0.017244,0.034060,0.341796,0.044883,0.312597,0.045864,0.047788
final-night720,depth-only,3,base,wall_moving,1859.551774,0.537764,0.470950,0.880800,1.323300,582.196433,0.471868,0.463151,26.816667,15183.423333,14600.740000,0.000000,0.001141,0.000000,0.000000,0.000000,0.498888,0.049550,0.050752,0.052000,0.019470,1.000000,0.141465,0.017015,0.147836,0.149656,0.223964,0.073783,0.238472,0.244296,0.038369,0.328646,0.040820,0.041600
final-night720,depth-only,3,base,cloud_layer,2228.896529,0.448652,0.394800,0.706100,1.365200,536.888730,0.377694,0.345478,0.000000,0.000000,0.000000,0.000000,0.001165,0.000000,0.000000,0.000000,0.398008,0.121712,0.131248,0.137852,0.003137,1.000000,0.150516,0.019670,0.161408,0.169988,0.029681,0.011226,0.031720,0.035776,0.039841,0.330214,0.042952,0.045500
final-night720,depth-only,3,candidate,underground,996.478114,1.003534,0.921950,1.613000,2.020600,458.375669,0.888750,0.426318,42.000000,22890.000000,22344.000000,0.000000,0.001991,0.000000,0.000000,0.000000,1.113216,0.055952,0.111384,0.145756,0.075753,1.000000,0.014677,0.132280,0.027716,0.037024,0.296843,0.091696,0.610376,0.799708,0.048681,0.475619,0.093548,0.119600
final-night720,depth-only,3,candidate,surface_still,1866.757681,0.535688,0.440200,0.960700,1.365500,253.659032,0.440254,0.507188,42.000000,22890.000000,22344.000000,0.000000,0.001625,0.000000,0.000000,0.000000,0.877084,0.053568,0.055744,0.060216,0.019932,1.000000,0.026880,0.036769,0.029536,0.032968,0.337702,0.022179,0.361140,0.684164,0.043359,0.344426,0.045448,0.049036
final-night720,depth-only,3,candidate,overview,2075.830073,0.481735,0.421950,0.810600,1.328200,611.141102,0.412417,0.343266,48.000000,25464.000000,25601.000000,0.000000,0.001307,0.000000,0.000000,0.000000,0.371592,0.000904,0.001092,0.001144,0.000143,0.000000,0.017923,0.039033,0.019396,0.020124,0.279146,0.022009,0.303108,0.303784,0.041427,0.342440,0.044876,0.046332
final-night720,depth-only,3,candidate,sky,2226.537582,0.449128,0.387000,0.812700,1.252800,615.151173,0.380659,0.404836,0.000000,0.000000,0.000000,0.000000,0.001151,0.000000,0.000000,0.000000,0.694304,0.124351,0.123604,0.127296,0.008439,1.000000,0.208383,0.012871,0.212992,0.214188,0.026760,0.015788,0.029276,0.029588,0.041668,0.335911,0.042744,0.047632
final-night720,depth-only,3,candidate,translate,1857.389625,0.538390,0.482700,0.848800,1.371300,574.938434,0.467211,0.415445,41.228333,23682.750000,22078.183333,0.000000,0.001499,0.000000,0.000000,0.000000,0.717600,0.049630,0.050856,0.055900,0.013650,1.000000,0.028242,0.035517,0.036556,0.038896,0.261395,0.079280,0.342524,0.354068,0.040132,0.327757,0.042432,0.044252
final-night720,depth-only,3,candidate,rotate,1700.924226,0.587916,0.515250,0.996100,1.349100,534.440218,0.517259,0.375171,41.503333,23165.943333,22304.370000,0.000000,0.001452,0.000000,0.000000,0.000000,0.447148,0.049166,0.049192,0.053092,0.013753,1.000000,0.053823,0.038741,0.066560,0.068744,0.220499,0.107583,0.281372,0.293176,0.040181,0.347343,0.042380,0.045396
final-night720,depth-only,3,candidate,seam_edits,916.667303,1.090908,1.027500,1.550500,1.877400,467.621133,1.012994,0.464878,42.000000,22896.000000,22345.500000,0.000000,0.493112,2.000000,4.000000,167664.000000,0.482092,0.049640,0.050700,0.051376,0.023724,1.000000,0.025720,0.043246,0.026416,0.027352,0.305941,0.593019,0.313612,0.320580,0.040777,0.332003,0.042588,0.044980
final-night720,depth-only,3,candidate,sky_moving,2189.769833,0.456669,0.404350,0.760800,1.220800,694.918984,0.388094,0.409983,0.000000,0.000000,0.000000,0.000000,0.001433,0.000000,0.000000,0.000000,0.415324,0.126217,0.124540,0.125216,0.008499,1.000000,0.211456,0.012914,0.213720,0.214604,0.027591,0.023735,0.029744,0.030004,0.040905,0.335694,0.043264,0.046800
final-night720,depth-only,3,candidate,wall_moving,1887.288014,0.529861,0.473950,0.814700,1.130300,767.980340,0.462214,0.341600,26.816667,15183.423333,14600.740000,0.000000,0.001306,0.000000,0.000000,0.000000,0.359788,0.052546,0.052936,0.053768,0.018826,1.000000,0.008503,0.027558,0.008788,0.008944,0.227667,0.082935,0.240448,0.244764,0.041856,0.317275,0.043108,0.044512
final-night720,depth-only,3,candidate,cloud_layer,2346.479616,0.426170,0.379000,0.653400,1.149400,707.288609,0.357513,0.332180,0.000000,0.000000,0.000000,0.000000,0.001251,0.000000,0.000000,0.000000,0.363272,0.121882,0.128804,0.131560,0.007924,1.000000,0.145082,0.012711,0.152568,0.154648,0.021011,0.016749,0.029380,0.030160,0.040502,0.312954,0.041756,0.044148
final-night720-edits-repeat,depth-only,1,base,seam_edits,643.139274,1.554873,1.459500,2.305200,2.919200,303.488601,1.421387,0.933514,42.000000,22896.000000,22345.500000,0.000000,0.481807,2.000000,4.000000,167664.000000,2.860000,0.081960,0.087932,0.444600,0.079278,1.000000,0.210963,0.112651,0.251732,0.690872,0.507282,0.584576,1.015300,1.526304,0.069904,0.497928,0.073580,0.481832
final-night720-edits-repeat,depth-only,1,candidate,seam_edits,614.935933,1.626186,1.539400,2.320400,2.792900,322.504354,1.497434,0.938588,42.000000,22896.000000,22345.500000,0.000000,0.570716,2.000000,4.000000,167664.000000,2.408484,0.100505,0.123396,0.534508,0.076312,1.000000,0.050157,0.140227,0.065156,0.125840,0.620056,0.683830,1.306968,1.888224,0.084453,0.485041,0.155688,0.560612
final-night720-edits-repeat,depth-only,2,candidate,seam_edits,629.507800,1.588543,1.529800,2.288000,2.665000,340.417806,1.462419,0.881054,42.000000,22896.000000,22345.500000,0.000000,0.557097,2.000000,4.000000,167664.000000,2.294292,0.090981,0.113464,0.242008,0.074658,1.000000,0.047272,0.133119,0.060164,0.125840,0.575563,0.667083,1.237132,1.708408,0.088627,0.475603,0.157404,0.898768
final-night720-edits-repeat,depth-only,2,base,seam_edits,647.063169,1.545444,1.475350,2.248200,2.690000,336.270092,1.415697,0.933035,42.000000,22896.000000,22345.500000,0.000000,0.487933,2.000000,4.000000,167664.000000,2.864108,0.076703,0.204932,0.250380,0.083346,1.000000,0.212194,0.110003,0.251420,0.689000,0.512413,0.591375,1.118104,1.530672,0.068612,0.482320,0.154648,0.285324
final-night720-edits-repeat,depth-only,3,base,seam_edits,652.039678,1.533649,1.443600,2.236200,2.925700,294.675219,1.405504,0.932598,42.000000,22896.000000,22345.500000,0.000000,0.480942,2.000000,4.000000,167664.000000,2.846064,0.079160,0.094536,0.422968,0.081510,1.000000,0.210478,0.113720,0.268164,0.689364,0.513736,0.584294,1.046188,1.524536,0.066883,0.480802,0.079768,0.453180
final-night720-edits-repeat,depth-only,3,candidate,seam_edits,628.360353,1.591443,1.510850,2.290800,2.734600,323.046109,1.461781,0.916310,42.000000,22896.000000,22345.500000,0.000000,0.558930,2.000000,4.000000,167664.000000,2.263664,0.100662,0.112996,0.535392,0.076724,1.000000,0.049370,0.130324,0.059540,0.123760,0.598635,0.669575,1.104272,1.529008,0.084408,0.470789,0.092612,0.531388
final-night720-edits-repeat,depth-only,4,candidate,seam_edits,624.930476,1.600178,1.529600,2.273500,2.777300,297.471492,1.474271,0.958618,42.000000,22896.000000,22345.500000,0.000000,0.566021,2.000000,4.000000,167664.000000,2.276144,0.102537,0.113880,0.415688,0.080393,1.000000,0.050617,0.127482,0.060684,0.112580,0.629528,0.678469,1.275248,1.719848,0.091052,0.473812,0.157196,0.551720
final-night720-edits-repeat,depth-only,4,base,seam_edits,626.889026,1.595179,1.517150,2.329400,2.792600,267.873885,1.459265,0.962598,42.000000,22896.000000,22345.500000,0.000000,0.512122,2.000000,4.000000,167664.000000,2.860676,0.076635,0.087828,0.214396,0.085526,1.000000,0.217122,0.118158,0.252044,0.601172,0.537470,0.618317,1.286064,1.700504,0.066864,0.488960,0.073528,0.373412
final-night720-edits-repeat,depth-only,5,base,seam_edits,646.585238,1.546586,1.467600,2.271800,2.694700,342.682864,1.414764,0.918177,42.000000,22896.000000,22345.500000,0.000000,0.493023,2.000000,4.000000,167664.000000,2.858544,0.074087,0.088452,0.242632,0.081823,1.000000,0.206782,0.110553,0.252200,0.635076,0.509998,0.596297,1.043952,1.575340,0.064525,0.478936,0.073788,0.395564
final-night720-edits-repeat,depth-only,5,candidate,seam_edits,638.283341,1.566702,1.494200,2.253500,2.706000,345.307842,1.445864,0.911253,42.000000,22896.000000,22345.500000,0.000000,0.556109,2.000000,4.000000,167664.000000,2.312388,0.097647,0.113100,0.383604,0.072291,1.000000,0.048744,0.124409,0.059384,0.125944,0.592652,0.665810,1.255332,1.608256,0.083967,0.473674,0.154596,0.522548
accepted-chat-history,final,1,base,surface_still,662.911714,1.508496,1.419250,2.360300,3.280800,271.291892,1.361149,1.336229,42.000000,22890.000000,22344.000000,0.000000,0.002493,0.000000,0.000000,0.000000,3.678532,0.122801,0.116636,0.610064,0.081508,1.000000,0.267773,0.136782,0.276172,0.804180,0.754272,0.096942,1.161576,2.025504,0.093802,0.879383,0.098436,0.470340
accepted-chat-history,final,1,candidate,surface_still,713.562637,1.401419,1.316350,2.188600,2.856200,313.518937,1.256810,1.113560,42.000000,22890.000000,22344.000000,0.000000,0.002736,0.000000,0.000000,0.000000,4.056832,0.123591,0.150332,0.496236,0.076091,1.000000,0.050078,0.135552,0.057928,0.162136,0.740118,0.102784,1.305356,2.599636,0.098712,0.820005,0.261508,0.482716
accepted-chat-history,final,2,candidate,surface_still,674.480524,1.482623,1.370850,2.393800,2.970200,308.006632,1.337823,1.095727,42.000000,22890.000000,22344.000000,0.000000,0.002680,0.000000,0.000000,0.000000,3.398200,0.120069,0.124592,0.482144,0.080951,1.000000,0.048735,0.140232,0.055328,0.149916,0.726136,0.107638,1.142388,2.254460,0.100684,0.882075,0.100204,0.556244
accepted-chat-history,final,2,base,surface_still,653.182583,1.530965,1.410800,2.476300,3.117900,276.510438,1.361738,1.451170,42.000000,22890.000000,22344.000000,0.000000,0.002760,0.000000,0.000000,0.000000,4.836104,0.130454,0.332176,0.558636,0.083584,1.000000,0.289747,0.141243,0.318604,0.906412,0.825570,0.100455,1.756040,2.705144,0.100250,0.871512,0.235144,0.472316
accepted-chat-history,final,3,base,surface_still,681.053313,1.468314,1.390150,2.347900,2.888200,311.720698,1.322825,1.380147,42.000000,22890.000000,22344.000000,0.000000,0.002590,0.000000,0.000000,0.000000,3.719092,0.121693,0.131456,0.509704,0.080722,1.000000,0.274074,0.132599,0.277056,0.811824,0.786151,0.094935,1.316016,2.172872,0.099684,0.851192,0.103480,0.493168
accepted-chat-history,final,3,candidate,surface_still,682.358796,1.465505,1.363050,2.431300,3.042500,289.703923,1.314097,1.072299,42.000000,22890.000000,22344.000000,0.000000,0.002977,0.000000,0.000000,0.000000,3.855800,0.110770,0.117676,0.428480,0.080179,1.000000,0.047982,0.140445,0.056628,0.165568,0.712520,0.101125,1.097356,2.588612,0.099610,0.868607,0.119548,0.529412
accepted-chat-narrow,final,1,base,surface_still,909.683858,1.099283,1.024850,1.705700,2.181200,411.731606,0.988401,0.473858,18.000000,9626.000000,9133.000000,0.000000,0.001532,0.000000,0.000000,0.000000,1.858168,0.047553,0.069472,0.659672,0.069957,1.000000,0.070515,0.110933,0.151060,0.173628,0.146950,0.081327,0.332124,0.786812,0.134836,0.608613,0.295932,0.347100
accepted-chat-narrow,final,1,candidate,surface_still,923.375671,1.082983,1.033550,1.687000,2.104700,448.376876,0.971127,0.541308,18.000000,9626.000000,9133.000000,0.000000,0.001659,0.000000,0.000000,0.000000,1.856452,0.057546,0.078052,0.682292,0.069209,1.000000,0.008827,0.106188,0.015340,0.016484,0.188766,0.087181,0.345644,0.848120,0.185888,0.604078,0.341328,0.555048
accepted-chat-narrow,final,2,candidate,surface_still,924.275637,1.081928,1.022750,1.683600,2.112800,432.703749,0.970068,0.508400,18.000000,9626.000000,9133.000000,0.000000,0.001734,0.000000,0.000000,0.000000,1.609504,0.051622,0.069368,0.630968,0.068668,1.000000,0.007962,0.104362,0.013468,0.015236,0.177491,0.085025,0.331292,0.946296,0.171998,0.605839,0.296400,0.345488
accepted-chat-narrow,final,2,base,surface_still,827.095312,1.209050,1.156900,1.925400,2.376100,390.223598,1.083364,0.627577,18.000000,9626.000000,9133.000000,0.000000,0.002025,0.000000,0.000000,0.000000,2.028572,0.055747,0.068796,0.734292,0.078360,1.000000,0.093990,0.122333,0.150748,0.177008,0.200430,0.086587,0.518960,1.023984,0.178910,0.663230,0.296504,0.348088
accepted-chat-narrow,final,3,base,surface_still,883.150634,1.132310,1.101550,1.709900,2.154900,421.982474,1.012732,0.542010,18.000000,9626.000000,9133.000000,0.000000,0.001802,0.000000,0.000000,0.000000,1.429168,0.046174,0.066144,0.493168,0.071060,1.000000,0.083180,0.115925,0.112320,0.179712,0.163894,0.080198,0.343772,0.795184,0.159208,0.626486,0.209300,0.344708
accepted-chat-narrow,final,3,candidate,surface_still,896.552755,1.115383,1.050750,1.723400,2.238400,378.236284,0.996837,0.520328,18.000000,9626.000000,9133.000000,0.000000,0.001866,0.000000,0.000000,0.000000,1.596764,0.054892,0.077376,0.567840,0.069458,1.000000,0.008207,0.111201,0.013468,0.015652,0.186576,0.087751,0.340600,0.923312,0.174318,0.619225,0.296920,0.345228
accepted-chat-open,final,1,base,surface_still,697.769185,1.433139,1.264300,2.032000,2.597600,84.820520,1.179759,1.410503,42.000000,22890.000000,22344.000000,0.000000,0.002677,0.000000,0.000000,0.000000,3.746340,0.122082,0.118300,0.451984,0.083268,1.000000,0.278071,0.132482,0.281268,0.809068,0.793061,0.099534,1.531764,2.023424,0.117580,0.698914,0.195208,0.533156
accepted-chat-open,final,1,candidate,surface_still,804.608152,1.242841,1.194600,1.927700,2.499200,375.866843,1.102451,1.105237,42.000000,22890.000000,22344.000000,0.000000,0.002512,0.000000,0.000000,0.000000,2.535936,0.113405,0.115700,0.275808,0.076943,1.000000,0.050168,0.139584,0.057876,0.113776,0.729487,0.105449,1.248416,1.668524,0.112471,0.651601,0.118300,0.503464
accepted-chat-open,final,2,candidate,surface_still,778.353370,1.284764,1.213700,1.978500,2.590800,318.936877,1.139556,1.148109,42.000000,22890.000000,22344.000000,0.000000,0.002445,0.000000,0.000000,0.000000,3.386188,0.120567,0.231556,0.414492,0.082013,1.000000,0.050954,0.141624,0.067288,0.135200,0.756228,0.107850,1.404936,2.243644,0.116682,0.670311,0.204932,0.509704
accepted-chat-open,final,2,base,surface_still,696.643306,1.435455,1.242550,2.238200,2.852500,83.149250,1.183655,1.412422,42.000000,22890.000000,22344.000000,0.000000,0.002658,0.000000,0.000000,0.000000,4.267328,0.125117,0.117832,0.469144,0.082906,1.000000,0.279417,0.133692,0.278720,0.911092,0.794403,0.099334,1.579604,2.294916,0.112810,0.700292,0.116064,0.351884
accepted-chat-open,final,3,base,surface_still,681.232554,1.467928,1.172450,2.085800,2.697200,42.795426,1.100794,1.442119,42.000000,22890.000000,22344.000000,0.000000,0.002518,0.000000,0.000000,0.000000,4.377984,0.124421,0.135876,0.446056,0.075343,1.000000,0.284984,0.122871,0.286884,0.904644,0.809266,0.089898,1.515072,2.636608,0.120795,0.659942,0.290316,0.521924
accepted-chat-open,final,3,candidate,surface_still,790.148637,1.265585,1.184500,2.059300,2.513100,355.326041,1.117678,1.129060,42.000000,22890.000000,22344.000000,0.000000,0.002839,0.000000,0.000000,0.000000,3.944772,0.117534,0.115648,0.431184,0.077699,1.000000,0.049826,0.140983,0.055172,0.170040,0.749592,0.105866,1.204320,2.602028,0.112194,0.662796,0.116792,0.440908
accepted-dawn1080,final,1,base,underground,740.921215,1.349671,0.920950,1.630700,2.370100,26.825282,0.835262,1.324603,42.000000,22890.000000,22344.000000,0.000000,0.002524,0.000000,0.000000,0.000000,3.425240,0.119217,0.121212,0.334516,0.064772,1.000000,0.420558,0.103956,0.420940,1.190540,0.710454,0.073544,1.437124,1.922492,0.062681,0.458142,0.101036,0.495820
accepted-dawn1080,final,1,base,surface_still,683.862932,1.462281,0.528650,1.011800,1.556200,11.179830,0.435203,1.425807,42.000000,22890.000000,22344.000000,0.000000,0.002116,0.000000,0.000000,0.000000,2.470312,0.120782,0.129896,0.523848,0.020574,1.000000,0.396205,0.018692,0.414752,0.464152,0.760376,0.018750,1.314872,1.745952,0.052576,0.330559,0.050180,0.430300
accepted-dawn1080,final,1,base,overview,842.506000,1.186935,0.463350,1.036800,1.670800,15.163182,0.442792,1.155718,48.000000,25464.000000,25601.000000,0.000000,0.002077,0.000000,0.000000,0.000000,2.123108,0.000922,0.001092,0.001196,0.000172,0.000000,0.409159,0.017979,0.434512,0.444340,0.695817,0.019626,1.282892,1.657864,0.045940,0.388002,0.049400,0.051948
accepted-dawn1080,final,1,base,sky,1191.514510,0.839268,0.412800,0.933700,1.634200,27.605499,0.405352,0.812705,0.000000,0.000000,0.000000,0.000000,0.001764,0.000000,0.000000,0.000000,1.669044,0.276897,0.326716,0.327964,0.003470,1.000000,0.394469,0.018187,0.465400,0.468936,0.070215,0.012449,0.367900,0.598728,0.067370,0.355226,0.308308,0.604552
accepted-dawn1080,final,1,base,translate,747.722624,1.337394,0.545600,1.067200,1.714800,13.514354,0.504676,1.307614,41.228333,23682.750000,22078.183333,0.000000,0.002028,0.000000,0.000000,0.000000,2.586324,0.117425,0.116116,0.135824,0.027254,1.000000,0.397978,0.017782,0.415376,0.419068,0.657549,0.081858,1.249508,1.650480,0.054414,0.349972,0.049348,0.489580
accepted-dawn1080,final,1,base,rotate,802.628984,1.245906,0.593600,1.262700,1.823300,17.166832,0.568467,1.210447,41.503333,23165.943333,22304.370000,0.000000,0.002355,0.000000,0.000000,0.000000,2.214160,0.114864,0.122096,0.130988,0.036378,1.000000,0.427711,0.019168,0.463840,0.466596,0.586728,0.112644,1.160900,1.573728,0.057685,0.372464,0.051636,0.544336
accepted-dawn1080,final,1,base,seam_edits,681.007164,1.468413,1.098050,1.968200,2.492900,33.912502,1.068195,1.449900,42.000000,22896.000000,22345.500000,0.000000,0.455796,2.000000,4.000000,167664.000000,2.472548,0.116278,0.119340,0.159848,0.031235,1.000000,0.403229,0.019999,0.421252,0.567216,0.778132,0.558533,1.412424,1.728272,0.054407,0.381412,0.060892,0.454740
accepted-dawn1080,final,1,base,sky_moving,1195.267220,0.836633,0.424000,0.829000,1.387300,26.410927,0.383688,0.814147,0.000000,0.000000,0.000000,0.000000,0.001586,0.000000,0.000000,0.000000,1.693276,0.280858,0.328224,0.329784,0.003412,1.000000,0.397604,0.017475,0.465296,0.468624,0.067325,0.018998,0.341016,0.536900,0.064601,0.329398,0.054496,0.612456
accepted-dawn1080,final,1,base,wall_moving,865.606011,1.155260,0.526200,1.078500,1.388900,17.306493,0.492605,1.122192,26.770000,15140.680000,14573.851667,0.000000,0.001974,0.000000,0.000000,0.000000,2.171468,0.112201,0.121524,0.126880,0.020114,1.000000,0.392008,0.017732,0.427180,0.445016,0.551525,0.082845,0.983216,1.578408,0.049603,0.335133,0.047216,0.486460
accepted-dawn1080,final,1,base,cloud_layer,1192.487804,0.838583,0.424200,0.914200,1.454400,27.866072,0.404743,0.813980,0.000000,0.000000,0.000000,0.000000,0.001698,0.000000,0.000000,0.000000,1.671176,0.286171,0.335348,0.341068,0.003554,1.000000,0.389169,0.018089,0.463788,0.467116,0.070574,0.014442,0.384748,0.588744,0.064379,0.352978,0.054080,0.588848
accepted-dawn1080,final,1,candidate,underground,921.106605,1.085651,1.026700,1.795300,2.206300,424.115190,0.956042,0.853343,42.000000,22890.000000,22344.000000,0.000000,0.002296,0.000000,0.000000,0.000000,2.950896,0.114571,0.112840,0.426660,0.078993,1.000000,0.027116,0.136279,0.034528,0.090792,0.634466,0.100845,1.084460,2.212912,0.061632,0.509233,0.157144,0.483756
accepted-dawn1080,final,1,candidate,surface_still,927.855378,1.077754,0.530000,1.045700,1.534000,20.050407,0.459429,1.055821,42.000000,22890.000000,22344.000000,0.000000,0.002300,0.000000,0.000000,0.000000,1.985620,0.116698,0.129636,0.422136,0.021371,1.000000,0.057882,0.039426,0.064740,0.068588,0.721402,0.027265,1.139320,1.567748,0.059235,0.352513,0.051012,0.478764
accepted-dawn1080,final,1,candidate,overview,1248.899407,0.800705,0.446400,0.905400,1.390700,32.415454,0.421540,0.773749,48.000000,25464.000000,25601.000000,0.000000,0.001853,0.000000,0.000000,0.000000,1.715272,0.000938,0.001144,0.001196,0.000163,0.000000,0.052922,0.041437,0.061048,0.067340,0.666287,0.025129,1.084512,1.544192,0.049694,0.347456,0.050388,0.054392
accepted-dawn1080,final,1,candidate,sky,1189.125683,0.840954,0.418300,0.890100,1.250600,26.452892,0.390364,0.816974,0.000000,0.000000,0.000000,0.000000,0.001561,0.000000,0.000000,0.000000,1.634672,0.318821,0.665288,1.035944,0.009004,1.000000,0.396081,0.013086,0.481000,0.482924,0.038962,0.017472,0.044928,0.046644,0.059277,0.343323,0.057356,0.491244
accepted-dawn1080,final,1,candidate,translate,1052.981095,0.949685,0.535500,1.145400,1.564800,29.240949,0.528760,0.931477,41.228333,23682.750000,22078.183333,0.000000,0.002124,0.000000,0.000000,0.000000,1.907464,0.121817,0.129792,0.504816,0.016088,1.000000,0.061745,0.039707,0.082160,0.084552,0.612431,0.088671,1.004848,1.212952,0.054649,0.371601,0.051428,0.463008
accepted-dawn1080,final,1,candidate,rotate,1014.059084,0.986136,0.575500,1.162000,1.699900,28.418281,0.550924,0.967377,41.503333,23165.943333,22304.370000,0.000000,0.002020,0.000000,0.000000,0.000000,1.881204,0.137945,0.127556,0.598572,0.015068,1.000000,0.153349,0.045187,0.198536,0.202228,0.588478,0.118964,1.036100,1.317524,0.061313,0.360254,0.056264,0.506428
accepted-dawn1080,final,1,candidate,seam_edits,882.768362,1.132800,1.016850,1.805800,2.083500,296.922399,1.033564,1.044272,42.000000,22896.000000,22345.500000,0.000000,0.463356,2.000000,4.000000,167664.000000,2.070120,0.115508,0.119184,0.258180,0.031940,1.000000,0.057388,0.049167,0.063544,0.079924,0.718416,0.573262,1.125072,1.538992,0.052946,0.357044,0.054964,0.455208
accepted-dawn1080,final,1,candidate,sky_moving,1207.387035,0.828235,0.422400,0.880400,1.510000,28.184191,0.403497,0.809780,0.000000,0.000000,0.000000,0.000000,0.001731,0.000000,0.000000,0.000000,1.644916,0.318080,0.648180,1.132976,0.009231,1.000000,0.392702,0.012927,0.423956,0.425932,0.037852,0.026809,0.040664,0.041756,0.057389,0.346994,0.052156,0.463892
accepted-dawn1080,final,1,candidate,wall_moving,1372.008421,0.728858,0.518400,0.971500,1.511200,61.209562,0.503301,0.711991,26.770000,15140.680000,14573.851667,0.000000,0.001671,0.000000,0.000000,0.000000,1.595880,0.111724,0.144508,0.145392,0.021426,1.000000,0.019451,0.030531,0.024388,0.030992,0.510411,0.090910,0.877084,1.165060,0.053407,0.341603,0.052624,0.476944
accepted-dawn1080,final,1,candidate,cloud_layer,1205.636592,0.829437,0.419700,0.862600,1.235100,27.579981,0.394672,0.809097,0.000000,0.000000,0.000000,0.000000,0.001749,0.000000,0.000000,0.000000,1.682252,0.324342,0.623428,1.169532,0.008935,1.000000,0.386902,0.012683,0.440180,0.440700,0.038149,0.023876,0.042588,0.043628,0.055957,0.340810,0.050856,0.466544
accepted-dawn1080,final,2,candidate,underground,883.089152,1.132389,1.046150,1.874900,2.324300,395.608743,0.999491,0.834685,42.000000,22890.000000,22344.000000,0.000000,0.002304,0.000000,0.000000,0.000000,2.945228,0.112721,0.112996,0.425412,0.081904,1.000000,0.028163,0.145972,0.034372,0.092612,0.621618,0.104183,1.057576,2.220556,0.060543,0.537096,0.135824,0.483860
accepted-dawn1080,final,2,candidate,surface_still,927.437592,1.078240,0.543200,1.032700,1.689500,20.466186,0.468167,1.056461,42.000000,22890.000000,22344.000000,0.000000,0.002227,0.000000,0.000000,0.000000,1.998828,0.115987,0.125424,0.157768,0.021733,1.000000,0.058074,0.040484,0.066924,0.079040,0.726671,0.027127,1.135836,1.612884,0.053206,0.358716,0.056108,0.483912
accepted-dawn1080,final,2,candidate,overview,1241.120301,0.805724,0.457550,1.022700,1.471700,36.002909,0.456287,0.783509,48.000000,25464.000000,25601.000000,0.000000,0.001828,0.000000,0.000000,0.000000,1.856920,0.000953,0.001144,0.001248,0.000158,0.000000,0.055841,0.044330,0.064116,0.072176,0.672828,0.027535,1.096732,1.604356,0.049968,0.376238,0.053612,0.062348
accepted-dawn1080,final,2,candidate,sky,1223.124639,0.817578,0.415350,0.749000,1.495000,27.723294,0.386433,0.797266,0.000000,0.000000,0.000000,0.000000,0.001524,0.000000,0.000000,0.000000,1.630096,0.308380,0.592800,1.008280,0.008828,1.000000,0.388171,0.013243,0.395304,0.395928,0.036021,0.016957,0.037960,0.038584,0.060975,0.339065,0.051376,0.535184
accepted-dawn1080,final,2,candidate,translate,1058.874667,0.944399,0.536550,1.085400,1.675500,29.542316,0.525479,0.925051,41.228333,23682.750000,22078.183333,0.000000,0.002132,0.000000,0.000000,0.000000,1.830088,0.118400,0.119444,0.521040,0.016433,1.000000,0.061780,0.040830,0.081328,0.086060,0.609060,0.088705,1.025856,1.285804,0.054561,0.367024,0.048880,0.461864
accepted-dawn1080,final,2,candidate,rotate,930.244385,1.074986,0.562600,1.200000,1.698500,22.519919,0.552390,1.049024,41.503333,23165.943333,22304.370000,0.000000,0.001961,0.000000,0.000000,0.000000,2.095912,0.145814,0.137904,0.546104,0.014134,1.000000,0.168776,0.043769,0.216164,0.223132,0.643165,0.115926,1.082484,1.475968,0.062849,0.367960,0.057616,0.502944
accepted-dawn1080,final,2,candidate,seam_edits,865.711421,1.155119,1.042700,1.772800,2.326000,329.837060,1.056458,1.027030,42.000000,22896.000000,22345.500000,0.000000,0.457764,2.000000,4.000000,167664.000000,1.988428,0.111989,0.116896,0.176384,0.027960,1.000000,0.057096,0.052957,0.064636,0.091104,0.705910,0.567905,1.122628,1.505348,0.054103,0.382647,0.062868,0.487968
accepted-dawn1080,final,2,candidate,sky_moving,1213.791340,0.823865,0.429950,0.888400,1.317000,28.473183,0.403166,0.803676,0.000000,0.000000,0.000000,0.000000,0.001590,0.000000,0.000000,0.000000,1.633216,0.311647,0.612612,1.024400,0.009056,1.000000,0.390729,0.013343,0.460200,0.460928,0.036318,0.024641,0.043316,0.043940,0.061260,0.348865,0.052416,0.493324
accepted-dawn1080,final,2,candidate,wall_moving,1372.358325,0.728673,0.525900,1.090000,1.570100,68.944438,0.520811,0.717348,26.770000,15140.680000,14573.851667,0.000000,0.001748,0.000000,0.000000,0.000000,1.553448,0.113326,0.126360,0.127400,0.021260,1.000000,0.020675,0.032139,0.023348,0.031304,0.511299,0.090370,0.884832,1.034748,0.053370,0.358039,0.048308,0.473772
accepted-dawn1080,final,2,candidate,cloud_layer,1206.126156,0.829101,0.414850,0.790600,1.160900,26.460043,0.374493,0.808710,0.000000,0.000000,0.000000,0.000000,0.001636,0.000000,0.000000,0.000000,1.529424,0.322063,0.589368,1.047436,0.008447,1.000000,0.387278,0.012422,0.459212,0.461396,0.038315,0.018040,0.043888,0.044772,0.057288,0.328064,0.051220,0.482248
accepted-dawn1080,final,2,base,underground,743.050711,1.345803,0.960800,1.684100,2.080100,29.162894,0.859465,1.320181,42.000000,22890.000000,22344.000000,0.000000,0.002598,0.000000,0.000000,0.000000,3.639636,0.118757,0.119496,0.313456,0.067839,1.000000,0.420650,0.106328,0.419484,1.081652,0.705996,0.077144,1.535872,2.129452,0.062947,0.464743,0.121316,0.526812
accepted-dawn1080,final,2,base,surface_still,681.677276,1.466970,0.540750,1.111600,1.676800,11.392415,0.454101,1.444771,42.000000,22890.000000,22344.000000,0.000000,0.002187,0.000000,0.000000,0.000000,2.422160,0.117577,0.117156,0.489528,0.021098,1.000000,0.402594,0.016186,0.418080,0.420732,0.770911,0.018574,1.376388,1.708720,0.056459,0.350296,0.051844,0.504972
accepted-dawn1080,final,2,base,overview,845.496743,1.182737,0.473500,1.008900,1.444200,15.396151,0.438818,1.158861,48.000000,25464.000000,25601.000000,0.000000,0.002068,0.000000,0.000000,0.000000,2.084264,0.000927,0.001092,0.001196,0.000176,0.000000,0.410702,0.016974,0.444288,0.464308,0.695407,0.019287,1.186952,1.594060,0.047919,0.384431,0.049972,0.054444
accepted-dawn1080,final,2,base,sky,1206.703965,0.828704,0.419600,0.848300,1.348800,27.039280,0.381930,0.811384,0.000000,0.000000,0.000000,0.000000,0.001772,0.000000,0.000000,0.000000,1.698944,0.276215,0.326404,0.327028,0.003451,1.000000,0.393750,0.015392,0.465140,0.468156,0.072934,0.011259,0.421720,0.657436,0.064784,0.336683,0.053560,0.591916
accepted-dawn1080,final,2,base,translate,756.530561,1.321824,0.559050,1.087800,1.788700,14.336075,0.525979,1.293260,41.228333,23682.750000,22078.183333,0.000000,0.002371,0.000000,0.000000,0.000000,2.476084,0.117135,0.119964,0.424736,0.028049,1.000000,0.398539,0.016019,0.427128,0.446108,0.647139,0.087647,1.174160,1.617408,0.051195,0.364291,0.048308,0.473044
accepted-dawn1080,final,2,base,rotate,816.677091,1.224474,0.551550,1.089500,1.545900,16.391190,0.523344,1.198743,41.503333,23165.943333,22304.370000,0.000000,0.002318,0.000000,0.000000,0.000000,2.178280,0.116761,0.124124,0.126516,0.033277,1.000000,0.427657,0.014355,0.458744,0.466596,0.571614,0.107481,1.050140,1.535716,0.060183,0.343143,0.051740,0.525304
accepted-dawn1080,final,2,base,seam_edits,680.175789,1.470208,1.099100,1.889200,2.324800,34.162787,1.074385,1.448031,42.000000,22896.000000,22345.500000,0.000000,0.469622,2.000000,4.000000,167664.000000,2.569632,0.121911,0.151424,0.485524,0.030522,1.000000,0.401859,0.017460,0.420420,0.566332,0.768057,0.574301,1.244464,1.873196,0.059037,0.374368,0.061464,0.555308
accepted-dawn1080,final,2,base,sky_moving,1223.536187,0.817303,0.418800,0.867800,1.370500,28.577811,0.391332,0.804065,0.000000,0.000000,0.000000,0.000000,0.001636,0.000000,0.000000,0.000000,1.687504,0.275859,0.314184,0.328276,0.003248,1.000000,0.391586,0.015459,0.445744,0.465608,0.069206,0.019233,0.390832,0.554164,0.063727,0.338037,0.050804,0.619268
accepted-dawn1080,final,2,base,wall_moving,873.905361,1.144289,0.543400,1.152200,1.800000,19.242018,0.539087,1.125479,26.770000,15140.680000,14573.851667,0.000000,0.002188,0.000000,0.000000,0.000000,2.030756,0.112926,0.121576,0.122616,0.022608,1.000000,0.396491,0.016120,0.427336,0.430768,0.546032,0.087674,0.960752,1.399164,0.052872,0.369398,0.047736,0.452972
accepted-dawn1080,final,2,base,cloud_layer,1191.738866,0.839110,0.417150,0.917400,1.686100,27.468666,0.398170,0.817895,0.000000,0.000000,0.000000,0.000000,0.001894,0.000000,0.000000,0.000000,1.692028,0.289605,0.354224,0.371228,0.003454,1.000000,0.391572,0.016637,0.485160,0.508248,0.066076,0.013311,0.325624,0.625508,0.066951,0.348524,0.227968,0.658320
accepted-dawn1080,final,3,base,underground,756.745821,1.321448,0.969000,1.990700,2.408100,39.252527,0.929900,1.302076,42.000000,22890.000000,22344.000000,0.000000,0.002818,0.000000,0.000000,0.000000,3.426072,0.118751,0.122304,0.335452,0.073936,1.000000,0.415242,0.118956,0.421772,1.191424,0.689981,0.087649,1.478048,1.760876,0.063154,0.493629,0.062712,0.538252
accepted-dawn1080,final,3,base,surface_still,679.421369,1.471841,0.572550,1.191700,1.674600,11.951979,0.492889,1.447695,42.000000,22890.000000,22344.000000,0.000000,0.002279,0.000000,0.000000,0.000000,2.469896,0.116506,0.117624,0.162760,0.023663,1.000000,0.404536,0.015532,0.419068,0.433888,0.772689,0.020889,1.439204,1.763788,0.056659,0.379488,0.051480,0.521196
accepted-dawn1080,final,3,base,overview,838.036815,1.193265,0.476200,1.004200,1.620900,15.109940,0.438256,1.170771,48.000000,25464.000000,25601.000000,0.000000,0.002113,0.000000,0.000000,0.000000,2.210676,0.000929,0.001092,0.001248,0.000178,0.000000,0.415077,0.014977,0.431080,0.440544,0.703990,0.019409,1.232348,1.714648,0.046826,0.385718,0.050024,0.053560
accepted-dawn1080,final,3,base,sky,1202.655704,0.831493,0.418350,0.915200,1.660100,29.107421,0.412178,0.812454,0.000000,0.000000,0.000000,0.000000,0.001615,0.000000,0.000000,0.000000,1.614184,0.276266,0.312988,0.314340,0.003254,1.000000,0.393940,0.015757,0.446472,0.449956,0.074185,0.011465,0.412672,0.776568,0.064323,0.365764,0.226356,0.531596
accepted-dawn1080,final,3,base,translate,746.912637,1.338845,0.554850,1.073800,1.566600,13.722460,0.510312,1.305761,41.228333,23682.750000,22078.183333,0.000000,0.002311,0.000000,0.000000,0.000000,2.550444,0.119061,0.126412,0.455936,0.028321,1.000000,0.399502,0.014908,0.445640,0.465244,0.653027,0.086109,1.190228,1.679652,0.054302,0.351446,0.049452,0.488436
accepted-dawn1080,final,3,base,rotate,812.426332,1.230881,0.575550,1.160800,1.653800,16.962478,0.550117,1.208526,41.503333,23165.943333,22304.370000,0.000000,0.002063,0.000000,0.000000,0.000000,2.189460,0.117456,0.135460,0.144456,0.036587,1.000000,0.430327,0.014882,0.487448,0.508976,0.587278,0.109348,1.128920,1.528228,0.050073,0.362371,0.052624,0.363324
accepted-dawn1080,final,3,base,seam_edits,682.503866,1.465193,1.088300,1.942600,2.512200,34.949678,1.070089,1.447439,42.000000,22896.000000,22345.500000,0.000000,0.469390,2.000000,4.000000,167664.000000,2.436252,0.121091,0.157872,0.518440,0.029459,1.000000,0.402963,0.017062,0.417092,0.569400,0.771211,0.574082,1.224392,1.695720,0.053727,0.374368,0.057980,0.501956
accepted-dawn1080,final,3,base,sky_moving,1199.668172,0.833564,0.432350,0.969900,1.374000,28.667629,0.407751,0.816104,0.000000,0.000000,0.000000,0.000000,0.001710,0.000000,0.000000,0.000000,1.710384,0.278792,0.342992,0.343928,0.003246,1.000000,0.396271,0.015391,0.486616,0.490308,0.068722,0.019836,0.363272,0.685360,0.068563,0.352293,0.355628,0.660244
accepted-dawn1080,final,3,base,wall_moving,867.605310,1.152598,0.535500,1.133200,1.763500,18.217596,0.523900,1.124675,26.770000,15140.680000,14573.851667,0.000000,0.001926,0.000000,0.000000,0.000000,2.177136,0.112301,0.114348,0.117936,0.022223,1.000000,0.392891,0.014568,0.404976,0.410644,0.547685,0.085755,0.967876,1.539824,0.053825,0.361727,0.047840,0.476112
accepted-dawn1080,final,3,base,cloud_layer,1183.490077,0.844959,0.419250,0.982600,1.498800,28.717656,0.417507,0.826758,0.000000,0.000000,0.000000,0.000000,0.001751,0.000000,0.000000,0.000000,1.711112,0.292715,0.324948,0.340392,0.003283,1.000000,0.394923,0.015084,0.445484,0.465036,0.074649,0.013758,0.423696,0.698672,0.060715,0.368303,0.050700,0.486304
accepted-dawn1080,final,3,candidate,underground,900.908206,1.109991,1.036000,1.848900,2.437000,344.018944,0.973853,0.859036,42.000000,22890.000000,22344.000000,0.000000,0.002578,0.000000,0.000000,0.000000,2.926716,0.115394,0.118768,0.425308,0.079355,1.000000,0.028320,0.140459,0.036140,0.088712,0.643968,0.101205,1.203592,2.217800,0.059770,0.520842,0.096824,0.516152
accepted-dawn1080,final,3,candidate,surface_still,932.486863,1.072401,0.544200,1.142000,1.560300,22.091498,0.491510,1.053437,42.000000,22890.000000,22344.000000,0.000000,0.002697,0.000000,0.000000,0.000000,1.998412,0.115596,0.135928,0.157456,0.023630,1.000000,0.058473,0.041653,0.067392,0.069940,0.720843,0.030943,1.116648,1.519492,0.053515,0.372050,0.051272,0.463320
accepted-dawn1080,final,3,candidate,overview,1244.350132,0.803632,0.463200,1.073300,1.693000,35.675043,0.447243,0.784772,48.000000,25464.000000,25601.000000,0.000000,0.002193,0.000000,0.000000,0.000000,1.801852,0.000955,0.001144,0.001300,0.000182,0.000000,0.055458,0.043567,0.062868,0.071188,0.670724,0.027150,1.073072,1.566344,0.053725,0.367662,0.051636,0.480272
accepted-dawn1080,final,3,candidate,sky,1208.815651,0.827256,0.420150,0.876000,1.277700,28.608538,0.402335,0.806231,0.000000,0.000000,0.000000,0.000000,0.001753,0.000000,0.000000,0.000000,1.634152,0.310157,0.615212,0.989404,0.009661,1.000000,0.392704,0.012684,0.460512,0.462956,0.037306,0.019186,0.043368,0.044148,0.062334,0.351916,0.055900,0.505752
accepted-dawn1080,final,3,candidate,translate,1050.970677,0.951501,0.532900,1.144600,1.713800,28.499271,0.521005,0.931256,41.228333,23682.750000,22078.183333,0.000000,0.002209,0.000000,0.000000,0.000000,2.114112,0.121608,0.117780,0.554320,0.015777,1.000000,0.062318,0.039830,0.082524,0.085540,0.614896,0.089888,1.019928,1.530360,0.052324,0.362373,0.048360,0.484796
accepted-dawn1080,final,3,candidate,rotate,1105.029560,0.904953,0.552000,1.157900,1.752700,34.454304,0.543621,0.885116,41.503333,23165.943333,22304.370000,0.000000,0.002035,0.000000,0.000000,0.000000,1.896544,0.122948,0.121472,0.525668,0.014706,1.000000,0.142984,0.044183,0.188552,0.199264,0.538806,0.112383,0.914992,1.362088,0.056647,0.361406,0.050856,0.518908
accepted-dawn1080,final,3,candidate,seam_edits,862.387528,1.159571,1.036600,1.872200,2.469900,312.760634,1.063196,1.035245,42.000000,22896.000000,22345.500000,0.000000,0.459225,2.000000,4.000000,167664.000000,1.994460,0.118116,0.117832,0.511264,0.027716,1.000000,0.056845,0.051107,0.061724,0.066612,0.703671,0.569091,1.109992,1.526460,0.058347,0.391348,0.050596,0.514540
accepted-dawn1080,final,3,candidate,sky_moving,1215.467554,0.822729,0.435150,0.920500,1.547300,29.980543,0.410688,0.804730,0.000000,0.000000,0.000000,0.000000,0.001966,0.000000,0.000000,0.000000,1.632644,0.311199,0.636116,0.967824,0.009677,1.000000,0.388091,0.013980,0.398112,0.407576,0.039340,0.028363,0.038584,0.040664,0.062379,0.349990,0.053560,0.507572
accepted-dawn1080,final,3,candidate,wall_moving,1358.048611,0.736351,0.535400,1.096300,1.739100,76.243629,0.539574,0.720867,26.770000,15140.680000,14573.851667,0.000000,0.002088,0.000000,0.000000,0.000000,1.534572,0.114217,0.159484,0.160004,0.022905,1.000000,0.019216,0.032767,0.025428,0.029328,0.513923,0.097082,0.854620,1.056328,0.053266,0.366556,0.057096,0.486148
accepted-dawn1080,final,3,candidate,cloud_layer,1209.375076,0.826873,0.432450,1.014600,1.359600,29.506155,0.416838,0.809104,0.000000,0.000000,0.000000,0.000000,0.001773,0.000000,0.000000,0.000000,1.588236,0.325081,0.639184,1.103544,0.009748,1.000000,0.385944,0.013472,0.459264,0.461916,0.037278,0.021379,0.043784,0.045032,0.057087,0.364074,0.052312,0.461396
accepted-day1080,final,1,base,underground,847.010673,1.180623,1.045200,1.885900,2.533600,141.131641,0.987227,1.161494,42.000000,22890.000000,22344.000000,0.000000,0.002682,0.000000,0.000000,0.000000,3.443908,0.118145,0.119340,0.376220,0.079346,1.000000,0.281371,0.139254,0.285948,0.908596,0.687472,0.093268,1.267708,1.965288,0.061723,0.512690,0.064532,0.452452
accepted-day1080,final,1,base,surface_still,773.333701,1.293103,0.528100,1.026700,1.578200,13.947948,0.446482,1.271586,42.000000,22890.000000,22344.000000,0.000000,0.002129,0.000000,0.000000,0.000000,2.141880,0.117680,0.124384,0.477880,0.021311,1.000000,0.267474,0.018197,0.278096,0.313976,0.736074,0.019024,1.129752,1.552616,0.054328,0.339766,0.050024,0.453752
accepted-day1080,final,1,base,overview,969.378309,1.031589,0.455750,0.924200,1.354900,18.832593,0.410468,1.008238,48.000000,25464.000000,25601.000000,0.000000,0.002104,0.000000,0.000000,0.000000,1.952548,0.000921,0.001092,0.001196,0.000205,0.000000,0.276388,0.018045,0.291824,0.313716,0.680855,0.020908,1.102660,1.620112,0.046159,0.353810,0.049400,0.054652
accepted-day1080,final,1,base,sky,1318.149424,0.758639,0.390950,0.728200,1.446000,30.083708,0.359557,0.738400,0.000000,0.000000,0.000000,0.000000,0.001308,0.000000,0.000000,0.000000,1.557608,0.277569,0.341536,0.342888,0.003114,1.000000,0.330936,0.017067,0.403988,0.407472,0.063550,0.010482,0.309348,0.532792,0.062657,0.315398,0.055016,0.525616
accepted-day1080,final,1,base,translate,853.082065,1.172220,0.523100,1.305400,1.734200,18.247959,0.537757,1.154429,41.228333,23682.750000,22078.183333,0.000000,0.002142,0.000000,0.000000,0.000000,2.174172,0.115842,0.119600,0.462176,0.028607,1.000000,0.268513,0.020616,0.288600,0.301236,0.638455,0.083055,1.115088,1.524796,0.052980,0.371839,0.050388,0.436176
accepted-day1080,final,1,base,rotate,956.853254,1.045092,0.543750,1.140100,1.729200,22.842967,0.527072,1.023363,41.503333,23165.943333,22304.370000,0.000000,0.001863,0.000000,0.000000,0.000000,1.875588,0.116685,0.119600,0.123500,0.033113,1.000000,0.275766,0.018032,0.289588,0.295100,0.556714,0.104158,0.975416,1.366716,0.051774,0.346426,0.049036,0.436748
accepted-day1080,final,1,base,seam_edits,765.236041,1.306786,1.033100,1.807600,2.450200,55.163689,1.039186,1.289880,42.000000,22896.000000,22345.500000,0.000000,0.449224,2.000000,4.000000,167664.000000,2.203136,0.120678,0.137176,0.497224,0.029595,1.000000,0.270889,0.019374,0.315848,0.332332,0.747010,0.551681,1.176396,1.548144,0.055157,0.366331,0.054028,0.481156
accepted-day1080,final,1,base,sky_moving,1322.305598,0.756255,0.422850,0.842400,1.247700,34.363159,0.393031,0.738283,0.000000,0.000000,0.000000,0.000000,0.001546,0.000000,0.000000,0.000000,1.370720,0.279369,0.342992,0.344708,0.003479,1.000000,0.330198,0.017674,0.403260,0.406536,0.061888,0.020656,0.335244,0.516204,0.063119,0.335286,0.237588,0.484224
accepted-day1080,final,1,base,wall_moving,1004.829377,0.995194,0.526250,1.162100,1.851900,24.840267,0.515173,0.978554,26.770000,15140.680000,14573.851667,0.000000,0.001934,0.000000,0.000000,0.000000,1.867996,0.112466,0.121472,0.122928,0.021516,1.000000,0.264849,0.017939,0.288756,0.289536,0.534047,0.085201,0.907504,1.420952,0.050931,0.350547,0.047996,0.443560
accepted-day1080,final,1,base,cloud_layer,1384.122318,0.722479,0.408700,0.835400,1.322400,35.887786,0.375723,0.706136,0.000000,0.000000,0.000000,0.000000,0.001654,0.000000,0.000000,0.000000,1.468480,0.298668,0.334984,0.346996,0.003341,1.000000,0.274204,0.017010,0.301548,0.303992,0.065474,0.012747,0.330824,0.611936,0.063952,0.327763,0.215384,0.494936
accepted-day1080,final,1,candidate,underground,944.435997,1.058833,0.990650,1.749900,2.175800,397.685471,0.932682,0.832258,42.000000,22890.000000,22344.000000,0.000000,0.002158,0.000000,0.000000,0.000000,2.956928,0.111530,0.113880,0.424684,0.076499,1.000000,0.026926,0.133813,0.034424,0.081484,0.621949,0.097589,1.028664,2.210676,0.057995,0.503896,0.053404,0.439400
accepted-day1080,final,1,candidate,surface_still,945.361419,1.057797,0.509900,1.044800,1.517500,20.813972,0.454598,1.034128,42.000000,22890.000000,22344.000000,0.000000,0.002481,0.000000,0.000000,0.000000,1.819948,0.116336,0.143000,0.412776,0.020974,1.000000,0.044420,0.039660,0.055224,0.058604,0.719280,0.027912,1.108380,1.515124,0.054524,0.345605,0.055068,0.432692
accepted-day1080,final,1,candidate,overview,1274.083902,0.784878,0.454450,1.013500,1.561200,37.289385,0.439570,0.762409,48.000000,25464.000000,25601.000000,0.000000,0.002127,0.000000,0.000000,0.000000,1.597284,0.000941,0.001144,0.001248,0.000163,0.000000,0.044767,0.043541,0.052520,0.070148,0.659641,0.027613,1.058096,1.382160,0.053157,0.359731,0.053872,0.470600
accepted-day1080,final,1,candidate,sky,1330.247455,0.751740,0.392600,0.863600,1.270900,32.657113,0.381772,0.729296,0.000000,0.000000,0.000000,0.000000,0.001508,0.000000,0.000000,0.000000,1.445184,0.300083,0.541684,0.805740,0.008342,1.000000,0.326284,0.011888,0.365352,0.367588,0.039367,0.016577,0.042328,0.046644,0.059860,0.338288,0.051220,0.434720
accepted-day1080,final,1,candidate,translate,1070.818778,0.933865,0.533350,1.043700,1.706500,30.247195,0.523726,0.911568,41.228333,23682.750000,22078.183333,0.000000,0.001968,0.000000,0.000000,0.000000,2.064868,0.121203,0.116532,0.483184,0.015937,1.000000,0.045765,0.040613,0.060008,0.062192,0.608218,0.086908,0.918060,1.417572,0.055287,0.367289,0.048828,0.468936
accepted-day1080,final,1,candidate,rotate,1171.599262,0.853534,0.549450,1.204600,1.642400,43.808539,0.547777,0.832195,41.503333,23165.943333,22304.370000,0.000000,0.002087,0.000000,0.000000,0.000000,1.660360,0.124497,0.124124,0.499876,0.014820,1.000000,0.089658,0.046456,0.116064,0.119860,0.543953,0.114684,0.896740,1.336088,0.050950,0.360665,0.051844,0.393640
accepted-day1080,final,1,candidate,seam_edits,904.632442,1.105421,1.016700,1.681700,2.212900,377.012303,1.012278,1.015698,42.000000,22896.000000,22345.500000,0.000000,0.435299,2.000000,4.000000,167664.000000,1.914744,0.114597,0.116376,0.122668,0.026796,1.000000,0.044032,0.050787,0.046956,0.052988,0.706022,0.539654,1.099280,1.532128,0.051558,0.370911,0.047632,0.444756
accepted-day1080,final,1,candidate,sky_moving,1080.328939,0.925644,0.418700,0.850300,1.305900,21.567900,0.383365,0.899901,0.000000,0.000000,0.000000,0.000000,0.001713,0.000000,0.000000,0.000000,1.749072,0.377513,0.692068,1.128088,0.008826,1.000000,0.400653,0.012499,0.403676,0.405132,0.045910,0.025087,0.047996,0.052936,0.071437,0.330301,0.061672,0.519064
accepted-day1080,final,1,candidate,wall_moving,1397.810935,0.715404,0.515400,0.960900,1.680000,66.848941,0.504458,0.699905,26.770000,15140.680000,14573.851667,0.000000,0.001611,0.000000,0.000000,0.000000,1.424280,0.109962,0.121472,0.124852,0.020837,1.000000,0.019614,0.031602,0.024700,0.030212,0.501816,0.090164,0.831220,1.098292,0.048726,0.344421,0.046696,0.410748
accepted-day1080,final,1,candidate,cloud_layer,1442.349645,0.693313,0.410550,0.960900,1.346600,44.534007,0.399324,0.676779,0.000000,0.000000,0.000000,0.000000,0.001555,0.000000,0.000000,0.000000,1.289912,0.317953,0.576420,0.888576,0.009197,1.000000,0.260330,0.012757,0.273156,0.274924,0.035257,0.019856,0.039260,0.040560,0.059542,0.349687,0.051844,0.476736
accepted-day1080,final,2,candidate,underground,938.954205,1.065015,0.998200,1.795800,2.293300,389.549681,0.929306,0.868793,42.000000,22890.000000,22344.000000,0.000000,0.002373,0.000000,0.000000,0.000000,3.003260,0.116066,0.132184,0.428688,0.077355,1.000000,0.027675,0.131950,0.035776,0.100516,0.648080,0.099803,1.057160,2.576080,0.064147,0.498749,0.160888,0.503880
accepted-day1080,final,2,candidate,surface_still,948.634449,1.054147,0.507200,1.001000,1.358900,20.016600,0.434046,1.024659,42.000000,22890.000000,22344.000000,0.000000,0.002372,0.000000,0.000000,0.000000,2.015000,0.116768,0.115388,0.403104,0.019906,1.000000,0.045080,0.037436,0.050284,0.055328,0.711180,0.025752,1.089868,1.553500,0.051741,0.331365,0.049452,0.435240
accepted-day1080,final,2,candidate,overview,1278.341361,0.782264,0.441500,0.916200,1.618300,35.075351,0.424626,0.765785,48.000000,25464.000000,25601.000000,0.000000,0.001881,0.000000,0.000000,0.000000,1.577004,0.000945,0.001144,0.001248,0.000169,0.000000,0.043772,0.042105,0.051532,0.059072,0.665798,0.025885,1.062412,1.342796,0.051388,0.348588,0.053248,0.061360
accepted-day1080,final,2,candidate,sky,1335.048426,0.749037,0.410150,0.830500,1.293600,32.691811,0.380762,0.727269,0.000000,0.000000,0.000000,0.000000,0.001416,0.000000,0.000000,0.000000,1.484444,0.301562,0.468416,0.889616,0.008543,1.000000,0.323732,0.012900,0.331032,0.341276,0.037296,0.016033,0.038844,0.039988,0.060951,0.336127,0.051532,0.514696
accepted-day1080,final,2,candidate,translate,912.542532,1.095839,0.542500,1.063100,1.416200,19.927907,0.492677,1.073156,41.228333,23682.750000,22078.183333,0.000000,0.002200,0.000000,0.000000,0.000000,2.333864,0.138532,0.132392,0.554268,0.015049,1.000000,0.053463,0.039154,0.067912,0.070928,0.719293,0.088094,1.162720,1.663532,0.061248,0.337331,0.056888,0.461240
accepted-day1080,final,2,candidate,rotate,1200.818959,0.832765,0.554600,1.106500,1.822700,47.813718,0.545635,0.815245,41.503333,23165.943333,22304.370000,0.000000,0.001973,0.000000,0.000000,0.000000,1.669044,0.122491,0.120900,0.527852,0.014654,1.000000,0.088542,0.045947,0.113048,0.120224,0.529763,0.116334,0.922428,1.106560,0.051876,0.357893,0.051584,0.447824
accepted-day1080,final,2,candidate,seam_edits,900.934043,1.109959,1.022650,1.750400,2.066300,381.143558,1.013022,1.010767,42.000000,22896.000000,22345.500000,0.000000,0.449202,2.000000,4.000000,167664.000000,1.856348,0.119236,0.115700,0.519376,0.026522,1.000000,0.042960,0.048906,0.047060,0.051636,0.698442,0.556644,1.095640,1.439776,0.052281,0.356887,0.048412,0.450840
accepted-day1080,final,2,candidate,sky_moving,1319.074432,0.758107,0.402650,0.837700,1.187300,32.684652,0.379309,0.740060,0.000000,0.000000,0.000000,0.000000,0.001702,0.000000,0.000000,0.000000,1.546012,0.315310,0.606008,1.099124,0.009290,1.000000,0.330097,0.012897,0.365664,0.367692,0.038320,0.024634,0.042380,0.043316,0.052578,0.325217,0.050596,0.382200
accepted-day1080,final,2,candidate,wall_moving,1158.899849,0.862887,0.493350,1.034500,1.747700,31.675391,0.481992,0.844154,26.770000,15140.680000,14573.851667,0.000000,0.001755,0.000000,0.000000,0.000000,1.717820,0.134754,0.137904,0.139256,0.019270,1.000000,0.022663,0.028879,0.027612,0.032240,0.602820,0.086822,0.947960,1.263288,0.061648,0.329538,0.053872,0.479284
accepted-day1080,final,2,candidate,cloud_layer,965.293670,1.035954,0.399900,0.755200,1.176400,16.569812,0.357110,1.005243,0.000000,0.000000,0.000000,0.000000,0.001637,0.000000,0.000000,0.000000,1.891656,0.475426,0.840840,1.331096,0.007885,1.000000,0.387924,0.011637,0.396864,0.397436,0.050901,0.017845,0.057148,0.060320,0.085942,0.312744,0.296660,0.787696
accepted-day1080,final,2,base,underground,825.095329,1.211981,0.996700,1.741300,2.231300,61.284649,0.921764,1.192483,42.000000,22890.000000,22344.000000,0.000000,0.002455,0.000000,0.000000,0.000000,3.422224,0.120420,0.121576,0.373620,0.076135,1.000000,0.290306,0.118205,0.287872,0.670072,0.708818,0.089619,1.418820,2.180256,0.059481,0.485696,0.109148,0.444912
accepted-day1080,final,2,base,surface_still,761.907761,1.312495,0.572250,1.105500,2.003100,14.523615,0.475392,1.287220,42.000000,22890.000000,22344.000000,0.000000,0.002820,0.000000,0.000000,0.000000,2.225392,0.115482,0.117364,0.132652,0.022057,1.000000,0.270095,0.019074,0.281008,0.314704,0.747231,0.020511,1.158820,1.660048,0.056018,0.363175,0.052104,0.523900
accepted-day1080,final,2,base,overview,952.019487,1.050399,0.455550,0.924300,1.753600,18.722700,0.434460,1.025329,48.000000,25464.000000,25601.000000,0.000000,0.002007,0.000000,0.000000,0.000000,1.944592,0.000935,0.001092,0.001196,0.000182,0.000000,0.281551,0.018449,0.292084,0.297960,0.691683,0.019142,1.185860,1.595256,0.047117,0.378766,0.049920,0.051740
accepted-day1080,final,2,base,sky,1316.316289,0.759696,0.415800,0.778600,1.156100,31.949443,0.376483,0.739572,0.000000,0.000000,0.000000,0.000000,0.001412,0.000000,0.000000,0.000000,1.434368,0.278593,0.313300,0.314756,0.003081,1.000000,0.330093,0.016407,0.370760,0.373568,0.061996,0.011414,0.341744,0.519532,0.065094,0.329852,0.227240,0.605072
accepted-day1080,final,2,base,translate,851.757922,1.174042,0.529750,1.003700,1.449500,16.686250,0.480597,1.150582,41.228333,23682.750000,22078.183333,0.000000,0.001819,0.000000,0.000000,0.000000,2.247284,0.115912,0.130104,0.211484,0.026382,1.000000,0.269538,0.017543,0.290004,0.316680,0.633329,0.076727,1.066104,1.517880,0.053110,0.332175,0.049868,0.518076
accepted-day1080,final,2,base,rotate,949.740673,1.052919,0.567950,1.115300,1.667800,23.528295,0.538798,1.027904,41.503333,23165.943333,22304.370000,0.000000,0.001988,0.000000,0.000000,0.000000,1.870284,0.115822,0.124176,0.131456,0.034817,1.000000,0.274867,0.017069,0.297232,0.315328,0.561855,0.107531,0.988052,1.375452,0.052840,0.352943,0.050336,0.463788
accepted-day1080,final,2,base,seam_edits,760.071229,1.315666,1.035850,1.752700,2.367800,47.693465,1.015933,1.300160,42.000000,22896.000000,22345.500000,0.000000,0.441786,2.000000,4.000000,167664.000000,2.266784,0.115375,0.117572,0.168428,0.028716,1.000000,0.270354,0.017527,0.281216,0.405652,0.762682,0.540900,1.335256,1.693484,0.053138,0.356906,0.056940,0.391352
accepted-day1080,final,2,base,sky_moving,1309.720813,0.763522,0.418250,0.922000,1.453500,35.685228,0.414076,0.745771,0.000000,0.000000,0.000000,0.000000,0.001438,0.000000,0.000000,0.000000,1.492296,0.280845,0.343148,0.344500,0.003284,1.000000,0.332894,0.017257,0.404248,0.407056,0.064643,0.019375,0.345488,0.583544,0.063616,0.357758,0.055016,0.570596
accepted-day1080,final,2,base,wall_moving,995.864672,1.004152,0.516800,1.020100,1.526200,23.231817,0.501235,0.983287,26.770000,15140.680000,14573.851667,0.000000,0.001923,0.000000,0.000000,0.000000,1.908556,0.111830,0.117052,0.118300,0.021822,1.000000,0.266160,0.016269,0.278148,0.279500,0.540045,0.081395,0.896480,1.418560,0.047385,0.342244,0.047112,0.342576
accepted-day1080,final,2,base,cloud_layer,1406.448991,0.711011,0.402250,0.803100,1.361800,37.776952,0.378679,0.694095,0.000000,0.000000,0.000000,0.000000,0.001524,0.000000,0.000000,0.000000,1.522716,0.293604,0.311480,0.317772,0.003132,1.000000,0.270013,0.016551,0.274872,0.276224,0.064078,0.012654,0.332072,0.480376,0.062577,0.331162,0.048464,0.559988
accepted-day1080,final,3,base,underground,847.474864,1.179976,1.110250,1.942300,2.463500,374.109153,1.037314,1.155785,42.000000,22890.000000,22344.000000,0.000000,0.002469,0.000000,0.000000,0.000000,2.063256,0.115553,0.121992,0.199472,0.087220,1.000000,0.279537,0.145500,0.292864,0.486668,0.683654,0.101771,1.093196,1.528436,0.063154,0.534562,0.067392,0.482768
accepted-day1080,final,3,base,surface_still,748.875283,1.335336,0.577550,1.240100,2.012100,14.669611,0.511029,1.308520,42.000000,22890.000000,22344.000000,0.000000,0.002366,0.000000,0.000000,0.000000,2.300636,0.118127,0.130052,0.397956,0.024158,1.000000,0.273383,0.020924,0.313612,0.328796,0.760540,0.021733,1.214252,1.671488,0.058240,0.388051,0.052156,0.440544
accepted-day1080,final,3,base,overview,950.079949,1.052543,0.473200,1.017900,1.646700,18.912184,0.435401,1.024390,48.000000,25464.000000,25601.000000,0.000000,0.002199,0.000000,0.000000,0.000000,1.916928,0.000932,0.001092,0.001196,0.000174,0.000000,0.279625,0.018763,0.299156,0.328172,0.694154,0.020782,1.111864,1.584596,0.045570,0.376806,0.050752,0.054808
accepted-day1080,final,3,base,sky,1303.399461,0.767224,0.405200,0.896900,1.436000,32.907239,0.392652,0.745302,0.000000,0.000000,0.000000,0.000000,0.001648,0.000000,0.000000,0.000000,1.485432,0.277559,0.326716,0.328016,0.003634,1.000000,0.329761,0.018087,0.386256,0.389012,0.069933,0.012027,0.350740,0.561080,0.064275,0.342953,0.238680,0.497380
accepted-day1080,final,3,base,translate,847.089598,1.180513,0.540600,1.069200,1.620300,17.174365,0.504548,1.160991,41.228333,23682.750000,22078.183333,0.000000,0.002002,0.000000,0.000000,0.000000,2.280668,0.117231,0.117104,0.436072,0.028147,1.000000,0.271197,0.017555,0.283556,0.286624,0.644032,0.082377,1.123668,1.553084,0.048320,0.347347,0.049244,0.370552
accepted-day1080,final,3,base,rotate,929.747936,1.075560,0.567550,1.114700,1.746000,22.350556,0.545544,1.048535,41.503333,23165.943333,22304.370000,0.000000,0.001936,0.000000,0.000000,0.000000,2.035072,0.115948,0.120380,0.122876,0.035362,1.000000,0.277620,0.018050,0.289848,0.294216,0.572430,0.107000,1.003444,1.556308,0.058440,0.358055,0.052104,0.487968
accepted-day1080,final,3,base,seam_edits,757.220763,1.320619,1.065600,1.898000,2.533500,66.478680,1.086048,1.302296,42.000000,22896.000000,22345.500000,0.000000,0.460913,2.000000,4.000000,167664.000000,2.332668,0.118739,0.132704,0.474968,0.031030,1.000000,0.270552,0.019322,0.314132,0.331916,0.765964,0.566810,1.269528,1.786616,0.050223,0.393166,0.052416,0.415844
accepted-day1080,final,3,base,sky_moving,1290.975009,0.774608,0.430950,0.857900,1.411700,33.730302,0.406389,0.758163,0.000000,0.000000,0.000000,0.000000,0.001508,0.000000,0.000000,0.000000,1.513460,0.283540,0.328328,0.331864,0.003425,1.000000,0.336276,0.016786,0.386568,0.389168,0.071883,0.020378,0.382772,0.648336,0.062664,0.349970,0.058292,0.464880
accepted-day1080,final,3,base,wall_moving,995.083789,1.004941,0.538850,1.087800,1.442600,24.595093,0.519436,0.985096,26.770000,15140.680000,14573.851667,0.000000,0.001987,0.000000,0.000000,0.000000,1.863784,0.111680,0.114036,0.115232,0.022353,1.000000,0.266974,0.018982,0.274560,0.276172,0.539315,0.085988,0.890968,1.359332,0.050124,0.349217,0.047060,0.415792
accepted-day1080,final,3,base,cloud_layer,1425.038351,0.701736,0.414850,0.859000,1.430000,42.169627,0.400408,0.687498,0.000000,0.000000,0.000000,0.000000,0.001519,0.000000,0.000000,0.000000,1.387464,0.289551,0.312312,0.318604,0.003558,1.000000,0.264521,0.017133,0.275548,0.279136,0.072032,0.013435,0.385112,0.550576,0.057610,0.350377,0.048620,0.457600
accepted-day1080,final,3,candidate,underground,742.456641,1.346880,1.232650,2.254400,2.636800,330.558479,1.168548,0.873522,42.000000,22890.000000,22344.000000,0.000000,0.004148,0.000000,0.000000,0.000000,2.921204,0.117243,0.129688,0.429000,0.100417,1.000000,0.027242,0.164585,0.035308,0.086684,0.659313,0.125073,1.117584,2.192476,0.057668,0.627124,0.058032,0.463684
accepted-day1080,final,3,candidate,surface_still,923.572811,1.082752,0.615200,1.445300,2.241000,26.969832,0.572655,1.057759,42.000000,22890.000000,22344.000000,0.000000,0.003439,0.000000,0.000000,0.000000,2.106468,0.118910,0.157872,0.482976,0.025685,1.000000,0.045177,0.046122,0.059332,0.066144,0.739424,0.035357,1.164020,1.630616,0.053196,0.439408,0.060736,0.447928
accepted-day1080,final,3,candidate,overview,1259.310238,0.794085,0.448950,1.075500,1.672400,35.214553,0.427602,0.773830,48.000000,25464.000000,25601.000000,0.000000,0.002124,0.000000,0.000000,0.000000,1.622816,0.000946,0.001144,0.001248,0.000194,0.000000,0.046246,0.041417,0.053404,0.070980,0.672013,0.026243,1.085032,1.489332,0.050712,0.351542,0.054444,0.065936
accepted-day1080,final,3,candidate,sky,1316.218688,0.759752,0.410850,0.902100,1.246700,34.501576,0.397850,0.739895,0.000000,0.000000,0.000000,0.000000,0.001771,0.000000,0.000000,0.000000,1.468064,0.306790,0.314912,0.915408,0.009719,1.000000,0.330472,0.011557,0.353912,0.365612,0.037072,0.017955,0.041496,0.042796,0.061797,0.351015,0.054132,0.494728
accepted-day1080,final,3,candidate,translate,1082.187642,0.924054,0.542600,1.081800,1.753300,31.279846,0.527047,0.903427,41.228333,23682.750000,22078.183333,0.000000,0.001912,0.000000,0.000000,0.000000,1.933776,0.120986,0.129844,0.453544,0.016024,1.000000,0.046459,0.038586,0.060268,0.062868,0.603445,0.089443,0.927368,1.230684,0.054081,0.370015,0.049504,0.434356
accepted-day1080,final,3,candidate,rotate,1190.020252,0.840322,0.531750,1.114200,1.817000,42.027755,0.531753,0.820776,41.503333,23165.943333,22304.370000,0.000000,0.001916,0.000000,0.000000,0.000000,1.691508,0.119332,0.120692,0.126360,0.014771,1.000000,0.090085,0.043151,0.114504,0.120120,0.534580,0.112518,0.864084,1.297712,0.054046,0.350211,0.050908,0.436124
accepted-day1080,final,3,candidate,seam_edits,883.284937,1.132137,1.027000,1.725900,2.272700,419.451358,1.033666,1.003348,42.000000,22896.000000,22345.500000,0.000000,0.466000,2.000000,4.000000,167664.000000,1.813032,0.112857,0.115076,0.298532,0.026852,1.000000,0.042906,0.047995,0.046644,0.050908,0.695539,0.576981,1.037764,1.454960,0.052139,0.357446,0.047840,0.411684
accepted-day1080,final,3,candidate,sky_moving,1316.476004,0.759604,0.405350,0.910000,1.411900,35.782315,0.406669,0.740691,0.000000,0.000000,0.000000,0.000000,0.001749,0.000000,0.000000,0.000000,1.404468,0.306685,0.582556,0.786812,0.009282,1.000000,0.330046,0.011100,0.342160,0.343980,0.037124,0.026320,0.039520,0.041340,0.063050,0.352024,0.273260,0.442884
accepted-day1080,final,3,candidate,wall_moving,1359.916374,0.735339,0.533950,1.106400,1.776700,74.698684,0.534293,0.720317,26.770000,15140.680000,14573.851667,0.000000,0.001910,0.000000,0.000000,0.000000,1.473160,0.115940,0.144664,0.151840,0.022553,1.000000,0.019012,0.031296,0.025688,0.030524,0.517219,0.094474,0.815516,1.104896,0.050684,0.365762,0.053820,0.414804
accepted-day1080,final,3,candidate,cloud_layer,1335.140520,0.748985,0.415250,0.827900,1.436000,35.288783,0.394682,0.729105,0.000000,0.000000,0.000000,0.000000,0.001960,0.000000,0.000000,0.000000,1.400516,0.339481,0.375804,0.937196,0.009005,1.000000,0.283236,0.011184,0.310700,0.313196,0.041660,0.018858,0.044772,0.046540,0.060733,0.348072,0.058916,0.475332
accepted-day1080-cloud-layer-repeat,final,1,base,cloud_layer,1006.209655,0.993829,0.949200,1.647700,2.192600,423.935392,0.869609,0.728779,0.000000,0.000000,0.000000,0.000000,0.002012,0.000000,0.000000,0.000000,2.477124,0.297934,0.356200,1.083420,0.116317,1.000000,0.276401,0.115162,0.331916,1.036672,0.081973,0.083951,0.337272,0.477932,0.067277,0.486219,0.171184,0.523276
accepted-day1080-cloud-layer-repeat,final,1,candidate,cloud_layer,1048.540615,0.953706,0.908100,1.589400,1.915200,400.935516,0.832422,0.691865,0.000000,0.000000,0.000000,0.000000,0.001953,0.000000,0.000000,0.000000,1.940380,0.314467,0.604136,0.875056,0.115387,1.000000,0.269353,0.104910,0.420212,0.794144,0.036307,0.087991,0.062608,0.126100,0.065769,0.473379,0.131144,0.524628
accepted-day1080-cloud-layer-repeat,final,2,candidate,cloud_layer,1006.833209,0.993213,0.931650,1.587000,2.016700,403.502401,0.867577,0.745261,0.000000,0.000000,0.000000,0.000000,0.002128,0.000000,0.000000,0.000000,2.765828,0.343548,0.812916,1.098604,0.116744,1.000000,0.288209,0.110189,0.361452,0.893256,0.036161,0.093816,0.062348,0.138060,0.071878,0.494405,0.335348,0.461240
accepted-day1080-cloud-layer-repeat,final,2,base,cloud_layer,984.794930,1.015440,0.978600,1.615000,2.065300,416.302402,0.890479,0.718094,0.000000,0.000000,0.000000,0.000000,0.002260,0.000000,0.000000,0.000000,2.463188,0.294013,0.319644,1.081756,0.116876,1.000000,0.272933,0.122697,0.286676,1.037816,0.075206,0.086927,0.212316,0.497744,0.070247,0.493731,0.294996,0.487760
accepted-day1080-cloud-layer-repeat,final,3,base,cloud_layer,862.843045,1.158959,1.088100,2.014500,2.413900,381.027377,1.006665,0.770401,0.000000,0.000000,0.000000,0.000000,0.002966,0.000000,0.000000,0.000000,2.179372,0.313970,0.346632,0.976924,0.127508,1.000000,0.291484,0.131735,0.309244,0.911248,0.080891,0.095437,0.131976,0.585260,0.078600,0.569491,0.396812,0.515476
accepted-day1080-cloud-layer-repeat,final,3,candidate,cloud_layer,896.323327,1.115669,1.035950,1.882500,2.280400,364.941305,0.971934,0.750330,0.000000,0.000000,0.000000,0.000000,0.002580,0.000000,0.000000,0.000000,2.219620,0.345704,0.868972,1.035216,0.138561,1.000000,0.291296,0.119165,0.315120,0.891956,0.036822,0.102153,0.074672,0.142116,0.070945,0.548950,0.147056,0.559000
accepted-day1080-cloud-layer-repeat,final,4,candidate,cloud_layer,1027.203604,0.973517,0.911450,1.632000,2.018100,352.507799,0.851384,0.694988,0.000000,0.000000,0.000000,0.000000,0.002041,0.000000,0.000000,0.000000,2.130128,0.310404,0.454428,0.959972,0.116478,1.000000,0.269091,0.105346,0.376064,0.889356,0.038418,0.090223,0.056784,0.146016,0.071650,0.482529,0.339404,0.460096
accepted-day1080-cloud-layer-repeat,final,4,base,cloud_layer,930.255778,1.074973,0.963700,1.888000,2.383900,381.066096,0.942844,0.736331,0.000000,0.000000,0.000000,0.000000,0.002404,0.000000,0.000000,0.000000,2.466204,0.304379,0.364208,1.093872,0.121287,1.000000,0.281822,0.128399,0.322972,1.034436,0.076182,0.092479,0.159016,0.474188,0.068706,0.525873,0.170300,0.481468
accepted-day1080-cloud-layer-repeat,final,5,base,cloud_layer,975.968405,1.024623,0.974150,1.697200,2.033800,425.239374,0.895253,0.754406,0.000000,0.000000,0.000000,0.000000,0.002151,0.000000,0.000000,0.000000,2.453152,0.306538,0.489112,1.032980,0.115366,1.000000,0.285702,0.121431,0.456196,1.022580,0.084551,0.087957,0.371384,0.496288,0.072099,0.499664,0.175916,0.549120
accepted-day1080-cloud-layer-repeat,final,5,candidate,cloud_layer,995.310264,1.004712,0.956300,1.658500,2.052800,370.768603,0.877862,0.703967,0.000000,0.000000,0.000000,0.000000,0.002232,0.000000,0.000000,0.000000,1.967108,0.325122,0.782288,0.892840,0.121739,1.000000,0.273695,0.108645,0.288132,0.794248,0.035040,0.097268,0.066404,0.124852,0.064798,0.494920,0.126412,0.458224
accepted-day720,final,1,base,underground,1040.487628,0.961088,0.901250,1.602400,1.870400,479.531977,0.849219,0.618039,42.000000,22890.000000,22344.000000,0.000000,0.001832,0.000000,0.000000,0.000000,2.023736,0.059080,0.076284,0.211224,0.069745,1.000000,0.138971,0.113559,0.180388,0.484328,0.354724,0.082285,0.795236,1.149148,0.054629,0.453898,0.064064,0.417872
accepted-day720,final,1,base,surface_still,1631.491705,0.612936,0.430900,0.823900,1.337800,69.829883,0.405219,0.597347,42.000000,22890.000000,22344.000000,0.000000,0.001287,0.000000,0.000000,0.000000,1.215812,0.052589,0.071084,0.072540,0.018407,1.000000,0.117017,0.016048,0.165672,0.166452,0.343112,0.014903,0.644436,0.907556,0.042081,0.316817,0.053144,0.057096
accepted-day720,final,1,base,overview,1917.645438,0.521473,0.413500,0.829000,1.444800,177.635669,0.408187,0.507831,48.000000,25464.000000,25601.000000,0.000000,0.001483,0.000000,0.000000,0.000000,1.162616,0.000886,0.001092,0.001248,0.000148,0.000000,0.123801,0.018029,0.151476,0.154232,0.337727,0.016385,0.659412,0.985140,0.041536,0.358539,0.049920,0.054652
accepted-day720,final,1,base,sky,2411.100708,0.414748,0.368100,0.640600,1.087200,814.133355,0.356351,0.391819,0.000000,0.000000,0.000000,0.000000,0.000959,0.000000,0.000000,0.000000,0.964912,0.132531,0.162864,0.165776,0.003113,1.000000,0.158953,0.016307,0.194272,0.197184,0.045276,0.009755,0.040664,0.397904,0.051219,0.314894,0.051896,0.385580
accepted-day720,final,1,base,translate,1818.087057,0.550029,0.476450,0.899800,1.378000,644.122383,0.480229,0.537083,41.228333,23682.750000,22078.183333,0.000000,0.001512,0.000000,0.000000,0.000000,1.114048,0.051709,0.052988,0.054132,0.025253,1.000000,0.116087,0.017109,0.123552,0.128648,0.288220,0.074604,0.579696,0.693524,0.045102,0.336554,0.042744,0.375648
accepted-day720,final,1,base,rotate,1768.945629,0.565308,0.497150,0.940300,1.383700,593.102221,0.495122,0.486157,41.503333,23165.943333,22304.370000,0.000000,0.001440,0.000000,0.000000,0.000000,1.037972,0.050413,0.061672,0.062556,0.029753,1.000000,0.118799,0.017481,0.144768,0.146380,0.261745,0.100380,0.520728,0.784212,0.042638,0.325431,0.047216,0.051532
accepted-day720,final,1,base,seam_edits,958.779359,1.042993,0.941050,1.707000,1.991000,435.967302,0.961391,0.695325,42.000000,22896.000000,22345.500000,0.000000,0.416967,2.000000,4.000000,167664.000000,1.514604,0.062125,0.076232,0.331032,0.025793,1.000000,0.138833,0.017014,0.182312,0.183820,0.394175,0.510457,0.696280,0.964912,0.051472,0.354730,0.060060,0.400036
accepted-day720,final,1,base,sky_moving,2319.518282,0.431124,0.381100,0.741900,1.266300,645.501393,0.366580,0.367149,0.000000,0.000000,0.000000,0.000000,0.001180,0.000000,0.000000,0.000000,0.793676,0.123775,0.133744,0.135148,0.003253,1.000000,0.149763,0.016111,0.163644,0.164684,0.041984,0.017276,0.034632,0.400296,0.047860,0.316742,0.046332,0.376532
accepted-day720,final,1,base,wall_moving,1821.124866,0.549111,0.477850,0.944700,1.595700,440.609510,0.476162,0.453955,26.816667,15183.423333,14600.740000,0.000000,0.001402,0.000000,0.000000,0.000000,0.884728,0.048861,0.049660,0.051064,0.019290,1.000000,0.114841,0.017593,0.119808,0.122148,0.238114,0.077548,0.243672,0.620308,0.042205,0.327749,0.042172,0.046748
accepted-day720,final,1,base,cloud_layer,2260.285429,0.442422,0.375750,0.845800,1.333900,617.557150,0.376166,0.332777,0.000000,0.000000,0.000000,0.000000,0.001234,0.000000,0.000000,0.000000,0.685308,0.124979,0.133016,0.136500,0.003182,1.000000,0.120835,0.016506,0.122928,0.128336,0.037689,0.012172,0.032656,0.376896,0.045538,0.330723,0.042796,0.366392
accepted-day720,final,1,candidate,underground,1022.893900,0.977619,0.893750,1.638500,2.035000,355.911995,0.854112,0.520076,42.000000,22890.000000,22344.000000,0.000000,0.002148,0.000000,0.000000,0.000000,1.813604,0.064125,0.076284,0.237952,0.072256,1.000000,0.015089,0.123134,0.020176,0.051636,0.369108,0.092152,0.962624,1.312428,0.058946,0.458654,0.161200,0.257764
accepted-day720,final,1,candidate,surface_still,1865.600290,0.536020,0.426800,0.837200,1.451400,134.675600,0.407822,0.518872,42.000000,22890.000000,22344.000000,0.000000,0.001443,0.000000,0.000000,0.000000,1.252524,0.058609,0.108888,0.347516,0.018410,1.000000,0.018038,0.034778,0.035984,0.038116,0.351227,0.020232,0.684580,0.783276,0.045607,0.318445,0.079612,0.089544
accepted-day720,final,1,candidate,overview,2170.825123,0.460654,0.402350,0.851800,1.245100,662.990751,0.396718,0.363726,48.000000,25464.000000,25601.000000,0.000000,0.001358,0.000000,0.000000,0.000000,0.849992,0.000896,0.001092,0.001248,0.000136,0.000000,0.018189,0.037712,0.021580,0.022776,0.297935,0.020893,0.371696,0.736008,0.042916,0.330786,0.050284,0.052312
accepted-day720,final,1,candidate,sky,2376.184924,0.420843,0.374300,0.756000,1.179700,709.303700,0.357328,0.384050,0.000000,0.000000,0.000000,0.000000,0.001287,0.000000,0.000000,0.000000,0.948376,0.144604,0.157248,0.570544,0.007951,1.000000,0.154557,0.012198,0.181636,0.184028,0.028790,0.015525,0.036660,0.037128,0.052210,0.315286,0.052780,0.399724
accepted-day720,final,1,candidate,translate,1689.750061,0.591803,0.500450,1.108800,1.667900,423.710860,0.511823,0.451201,41.228333,23682.750000,22078.183333,0.000000,0.001993,0.000000,0.000000,0.000000,1.126788,0.055287,0.064792,0.066404,0.015835,1.000000,0.019972,0.039568,0.025428,0.028964,0.293522,0.090916,0.407160,0.877656,0.044304,0.352289,0.049296,0.057668
accepted-day720,final,1,candidate,rotate,1795.407348,0.556977,0.495450,0.907200,1.285500,548.511249,0.487146,0.416582,41.503333,23165.943333,22304.370000,0.000000,0.001438,0.000000,0.000000,0.000000,0.926016,0.055037,0.054340,0.055224,0.012899,1.000000,0.039009,0.039146,0.048568,0.049972,0.262398,0.103910,0.328068,0.718380,0.047582,0.320359,0.046228,0.322972
accepted-day720,final,1,candidate,seam_edits,945.206386,1.057970,0.945850,1.671000,2.268600,372.823642,0.973667,0.730893,42.000000,22896.000000,22345.500000,0.000000,0.441431,2.000000,4.000000,167664.000000,1.452984,0.077994,0.076960,0.078936,0.023709,1.000000,0.026571,0.043201,0.027924,0.029952,0.493381,0.541911,0.857012,1.107600,0.065272,0.343918,0.062400,0.430820
accepted-day720,final,1,candidate,sky_moving,2316.591583,0.431669,0.384600,0.723700,1.041400,795.481664,0.369459,0.356889,0.000000,0.000000,0.000000,0.000000,0.001165,0.000000,0.000000,0.000000,0.760396,0.134109,0.191360,0.450996,0.008340,1.000000,0.145297,0.012778,0.220480,0.221104,0.025323,0.023037,0.043784,0.044928,0.048353,0.317394,0.059020,0.388336
accepted-day720,final,1,candidate,wall_moving,1754.748716,0.569882,0.494100,1.021100,1.455000,611.464968,0.495971,0.392786,26.816667,15183.423333,14600.740000,0.000000,0.001642,0.000000,0.000000,0.000000,0.858832,0.058219,0.072176,0.073268,0.019972,1.000000,0.009320,0.028101,0.011648,0.012220,0.261700,0.087004,0.318084,0.704288,0.051653,0.342131,0.054288,0.368472
accepted-day720,final,1,candidate,cloud_layer,2248.998633,0.444642,0.374250,0.806700,1.244500,641.327120,0.377543,0.338164,0.000000,0.000000,0.000000,0.000000,0.001267,0.000000,0.000000,0.000000,0.864448,0.136555,0.186056,0.440336,0.008170,1.000000,0.119057,0.012372,0.170092,0.171236,0.024078,0.017309,0.042276,0.042796,0.054636,0.330690,0.056784,0.471900
accepted-day720,final,2,candidate,underground,1002.470254,0.997536,0.919650,1.586500,2.106500,425.755361,0.872650,0.589598,42.000000,22890.000000,22344.000000,0.000000,0.002234,0.000000,0.000000,0.000000,2.223780,0.072765,0.203216,0.235976,0.069123,1.000000,0.018623,0.119349,0.042120,0.054028,0.411631,0.092744,1.105572,1.308372,0.074899,0.474334,0.164632,0.436332
accepted-day720,final,2,candidate,surface_still,1892.102836,0.528512,0.423450,0.931600,1.468900,190.633539,0.424604,0.512597,42.000000,22890.000000,22344.000000,0.000000,0.001440,0.000000,0.000000,0.000000,1.288404,0.053265,0.096200,0.101660,0.019417,1.000000,0.017779,0.035446,0.033072,0.033748,0.350134,0.021338,0.636272,0.925028,0.046030,0.331953,0.073944,0.359788
accepted-day720,final,2,candidate,overview,2240.010394,0.446427,0.401100,0.768700,1.082000,705.359557,0.381657,0.362622,48.000000,25464.000000,25601.000000,0.000000,0.001358,0.000000,0.000000,0.000000,0.869284,0.000902,0.001144,0.001248,0.000164,0.000000,0.018866,0.037185,0.022464,0.024544,0.295776,0.019606,0.388596,0.781768,0.043230,0.317873,0.051740,0.053664
accepted-day720,final,2,candidate,sky,2287.384730,0.437181,0.372300,0.834500,1.257900,600.714851,0.368857,0.350406,0.000000,0.000000,0.000000,0.000000,0.001571,0.000000,0.000000,0.000000,0.730704,0.126884,0.128076,0.413868,0.008318,1.000000,0.141751,0.012799,0.150176,0.150748,0.027948,0.016065,0.030316,0.032344,0.050077,0.324002,0.044772,0.419640
accepted-day720,final,2,candidate,translate,1957.844348,0.510766,0.465300,0.760600,1.155200,704.754745,0.445764,0.427858,41.228333,23682.750000,22078.183333,0.000000,0.001346,0.000000,0.000000,0.000000,0.988624,0.053387,0.051740,0.292968,0.012721,1.000000,0.019292,0.034512,0.024596,0.025584,0.275368,0.076629,0.348972,0.687180,0.043226,0.310858,0.042900,0.208832
accepted-day720,final,2,candidate,rotate,1762.773571,0.567288,0.498900,0.952800,1.389300,612.138711,0.493764,0.375423,41.503333,23165.943333,22304.370000,0.000000,0.001692,0.000000,0.000000,0.000000,0.830492,0.054897,0.049348,0.353912,0.013219,1.000000,0.036282,0.038940,0.045500,0.048412,0.230475,0.107570,0.290576,0.566020,0.042303,0.323417,0.042328,0.046124
accepted-day720,final,2,candidate,seam_edits,981.482693,1.018867,0.929050,1.563000,2.226300,429.913372,0.938096,0.565748,42.000000,22896.000000,22345.500000,0.000000,0.422534,2.000000,4.000000,167664.000000,1.150032,0.062898,0.065832,0.069732,0.022901,1.000000,0.022001,0.043769,0.023400,0.025168,0.379188,0.518058,0.500916,0.813436,0.051338,0.333356,0.052676,0.059176
accepted-day720,final,2,candidate,sky_moving,2255.773935,0.443307,0.383450,0.745600,1.281600,557.931932,0.377128,0.345926,0.000000,0.000000,0.000000,0.000000,0.001263,0.000000,0.000000,0.000000,0.762372,0.127315,0.164060,0.455520,0.008127,1.000000,0.142248,0.012136,0.189176,0.189696,0.023065,0.022014,0.037804,0.038688,0.049538,0.327686,0.051220,0.386828
accepted-day720,final,2,candidate,wall_moving,1894.268858,0.527908,0.462950,0.887500,1.363400,568.892934,0.459133,0.404331,26.816667,15183.423333,14600.740000,0.000000,0.001447,0.000000,0.000000,0.000000,0.922532,0.059130,0.059176,0.060580,0.018272,1.000000,0.010180,0.026053,0.009984,0.014144,0.271411,0.082215,0.274040,0.748800,0.051525,0.317068,0.047788,0.377052
accepted-day720,final,2,candidate,cloud_layer,2381.657427,0.419876,0.374000,0.714500,1.135800,703.506982,0.358893,0.337304,0.000000,0.000000,0.000000,0.000000,0.001193,0.000000,0.000000,0.000000,0.753116,0.138240,0.176696,0.428480,0.007871,1.000000,0.119213,0.011913,0.154024,0.155220,0.025306,0.015202,0.038792,0.039364,0.050689,0.317657,0.051948,0.385320
accepted-day720,final,2,base,underground,979.541460,1.020886,0.952950,1.736100,2.297200,370.615159,0.901828,0.623810,42.000000,22890.000000,22344.000000,0.000000,0.001816,0.000000,0.000000,0.000000,1.999920,0.060525,0.081172,0.212212,0.076828,1.000000,0.142210,0.120914,0.189852,0.481156,0.357176,0.086685,0.728416,1.116856,0.053189,0.479723,0.067132,0.166712
accepted-day720,final,2,base,surface_still,1626.622827,0.614771,0.446750,0.872500,1.552100,80.339461,0.417905,0.600845,42.000000,22890.000000,22344.000000,0.000000,0.001510,0.000000,0.000000,0.000000,1.226784,0.053072,0.078832,0.079664,0.019393,1.000000,0.118248,0.017213,0.183560,0.184756,0.339165,0.015591,0.618800,0.727688,0.046642,0.324867,0.058760,0.318968
accepted-day720,final,2,base,overview,1881.953229,0.531363,0.420600,0.900200,1.543400,204.953032,0.424882,0.518086,48.000000,25464.000000,25601.000000,0.000000,0.001404,0.000000,0.000000,0.000000,1.204684,0.000925,0.001144,0.001248,0.000148,0.000000,0.127207,0.017367,0.151164,0.153556,0.343035,0.017354,0.647088,1.028612,0.042918,0.373925,0.049764,0.054392
accepted-day720,final,2,base,sky,2430.168107,0.411494,0.369900,0.652800,1.112500,782.625709,0.349954,0.373401,0.000000,0.000000,0.000000,0.000000,0.001028,0.000000,0.000000,0.000000,0.873860,0.126818,0.142792,0.145236,0.002962,1.000000,0.152480,0.016183,0.170404,0.172432,0.040693,0.009460,0.034996,0.402584,0.049551,0.309192,0.046280,0.376896
accepted-day720,final,2,base,translate,1762.804646,0.567278,0.475950,0.977300,1.437300,228.335699,0.470840,0.550772,41.228333,23682.750000,22078.183333,0.000000,0.001260,0.000000,0.000000,0.000000,1.208844,0.051455,0.067912,0.069264,0.024709,1.000000,0.119262,0.016953,0.158236,0.160628,0.294415,0.072350,0.439920,0.795756,0.048568,0.331172,0.051324,0.364936
accepted-day720,final,2,base,rotate,1754.099257,0.570093,0.496100,0.956000,1.488800,536.399152,0.502409,0.482985,41.503333,23165.943333,22304.370000,0.000000,0.001481,0.000000,0.000000,0.000000,1.012076,0.051108,0.054912,0.056420,0.029931,1.000000,0.119008,0.016963,0.128492,0.130988,0.255356,0.099185,0.342524,0.718796,0.045172,0.332598,0.044564,0.300612
accepted-day720,final,2,base,seam_edits,977.944898,1.022553,0.927350,1.550200,2.073400,451.158349,0.940307,0.762677,42.000000,22896.000000,22345.500000,0.000000,0.415119,2.000000,4.000000,167664.000000,1.466608,0.067559,0.064688,0.067236,0.023393,1.000000,0.152762,0.017283,0.153192,0.158236,0.429015,0.506367,0.758316,0.922064,0.058662,0.341775,0.053248,0.426296
accepted-day720,final,2,base,sky_moving,2402.724690,0.416194,0.373300,0.669000,1.037400,761.517959,0.354041,0.366771,0.000000,0.000000,0.000000,0.000000,0.000965,0.000000,0.000000,0.000000,0.787852,0.123410,0.191100,0.192088,0.002994,1.000000,0.147919,0.017310,0.225472,0.227760,0.040280,0.016792,0.044564,0.359320,0.051393,0.304226,0.059384,0.391092
accepted-day720,final,2,base,wall_moving,1848.344561,0.541025,0.472650,0.951600,1.495800,577.628450,0.473018,0.464088,26.816667,15183.423333,14600.740000,0.000000,0.001308,0.000000,0.000000,0.000000,0.913432,0.050316,0.052728,0.056472,0.018936,1.000000,0.116719,0.016399,0.125216,0.127660,0.241730,0.076669,0.252564,0.634348,0.043177,0.327740,0.043212,0.047320
accepted-day720,final,2,base,cloud_layer,2258.418821,0.442788,0.386950,0.761800,1.287700,665.934139,0.375693,0.343895,0.000000,0.000000,0.000000,0.000000,0.001103,0.000000,0.000000,0.000000,0.737360,0.129904,0.168220,0.172900,0.003143,1.000000,0.123080,0.017356,0.158288,0.158808,0.037527,0.011548,0.038376,0.346372,0.049323,0.329806,0.051792,0.384228
accepted-day720,final,3,base,underground,978.044849,1.022448,0.969100,1.666800,2.228100,403.540394,0.904573,0.631848,42.000000,22890.000000,22344.000000,0.000000,0.002246,0.000000,0.000000,0.000000,2.008240,0.060495,0.085020,0.208104,0.076269,1.000000,0.142484,0.122362,0.198744,0.483756,0.360392,0.084499,0.745888,1.130792,0.057988,0.482517,0.071916,0.420264
accepted-day720,final,3,base,surface_still,1597.113696,0.626129,0.449850,0.916300,1.561700,79.683074,0.434832,0.610866,42.000000,22890.000000,22344.000000,0.000000,0.001448,0.000000,0.000000,0.000000,1.368328,0.055421,0.075296,0.079924,0.019614,1.000000,0.119764,0.017011,0.175136,0.184912,0.346823,0.016173,0.614796,0.930488,0.045392,0.338755,0.058448,0.376844
accepted-day720,final,3,base,overview,1832.982317,0.545559,0.402900,0.757200,1.458800,97.490434,0.387827,0.531731,48.000000,25464.000000,25601.000000,0.000000,0.001350,0.000000,0.000000,0.000000,1.194596,0.000933,0.001196,0.001352,0.000140,0.000000,0.130194,0.016449,0.166192,0.167856,0.349299,0.015366,0.630656,0.919256,0.047296,0.340439,0.054548,0.060008
accepted-day720,final,3,base,sky,2381.675390,0.419872,0.375900,0.711300,1.095600,786.637648,0.357259,0.371308,0.000000,0.000000,0.000000,0.000000,0.001136,0.000000,0.000000,0.000000,0.797732,0.126310,0.137176,0.138112,0.003093,1.000000,0.152007,0.015899,0.163904,0.166972,0.037940,0.010064,0.032864,0.363376,0.051234,0.314690,0.044876,0.386256
accepted-day720,final,3,base,translate,1801.721184,0.555025,0.470200,0.932000,1.387100,299.585075,0.466803,0.543164,41.228333,23682.750000,22078.183333,0.000000,0.001509,0.000000,0.000000,0.000000,1.155752,0.051522,0.053144,0.054496,0.024705,1.000000,0.116253,0.015558,0.123864,0.125684,0.298579,0.076109,0.611052,0.810004,0.040763,0.326093,0.043992,0.046228
accepted-day720,final,3,base,rotate,1626.187693,0.614935,0.525800,1.022300,1.504700,541.755831,0.535886,0.481912,41.503333,23165.943333,22304.370000,0.000000,0.001733,0.000000,0.000000,0.000000,1.049100,0.050281,0.058864,0.060216,0.032351,1.000000,0.119232,0.017749,0.138736,0.146068,0.252433,0.104484,0.372060,0.650416,0.047792,0.355954,0.047424,0.406224
accepted-day720,final,3,base,seam_edits,945.125241,1.058061,0.966450,1.634300,2.165900,368.749693,0.971392,0.830967,42.000000,22896.000000,22345.500000,0.000000,0.422157,2.000000,4.000000,167664.000000,1.675440,0.072995,0.069940,0.281320,0.025490,1.000000,0.163056,0.017087,0.166400,0.167544,0.476680,0.515944,0.836108,1.318356,0.059526,0.357821,0.057408,0.382668
accepted-day720,final,3,base,sky_moving,2151.887385,0.464708,0.410600,0.857400,1.197900,643.528251,0.392268,0.424652,0.000000,0.000000,0.000000,0.000000,0.001456,0.000000,0.000000,0.000000,0.945880,0.143318,0.157976,0.159952,0.003492,1.000000,0.171719,0.016360,0.191776,0.193284,0.048950,0.019398,0.039208,0.462384,0.056510,0.339162,0.053664,0.450060
accepted-day720,final,3,base,wall_moving,1762.345894,0.567425,0.484600,0.980500,1.881400,359.917219,0.492451,0.480312,26.816667,15183.423333,14600.740000,0.000000,0.001435,0.000000,0.000000,0.000000,1.170156,0.051986,0.072072,0.075972,0.024261,1.000000,0.121138,0.017627,0.166244,0.175500,0.251743,0.080256,0.334100,0.806260,0.043367,0.335424,0.053820,0.056784
accepted-day720,final,3,base,cloud_layer,2236.506874,0.447126,0.396900,0.695300,1.067500,715.444052,0.379042,0.325973,0.000000,0.000000,0.000000,0.000000,0.001298,0.000000,0.000000,0.000000,0.684476,0.120824,0.128076,0.130416,0.003175,1.000000,0.116732,0.016760,0.118352,0.119184,0.036137,0.012224,0.031252,0.320632,0.048604,0.332767,0.042224,0.368472
accepted-day720,final,3,candidate,underground,1010.863242,0.989254,0.920700,1.588900,1.977500,418.243794,0.866694,0.610605,42.000000,22890.000000,22344.000000,0.000000,0.001829,0.000000,0.000000,0.000000,2.682004,0.074516,0.164060,0.245752,0.071092,1.000000,0.018942,0.123951,0.040404,0.060996,0.431172,0.087340,1.105780,1.587092,0.070857,0.476411,0.139724,0.391976
accepted-day720,final,3,candidate,surface_still,1896.319970,0.527337,0.419750,0.932500,1.323700,182.154339,0.417224,0.514014,42.000000,22890.000000,22344.000000,0.000000,0.001495,0.000000,0.000000,0.000000,1.255696,0.055043,0.094380,0.097084,0.019134,1.000000,0.017888,0.034414,0.031356,0.031720,0.345843,0.020758,0.594048,0.910260,0.048178,0.326672,0.069836,0.385060
accepted-day720,final,3,candidate,overview,1973.182477,0.506795,0.425400,0.922700,1.429400,553.623001,0.433448,0.416730,48.000000,25464.000000,25601.000000,0.000000,0.001567,0.000000,0.000000,0.000000,0.944268,0.000987,0.001196,0.001300,0.000155,0.000000,0.020644,0.040893,0.023244,0.027716,0.339296,0.023933,0.372580,0.828828,0.051571,0.360300,0.053768,0.359736
accepted-day720,final,3,candidate,sky,2337.163945,0.427869,0.357800,0.782200,1.010800,816.826629,0.365492,0.357957,0.000000,0.000000,0.000000,0.000000,0.001136,0.000000,0.000000,0.000000,0.712296,0.132187,0.128544,0.453700,0.007928,1.000000,0.145400,0.011174,0.150696,0.151008,0.025889,0.014880,0.030316,0.030680,0.050648,0.324623,0.047112,0.372476
accepted-day720,final,3,candidate,translate,1911.650522,0.523108,0.467100,0.904400,1.234700,723.597728,0.455285,0.427715,41.228333,23682.750000,22078.183333,0.000000,0.001396,0.000000,0.000000,0.000000,1.017692,0.051097,0.051064,0.055276,0.013454,1.000000,0.019393,0.033410,0.024804,0.026780,0.275092,0.077749,0.349596,0.699348,0.045706,0.319487,0.043212,0.372476
accepted-day720,final,3,candidate,rotate,1794.586808,0.557231,0.499000,0.889900,1.283000,637.721210,0.489406,0.385743,41.503333,23165.943333,22304.370000,0.000000,0.001329,0.000000,0.000000,0.000000,0.858052,0.052107,0.056680,0.058344,0.012741,1.000000,0.037499,0.037732,0.044460,0.049556,0.239885,0.103074,0.349076,0.611468,0.043856,0.326264,0.044564,0.050128
accepted-day720,final,3,candidate,seam_edits,988.147500,1.011995,0.912950,1.516600,1.882700,455.117800,0.935509,0.663069,42.000000,22896.000000,22345.500000,0.000000,0.417966,2.000000,4.000000,167664.000000,1.387464,0.072887,0.089752,0.090792,0.022993,1.000000,0.025720,0.040125,0.031356,0.034684,0.446811,0.512356,0.581724,1.112228,0.056606,0.340790,0.068692,0.070824
accepted-day720,final,3,candidate,sky_moving,2399.257190,0.416796,0.378600,0.682800,1.046300,708.123355,0.354847,0.347578,0.000000,0.000000,0.000000,0.000000,0.001137,0.000000,0.000000,0.000000,0.820300,0.131064,0.172328,0.508248,0.007603,1.000000,0.142340,0.010805,0.198692,0.199004,0.024393,0.021103,0.039780,0.040560,0.046047,0.307962,0.053820,0.327756
accepted-day720,final,3,candidate,wall_moving,1914.920100,0.522215,0.476250,0.795700,1.096300,662.858910,0.452700,0.339109,26.816667,15183.423333,14600.740000,0.000000,0.001413,0.000000,0.000000,0.000000,0.736424,0.050263,0.051324,0.053560,0.018394,1.000000,0.008239,0.025898,0.008580,0.012532,0.225962,0.082287,0.228384,0.563524,0.043278,0.311066,0.042016,0.046384
accepted-day720,final,3,candidate,cloud_layer,2289.342348,0.436807,0.366250,0.841600,1.200500,672.540184,0.370588,0.337920,0.000000,0.000000,0.000000,0.000000,0.001243,0.000000,0.000000,0.000000,0.880620,0.137252,0.168584,0.453752,0.008033,1.000000,0.117467,0.010677,0.153816,0.154076,0.027088,0.016469,0.038428,0.038896,0.052332,0.328294,0.051688,0.458640
accepted-debug1080,final,1,base,surface_still,663.616831,1.506894,1.307250,2.209100,3.324500,66.146243,1.240292,1.486511,42.000000,22890.000000,22344.000000,0.000000,0.002420,0.000000,0.000000,0.000000,3.919188,0.125776,0.120276,0.474396,0.078698,1.000000,0.350686,0.127096,0.353340,1.004016,0.800754,0.093892,1.521936,2.039284,0.108200,0.781914,0.108004,0.527436
accepted-debug1080,final,1,candidate,surface_still,730.276598,1.369344,1.278200,2.205600,2.831800,330.525701,1.231422,1.091685,42.000000,22890.000000,22344.000000,0.000000,0.002678,0.000000,0.000000,0.000000,3.486964,0.118401,0.114140,0.504452,0.077832,1.000000,0.063486,0.142269,0.069524,0.208416,0.710064,0.101386,1.110928,2.269488,0.097312,0.785927,0.098176,0.393692
accepted-debug1080,final,2,candidate,surface_still,747.837348,1.337189,1.259950,2.083100,2.575900,321.307507,1.200819,1.127816,42.000000,22890.000000,22344.000000,0.000000,0.002532,0.000000,0.000000,0.000000,3.980184,0.119716,0.178880,0.441584,0.074083,1.000000,0.065493,0.131846,0.096564,0.231244,0.733797,0.100374,1.102036,2.585856,0.103867,0.774691,0.147160,0.478712
accepted-debug1080,final,2,base,surface_still,667.906673,1.497215,1.325100,2.272300,3.130100,97.639881,1.275551,1.475523,42.000000,22890.000000,22344.000000,0.000000,0.002583,0.000000,0.000000,0.000000,4.375592,0.121507,0.119652,0.449228,0.085257,1.000000,0.344495,0.135912,0.353496,1.126216,0.803110,0.094498,1.406704,2.249312,0.106142,0.795134,0.103844,0.491452
accepted-debug1080,final,3,base,surface_still,655.832317,1.524780,1.318100,2.236500,2.985200,69.700659,1.253963,1.496022,42.000000,22890.000000,22344.000000,0.000000,0.002556,0.000000,0.000000,0.000000,3.964740,0.125735,0.120848,0.488124,0.080669,1.000000,0.352216,0.128342,0.354432,1.009008,0.804961,0.096442,1.540916,2.048956,0.109132,0.783747,0.111384,0.526084
accepted-debug1080,final,3,candidate,surface_still,727.816516,1.373973,1.274000,2.239300,2.681900,315.653244,1.238241,1.097236,42.000000,22890.000000,22344.000000,0.000000,0.002334,0.000000,0.000000,0.000000,3.955640,0.120807,0.111488,0.458380,0.078162,1.000000,0.062597,0.137657,0.066092,0.235924,0.707603,0.100713,1.054300,2.581592,0.101820,0.795459,0.129792,0.475384
accepted-dusk1080,final,1,base,underground,716.235495,1.396189,1.016000,1.805400,2.365800,30.880098,0.932658,1.377047,42.000000,22890.000000,22344.000000,0.000000,0.002586,0.000000,0.000000,0.000000,3.589508,0.118529,0.119860,0.334880,0.074621,1.000000,0.481754,0.121280,0.487968,1.387048,0.704534,0.085779,1.462084,1.764412,0.060663,0.496006,0.074828,0.514800
accepted-dusk1080,final,1,base,surface_still,651.193866,1.535641,0.527700,0.978600,1.572400,10.400297,0.442676,1.504776,42.000000,22890.000000,22344.000000,0.000000,0.001922,0.000000,0.000000,0.000000,2.608736,0.121350,0.124592,0.521456,0.021912,1.000000,0.464035,0.015210,0.487240,0.520000,0.768753,0.018298,1.481636,1.773148,0.053500,0.339645,0.050128,0.434720
accepted-dusk1080,final,1,base,overview,826.299801,1.210214,0.475250,0.978600,1.428800,14.625186,0.430654,1.184334,48.000000,25464.000000,25601.000000,0.000000,0.001949,0.000000,0.000000,0.000000,2.306200,0.000935,0.001144,0.001196,0.000167,0.000000,0.423825,0.015642,0.440596,0.446056,0.708866,0.019575,1.423500,1.827956,0.046728,0.377678,0.050024,0.052832
accepted-dusk1080,final,1,base,sky,984.765190,1.015470,0.425700,0.767800,1.392400,18.166960,0.388520,0.996349,0.000000,0.000000,0.000000,0.000000,0.001574,0.000000,0.000000,0.000000,1.896180,0.282320,0.296244,0.313404,0.003443,1.000000,0.566512,0.013819,0.588952,0.629616,0.074303,0.011466,0.408356,0.664924,0.069432,0.345132,0.345436,0.620984
accepted-dusk1080,final,1,base,translate,705.704598,1.417023,0.571950,1.163000,1.764200,12.807172,0.537220,1.384788,41.228333,23682.750000,22078.183333,0.000000,0.002397,0.000000,0.000000,0.000000,2.747160,0.118637,0.124748,0.423696,0.029765,1.000000,0.465440,0.015597,0.488904,0.520156,0.665824,0.085888,1.326832,1.797484,0.054903,0.375546,0.049452,0.468416
accepted-dusk1080,final,1,base,rotate,765.984859,1.305509,0.582000,1.174200,1.871700,15.352580,0.559652,1.279656,41.503333,23165.943333,22304.370000,0.000000,0.002199,0.000000,0.000000,0.000000,2.358356,0.117956,0.122252,0.137228,0.034493,1.000000,0.502285,0.016031,0.541632,0.566800,0.585429,0.111442,1.110772,1.547104,0.051314,0.369834,0.050544,0.483340
accepted-dusk1080,final,1,base,seam_edits,644.635185,1.551265,1.121450,1.961000,2.918300,28.871041,1.091278,1.532574,42.000000,22896.000000,22345.500000,0.000000,0.478187,2.000000,4.000000,167664.000000,2.798640,0.123396,0.143676,0.636636,0.030827,1.000000,0.472188,0.015784,0.489008,0.627692,0.782742,0.584242,1.504984,1.761084,0.056757,0.381019,0.056628,0.479752
accepted-dusk1080,final,1,base,sky_moving,972.087008,1.028715,0.458000,0.992300,1.591400,20.251066,0.447489,1.008684,0.000000,0.000000,0.000000,0.000000,0.001879,0.000000,0.000000,0.000000,1.906424,0.285414,0.302432,0.314964,0.003629,1.000000,0.569106,0.015681,0.602836,0.630864,0.087721,0.020882,0.449124,0.899080,0.062653,0.389104,0.053404,0.485628
accepted-dusk1080,final,1,base,wall_moving,815.476881,1.226276,0.536600,1.070700,1.484800,15.906390,0.510686,1.200955,26.770000,15140.680000,14573.851667,0.000000,0.002280,0.000000,0.000000,0.000000,2.232724,0.113413,0.119132,0.132028,0.021473,1.000000,0.462003,0.014396,0.482508,0.541892,0.550813,0.085732,0.988260,1.468272,0.056680,0.350002,0.048620,0.524836
accepted-dusk1080,final,1,base,cloud_layer,1068.355143,0.936018,0.426000,0.854500,1.351300,21.359656,0.392193,0.917241,0.000000,0.000000,0.000000,0.000000,0.001631,0.000000,0.000000,0.000000,1.700972,0.293576,0.338936,0.366496,0.003341,1.000000,0.482290,0.013987,0.564044,0.617448,0.073068,0.013431,0.401804,0.657748,0.064551,0.346260,0.055640,0.536276
accepted-dusk1080,final,1,candidate,underground,892.174072,1.120857,1.039800,1.863500,2.279800,368.215627,0.984930,0.826774,42.000000,22890.000000,22344.000000,0.000000,0.002594,0.000000,0.000000,0.000000,1.995344,0.111011,0.116220,0.251004,0.079183,1.000000,0.027560,0.141734,0.036088,0.059488,0.618678,0.102135,1.116960,1.741896,0.056984,0.532353,0.082628,0.481260
accepted-dusk1080,final,1,candidate,surface_still,905.154584,1.104784,0.546450,1.139800,1.478200,20.265930,0.481908,1.082061,42.000000,22890.000000,22344.000000,0.000000,0.002296,0.000000,0.000000,0.000000,1.978392,0.118782,0.120016,0.465140,0.022417,1.000000,0.074759,0.040203,0.081224,0.084916,0.731733,0.026985,1.155960,1.594684,0.050842,0.371238,0.051220,0.358384
accepted-dusk1080,final,1,candidate,overview,1234.907882,0.809777,0.450950,0.966400,1.704500,32.688926,0.432130,0.781155,48.000000,25464.000000,25601.000000,0.000000,0.001838,0.000000,0.000000,0.000000,1.673776,0.000961,0.001144,0.001300,0.000169,0.000000,0.056492,0.041062,0.065208,0.070148,0.669068,0.025282,1.066884,1.561820,0.050717,0.357835,0.053404,0.110188
accepted-dusk1080,final,1,candidate,sky,979.491249,1.020938,0.409850,0.872900,1.378500,17.828469,0.374411,0.997970,0.000000,0.000000,0.000000,0.000000,0.001808,0.000000,0.000000,0.000000,1.739036,0.323198,0.695656,0.988936,0.008510,1.000000,0.566770,0.010518,0.580372,0.599040,0.037133,0.016124,0.041184,0.044720,0.066986,0.331812,0.054912,0.610740
accepted-dusk1080,final,1,candidate,translate,1017.198280,0.983093,0.517600,0.997900,1.712300,24.105883,0.491091,0.960331,41.228333,23682.750000,22078.183333,0.000000,0.002138,0.000000,0.000000,0.000000,1.962636,0.122663,0.119132,0.555568,0.014273,1.000000,0.082743,0.035963,0.110448,0.112476,0.617646,0.084457,0.990756,1.446172,0.051900,0.345380,0.049192,0.450684
accepted-dusk1080,final,1,candidate,rotate,914.608493,1.093364,0.545450,1.081900,1.487900,20.212487,0.515009,1.069933,41.503333,23165.943333,22304.370000,0.000000,0.002007,0.000000,0.000000,0.000000,2.042664,0.148685,0.132756,0.675480,0.013797,1.000000,0.214100,0.040845,0.275028,0.278044,0.617870,0.111462,1.042756,1.448720,0.057269,0.337498,0.056784,0.491244
accepted-dusk1080,final,1,candidate,seam_edits,895.106230,1.117186,0.983900,1.652700,2.250600,172.823006,0.993824,1.102889,42.000000,22896.000000,22345.500000,0.000000,0.445881,2.000000,4.000000,167664.000000,2.060136,0.120662,0.120900,0.532480,0.024400,1.000000,0.074785,0.047293,0.080288,0.142428,0.747975,0.552430,1.281540,1.611792,0.053971,0.348764,0.080652,0.481156
accepted-dusk1080,final,1,candidate,sky_moving,973.113364,1.027629,0.419750,0.897700,1.333600,17.714577,0.385877,0.990815,0.000000,0.000000,0.000000,0.000000,0.001710,0.000000,0.000000,0.000000,1.805700,0.331423,0.701740,1.120548,0.008366,1.000000,0.563103,0.011066,0.650104,0.680212,0.036909,0.023609,0.040820,0.045656,0.055589,0.335860,0.051376,0.429832
accepted-dusk1080,final,1,candidate,wall_moving,1364.415631,0.732915,0.498500,1.009300,1.537900,57.103157,0.499321,0.715651,26.770000,15140.680000,14573.851667,0.000000,0.001576,0.000000,0.000000,0.000000,1.491152,0.112887,0.137644,0.138268,0.020464,1.000000,0.018556,0.028936,0.023348,0.028912,0.511747,0.087435,0.871260,1.068964,0.052178,0.345279,0.050492,0.478764
accepted-dusk1080,final,1,candidate,cloud_layer,1060.445949,0.942999,0.406950,1.001300,1.643300,21.317083,0.397194,0.920007,0.000000,0.000000,0.000000,0.000000,0.001920,0.000000,0.000000,0.000000,1.790204,0.337452,0.750880,1.183624,0.009334,1.000000,0.479124,0.011150,0.516984,0.560612,0.035710,0.019155,0.040976,0.044772,0.063952,0.349391,0.056108,0.528736
accepted-dusk1080,final,2,candidate,underground,880.416801,1.135826,1.038550,1.876200,2.622900,306.261517,0.999166,0.848130,42.000000,22890.000000,22344.000000,0.000000,0.002338,0.000000,0.000000,0.000000,2.937116,0.114511,0.123396,0.384488,0.080998,1.000000,0.027912,0.141410,0.034944,0.088140,0.634897,0.103854,1.112436,2.214628,0.057045,0.538883,0.086164,0.458380
accepted-dusk1080,final,2,candidate,surface_still,899.476460,1.111758,0.531200,1.161800,1.749800,19.462018,0.471846,1.077471,42.000000,22890.000000,22344.000000,0.000000,0.002418,0.000000,0.000000,0.000000,2.096692,0.115887,0.141960,0.144404,0.021942,1.000000,0.074589,0.039687,0.088140,0.095992,0.728880,0.026676,1.157364,1.706432,0.053860,0.362685,0.052624,0.463632
accepted-dusk1080,final,2,candidate,overview,1230.964923,0.812371,0.452650,0.860300,1.433500,30.754674,0.412966,0.784659,48.000000,25464.000000,25601.000000,0.000000,0.001943,0.000000,0.000000,0.000000,1.797588,0.000947,0.001144,0.001248,0.000164,0.000000,0.060974,0.041265,0.064636,0.367276,0.664365,0.024143,1.058616,1.553448,0.054472,0.339275,0.052884,0.439296
accepted-dusk1080,final,2,candidate,sky,971.460750,1.029378,0.415000,0.879500,1.175200,17.636689,0.371553,1.002046,0.000000,0.000000,0.000000,0.000000,0.001794,0.000000,0.000000,0.000000,1.826552,0.332239,0.714324,1.074268,0.008512,1.000000,0.566273,0.011750,0.623064,0.625456,0.037965,0.016274,0.041808,0.043524,0.061582,0.327084,0.054444,0.510328
accepted-dusk1080,final,2,candidate,translate,1023.598378,0.976946,0.528700,1.108800,1.486700,25.996973,0.509162,0.950230,41.228333,23682.750000,22078.183333,0.000000,0.002033,0.000000,0.000000,0.000000,1.963208,0.124215,0.142116,0.630864,0.015419,1.000000,0.082061,0.039227,0.110864,0.113516,0.608454,0.087396,0.949676,1.395628,0.056535,0.354727,0.053092,0.484900
accepted-dusk1080,final,2,candidate,rotate,1034.678099,0.966484,0.533200,1.070800,1.610200,26.999991,0.524460,0.943973,41.503333,23165.943333,22304.370000,0.000000,0.001981,0.000000,0.000000,0.000000,1.673828,0.128151,0.135564,0.541268,0.014199,1.000000,0.191656,0.042595,0.251732,0.255996,0.543248,0.110429,0.889824,1.198756,0.056839,0.346609,0.053508,0.475072
accepted-dusk1080,final,2,candidate,seam_edits,881.796631,1.134048,1.031150,1.758000,2.568500,346.680534,1.043966,1.080191,42.000000,22896.000000,22345.500000,0.000000,0.452683,2.000000,4.000000,167664.000000,2.051660,0.117406,0.118612,0.178984,0.026616,1.000000,0.074960,0.051918,0.081328,0.118404,0.731349,0.561301,1.138072,1.589172,0.052767,0.380625,0.064064,0.472108
accepted-dusk1080,final,2,candidate,sky_moving,974.957882,1.025685,0.414000,0.788000,1.229600,17.355617,0.368902,1.003504,0.000000,0.000000,0.000000,0.000000,0.001827,0.000000,0.000000,0.000000,1.831700,0.331812,0.726804,1.050920,0.008542,1.000000,0.566495,0.012035,0.622804,0.650104,0.037451,0.023448,0.041756,0.044200,0.063825,0.317842,0.054340,0.604656
accepted-dusk1080,final,2,candidate,wall_moving,1354.001718,0.738551,0.517250,0.979700,1.483000,62.286733,0.511022,0.720001,26.770000,15140.680000,14573.851667,0.000000,0.002024,0.000000,0.000000,0.000000,1.548300,0.114089,0.144456,0.145132,0.020603,1.000000,0.018760,0.030299,0.024024,0.028340,0.517016,0.091026,0.836784,1.260376,0.051920,0.349743,0.052832,0.431340
accepted-dusk1080,final,2,candidate,cloud_layer,1062.764950,0.940942,0.410150,0.737300,1.162100,19.896413,0.361821,0.920832,0.000000,0.000000,0.000000,0.000000,0.001782,0.000000,0.000000,0.000000,1.735968,0.342560,0.728312,1.140100,0.008565,1.000000,0.480040,0.011754,0.496912,0.498368,0.035691,0.017642,0.039572,0.040352,0.058622,0.316967,0.053196,0.468468
accepted-dusk1080,final,2,base,underground,687.165973,1.455253,0.959050,1.725800,2.247600,22.981902,0.855851,1.430951,42.000000,22890.000000,22344.000000,0.000000,0.002987,0.000000,0.000000,0.000000,4.111900,0.120784,0.125060,0.336284,0.067341,1.000000,0.501639,0.102668,0.517504,1.394744,0.740574,0.076250,1.564680,1.981512,0.056159,0.467030,0.055952,0.468104
accepted-dusk1080,final,2,base,surface_still,643.375267,1.554303,0.599200,1.209400,1.658400,11.222121,0.526203,1.530813,42.000000,22890.000000,22344.000000,0.000000,0.002556,0.000000,0.000000,0.000000,2.513732,0.121837,0.129688,0.489112,0.025167,1.000000,0.473525,0.018048,0.488280,0.567008,0.777287,0.021914,1.287260,1.736124,0.059767,0.405122,0.053404,0.473720
accepted-dusk1080,final,2,base,overview,821.204935,1.217723,0.499550,1.172900,1.678500,15.480248,0.474781,1.197900,48.000000,25464.000000,25601.000000,0.000000,0.002011,0.000000,0.000000,0.000000,2.239276,0.000948,0.001092,0.001248,0.000184,0.000000,0.431049,0.016597,0.474500,0.478036,0.711657,0.020825,1.233284,1.683604,0.050238,0.417205,0.050804,0.057980
accepted-dusk1080,final,2,base,sky,966.878606,1.034256,0.429750,0.966200,1.603500,18.361275,0.408648,1.014592,0.000000,0.000000,0.000000,0.000000,0.001720,0.000000,0.000000,0.000000,1.895660,0.285840,0.341276,0.357604,0.003604,1.000000,0.572719,0.014069,0.684580,0.717444,0.085662,0.011463,0.454532,0.871728,0.066575,0.363359,0.333268,0.548080
accepted-dusk1080,final,2,base,translate,711.569805,1.405343,0.550250,1.074000,1.457400,12.426075,0.494630,1.376098,41.228333,23682.750000,22078.183333,0.000000,0.002047,0.000000,0.000000,0.000000,2.553876,0.118141,0.118924,0.439296,0.027315,1.000000,0.467826,0.015631,0.488228,0.542620,0.659725,0.080884,1.275560,1.716988,0.050220,0.341925,0.049712,0.453388
accepted-dusk1080,final,2,base,rotate,759.384281,1.316856,0.573550,1.101800,1.704400,14.565115,0.539993,1.283087,41.503333,23165.943333,22304.370000,0.000000,0.002107,0.000000,0.000000,0.000000,2.265796,0.116535,0.123916,0.125736,0.033219,1.000000,0.501079,0.015202,0.535288,0.542256,0.582746,0.108496,1.071460,1.487824,0.059990,0.356627,0.051584,0.502008
accepted-dusk1080,final,2,base,seam_edits,638.358652,1.566517,1.144350,2.041400,2.388300,29.514109,1.114576,1.543485,42.000000,22896.000000,22345.500000,0.000000,0.474532,2.000000,4.000000,167664.000000,2.654392,0.124845,0.149500,0.586092,0.032353,1.000000,0.476003,0.018811,0.487968,0.656916,0.786591,0.581294,1.278680,1.848808,0.055783,0.401383,0.058916,0.490048
accepted-dusk1080,final,2,base,sky_moving,974.676761,1.025981,0.434100,1.029700,1.625100,18.714799,0.410220,1.005372,0.000000,0.000000,0.000000,0.000000,0.001839,0.000000,0.000000,0.000000,1.860560,0.285323,0.314652,0.328900,0.003720,1.000000,0.568627,0.015321,0.628420,0.655356,0.074488,0.019774,0.416936,0.722488,0.073154,0.355550,0.379808,0.721604
accepted-dusk1080,final,2,base,wall_moving,811.503111,1.232281,0.546450,1.030900,1.601600,15.755107,0.509392,1.211003,26.770000,15140.680000,14573.851667,0.000000,0.002016,0.000000,0.000000,0.000000,2.204436,0.114704,0.127036,0.144456,0.022277,1.000000,0.465029,0.015254,0.488124,0.593216,0.558250,0.086340,1.048632,1.533844,0.055845,0.345578,0.052208,0.478660
accepted-dusk1080,final,2,base,cloud_layer,1056.163055,0.946823,0.439100,0.956700,1.617500,21.914566,0.410280,0.927601,0.000000,0.000000,0.000000,0.000000,0.001863,0.000000,0.000000,0.000000,1.750632,0.294277,0.324636,0.329264,0.003833,1.000000,0.482360,0.014577,0.540332,0.542828,0.079960,0.013664,0.457028,0.737100,0.067259,0.361921,0.344968,0.535184
accepted-dusk1080,final,3,base,underground,712.340939,1.403822,0.998650,1.780500,2.452000,29.193912,0.916885,1.375798,42.000000,22890.000000,22344.000000,0.000000,0.002440,0.000000,0.000000,0.000000,2.711904,0.116775,0.121264,0.250796,0.076500,1.000000,0.480774,0.108110,0.489320,1.041092,0.706184,0.085024,1.312428,1.833780,0.059278,0.495297,0.057668,0.512512
accepted-dusk1080,final,3,base,surface_still,642.293003,1.556922,0.556350,1.071300,1.695700,10.422359,0.458393,1.519365,42.000000,22890.000000,22344.000000,0.000000,0.002206,0.000000,0.000000,0.000000,2.676700,0.118337,0.124384,0.455884,0.021298,1.000000,0.468254,0.013927,0.488852,0.519584,0.776503,0.019198,1.408108,1.874028,0.059083,0.356268,0.051740,0.532064
accepted-dusk1080,final,3,base,overview,821.272041,1.217623,0.478000,1.123300,1.785800,15.157639,0.466966,1.181757,48.000000,25464.000000,25601.000000,0.000000,0.002021,0.000000,0.000000,0.000000,2.211768,0.000936,0.001092,0.001196,0.000172,0.000000,0.424054,0.014875,0.445692,0.496444,0.706948,0.020307,1.300572,1.732900,0.045896,0.413244,0.050440,0.054028
accepted-dusk1080,final,3,base,sky,966.135346,1.035052,0.429950,0.924900,1.561600,17.818891,0.391818,1.002815,0.000000,0.000000,0.000000,0.000000,0.001738,0.000000,0.000000,0.000000,1.890512,0.282943,0.292656,0.312936,0.003335,1.000000,0.566887,0.014081,0.587392,0.627536,0.076506,0.011185,0.423852,0.736008,0.072706,0.347584,0.368368,0.816192
accepted-dusk1080,final,3,base,translate,708.575523,1.411282,0.556650,1.171100,1.638400,12.590912,0.518231,1.378893,41.228333,23682.750000,22078.183333,0.000000,0.002193,0.000000,0.000000,0.000000,2.564432,0.117090,0.123864,0.135824,0.028602,1.000000,0.468655,0.015435,0.498628,0.541996,0.662780,0.082294,1.331408,1.624688,0.049670,0.358807,0.048620,0.387920
accepted-dusk1080,final,3,base,rotate,766.427511,1.304755,0.578600,1.083900,1.833300,14.936702,0.543622,1.278569,41.503333,23165.943333,22304.370000,0.000000,0.002020,0.000000,0.000000,0.000000,2.352688,0.116050,0.125528,0.131092,0.033757,1.000000,0.500388,0.014207,0.537992,0.543608,0.581459,0.109005,1.157988,1.516060,0.057798,0.360701,0.050648,0.502684
accepted-dusk1080,final,3,base,seam_edits,639.213648,1.564422,1.131250,1.864500,2.334500,26.696175,1.068798,1.544218,42.000000,22896.000000,22345.500000,0.000000,0.472432,2.000000,4.000000,167664.000000,2.637284,0.119553,0.150852,0.485524,0.029585,1.000000,0.474743,0.016076,0.625560,0.661596,0.795198,0.576086,1.438528,1.859156,0.055703,0.370810,0.061516,0.523952
accepted-dusk1080,final,3,base,sky_moving,975.023315,1.025616,0.426350,0.810000,1.569800,18.009776,0.392541,1.004661,0.000000,0.000000,0.000000,0.000000,0.001719,0.000000,0.000000,0.000000,1.930084,0.285931,0.328224,0.343356,0.003287,1.000000,0.572092,0.014312,0.655044,0.685568,0.080560,0.019043,0.429156,0.780364,0.062290,0.340958,0.052416,0.595764
accepted-dusk1080,final,3,base,wall_moving,817.018050,1.223963,0.536550,1.107900,1.578400,15.768966,0.507096,1.204669,26.770000,15140.680000,14573.851667,0.000000,0.001717,0.000000,0.000000,0.000000,2.166112,0.113093,0.124280,0.138216,0.022197,1.000000,0.463531,0.014495,0.488124,0.566592,0.556640,0.081560,1.032512,1.486472,0.054211,0.349124,0.050388,0.475384
accepted-dusk1080,final,3,base,cloud_layer,1061.950474,0.941664,0.408800,0.898300,1.393600,20.915383,0.385701,0.925027,0.000000,0.000000,0.000000,0.000000,0.001533,0.000000,0.000000,0.000000,1.774656,0.293751,0.338728,0.342368,0.003192,1.000000,0.480914,0.014854,0.563524,0.566020,0.077881,0.012633,0.409708,0.699972,0.068726,0.339804,0.352404,0.585572
accepted-dusk1080,final,3,candidate,underground,927.021041,1.078724,1.004100,1.784800,2.279200,409.159722,0.948804,0.824325,42.000000,22890.000000,22344.000000,0.000000,0.002404,0.000000,0.000000,0.000000,2.073708,0.111686,0.115180,0.298844,0.079183,1.000000,0.026481,0.133987,0.032708,0.061620,0.613343,0.097618,1.106456,1.573780,0.058964,0.517992,0.088504,0.513968
accepted-dusk1080,final,3,candidate,surface_still,899.325596,1.111944,0.566250,1.247500,1.734500,21.312494,0.503526,1.089562,42.000000,22890.000000,22344.000000,0.000000,0.002952,0.000000,0.000000,0.000000,2.074904,0.122178,0.137072,0.532688,0.024266,1.000000,0.075338,0.042628,0.087516,0.095472,0.728802,0.031950,1.128972,1.546220,0.058380,0.380173,0.054600,0.507156
accepted-dusk1080,final,3,candidate,overview,1246.111354,0.802497,0.466050,0.972200,1.646100,37.317796,0.456378,0.785558,48.000000,25464.000000,25601.000000,0.000000,0.001997,0.000000,0.000000,0.000000,1.691300,0.000955,0.001144,0.001248,0.000163,0.000000,0.055595,0.044475,0.063856,0.069940,0.674230,0.026359,1.081496,1.407796,0.050828,0.375925,0.051376,0.342472
accepted-dusk1080,final,3,candidate,sky,975.338247,1.025285,0.434400,0.960900,1.368800,18.946780,0.407942,1.002054,0.000000,0.000000,0.000000,0.000000,0.001821,0.000000,0.000000,0.000000,1.898832,0.332044,0.719420,1.238276,0.009572,1.000000,0.566320,0.011264,0.622700,0.623636,0.038362,0.018437,0.041808,0.043420,0.061484,0.360387,0.054704,0.482508
accepted-dusk1080,final,3,candidate,translate,990.057512,1.010042,0.569150,1.532200,2.064600,32.843491,0.612641,0.985970,41.228333,23682.750000,22078.183333,0.000000,0.002633,0.000000,0.000000,0.000000,1.980108,0.128520,0.135876,0.602732,0.018925,1.000000,0.086246,0.043244,0.113932,0.119080,0.630877,0.101640,1.064804,1.350492,0.056397,0.431436,0.053716,0.539864
accepted-dusk1080,final,3,candidate,rotate,1017.889234,0.982425,0.583000,1.230000,1.920700,30.797169,0.579567,0.963933,41.503333,23165.943333,22304.370000,0.000000,0.002234,0.000000,0.000000,0.000000,1.892488,0.130308,0.135824,0.563576,0.015830,1.000000,0.192814,0.045704,0.253656,0.261664,0.550874,0.123954,0.937976,1.367236,0.064433,0.381464,0.054652,0.606996
accepted-dusk1080,final,3,candidate,seam_edits,874.933122,1.142944,1.036400,1.734200,2.294200,307.684418,1.045510,1.082665,42.000000,22896.000000,22345.500000,0.000000,0.455655,2.000000,4.000000,167664.000000,1.973712,0.120069,0.150228,0.479700,0.027127,1.000000,0.073658,0.050041,0.084708,0.101712,0.728491,0.563135,1.103648,1.466764,0.055693,0.381062,0.058708,0.467896
accepted-dusk1080,final,3,candidate,sky_moving,977.896125,1.022604,0.436000,0.974800,1.535400,18.724546,0.409425,1.001326,0.000000,0.000000,0.000000,0.000000,0.001872,0.000000,0.000000,0.000000,1.813968,0.335457,0.745680,1.074216,0.009196,1.000000,0.565572,0.011019,0.649584,0.650520,0.039018,0.025952,0.043368,0.044616,0.057451,0.356137,0.053300,0.448032
accepted-dusk1080,final,3,candidate,wall_moving,1364.467448,0.732887,0.532150,1.130400,1.840100,73.913017,0.538606,0.718435,26.770000,15140.680000,14573.851667,0.000000,0.001680,0.000000,0.000000,0.000000,1.511276,0.113735,0.151528,0.152672,0.022242,1.000000,0.020223,0.031544,0.024596,0.033644,0.515219,0.092559,0.868140,1.182428,0.051526,0.372900,0.054860,0.409084
accepted-dusk1080,final,3,candidate,cloud_layer,1059.252651,0.944062,0.434600,0.872500,1.571200,21.507635,0.404755,0.917428,0.000000,0.000000,0.000000,0.000000,0.001778,0.000000,0.000000,0.000000,1.739244,0.333127,0.628524,1.096680,0.009137,1.000000,0.482249,0.011244,0.496964,0.498732,0.036474,0.019492,0.039780,0.040768,0.061813,0.357258,0.053040,0.638716
accepted-night1080,final,1,base,underground,798.135555,1.252920,0.988900,1.788800,2.539200,48.658564,0.919359,1.229718,42.000000,22890.000000,22344.000000,0.000000,0.002336,0.000000,0.000000,0.000000,3.626896,0.117049,0.120120,0.377000,0.074586,1.000000,0.352444,0.118858,0.356616,1.126788,0.690826,0.087080,1.247012,1.943656,0.057711,0.491741,0.057304,0.413556
accepted-night1080,final,1,base,surface_still,710.839412,1.406788,0.583450,1.211500,1.996600,13.258379,0.519643,1.374320,42.000000,22890.000000,22344.000000,0.000000,0.002476,0.000000,0.000000,0.000000,2.250612,0.120007,0.118508,0.441896,0.024678,1.000000,0.341155,0.020691,0.353288,0.356252,0.762593,0.023002,1.220752,1.619592,0.053309,0.394157,0.053040,0.435864
accepted-night1080,final,1,base,overview,941.471687,1.062167,0.461600,1.010600,1.641400,18.356814,0.427232,1.039223,48.000000,25464.000000,25601.000000,0.000000,0.001958,0.000000,0.000000,0.000000,1.945060,0.000935,0.001092,0.001248,0.000172,0.000000,0.293250,0.017250,0.303056,0.308984,0.694506,0.019974,1.234272,1.601964,0.046582,0.372650,0.050492,0.053716
accepted-night1080,final,1,base,sky,1040.222094,0.961333,0.409550,0.739000,1.148600,19.235134,0.364810,0.934694,0.000000,0.000000,0.000000,0.000000,0.001685,0.000000,0.000000,0.000000,1.625364,0.288778,0.293124,0.294580,0.003516,1.000000,0.508080,0.016445,0.516256,0.517192,0.069577,0.011643,0.363324,0.585208,0.064443,0.318965,0.052208,0.507728
accepted-night1080,final,1,base,translate,766.266595,1.305029,0.549800,1.042300,1.684400,14.216106,0.502009,1.281602,41.228333,23682.750000,22078.183333,0.000000,0.001882,0.000000,0.000000,0.000000,2.529696,0.120026,0.117832,0.424580,0.027165,1.000000,0.349196,0.017678,0.354692,0.356408,0.674521,0.079739,1.168492,1.618448,0.050972,0.348352,0.049816,0.350116
accepted-night1080,final,1,base,rotate,844.994849,1.183439,0.553050,1.091600,1.661200,17.617467,0.533872,1.162074,41.503333,23165.943333,22304.370000,0.000000,0.001973,0.000000,0.000000,0.000000,2.185664,0.123074,0.122356,0.125996,0.033629,1.000000,0.363260,0.017450,0.368316,0.370292,0.597078,0.105275,1.010568,1.521988,0.054335,0.351603,0.052208,0.408616
accepted-night1080,final,1,base,seam_edits,715.111498,1.398383,1.074650,1.897100,2.549800,40.621784,1.056011,1.382547,42.000000,22896.000000,22345.500000,0.000000,0.452795,2.000000,4.000000,167664.000000,2.397304,0.116223,0.127140,0.138476,0.030645,1.000000,0.340776,0.018254,0.355420,0.412828,0.770135,0.554176,1.395940,1.663688,0.057160,0.379182,0.052416,0.435760
accepted-night1080,final,1,base,sky_moving,1044.452053,0.957440,0.431350,0.783300,1.109500,20.056003,0.381154,0.933009,0.000000,0.000000,0.000000,0.000000,0.001627,0.000000,0.000000,0.000000,1.693952,0.285460,0.327756,0.329888,0.003539,1.000000,0.499259,0.016295,0.571324,0.572572,0.081152,0.019158,0.401024,0.606840,0.063323,0.327737,0.355472,0.459524
accepted-night1080,final,1,base,wall_moving,892.866709,1.119988,0.541450,1.125200,1.694900,19.413606,0.517857,1.097994,26.770000,15140.680000,14573.851667,0.000000,0.001878,0.000000,0.000000,0.000000,1.951664,0.117811,0.119080,0.121472,0.021806,1.000000,0.346470,0.018092,0.353756,0.355992,0.565170,0.083474,0.997776,1.381952,0.050444,0.355058,0.049296,0.372372
accepted-night1080,final,1,base,cloud_layer,1241.618557,0.805400,0.465000,1.065800,1.573600,35.175762,0.440397,0.786313,0.000000,0.000000,0.000000,0.000000,0.001970,0.000000,0.000000,0.000000,1.518608,0.294791,0.343356,0.358696,0.004035,1.000000,0.357550,0.019355,0.432432,0.436852,0.066786,0.015948,0.350428,0.549016,0.063396,0.382099,0.324584,0.528320
accepted-night1080,final,1,candidate,underground,913.651136,1.094510,1.013650,1.760700,2.181600,328.382062,0.958474,0.854827,42.000000,22890.000000,22344.000000,0.000000,0.002248,0.000000,0.000000,0.000000,2.993068,0.114838,0.115388,0.423956,0.078796,1.000000,0.027157,0.137077,0.034112,0.081744,0.635680,0.098981,1.102660,2.211092,0.063688,0.520526,0.105040,0.425932
accepted-night1080,final,1,candidate,surface_still,928.010082,1.077574,0.543350,1.098300,1.902200,21.226150,0.490571,1.055440,42.000000,22890.000000,22344.000000,0.000000,0.002414,0.000000,0.000000,0.000000,1.927640,0.118866,0.130312,0.455728,0.021818,1.000000,0.060702,0.043694,0.069680,0.073892,0.717635,0.028749,1.067404,1.501864,0.054650,0.375209,0.051792,0.433108
accepted-night1080,final,1,candidate,overview,1271.201792,0.786657,0.444650,1.002900,1.594300,34.966135,0.427865,0.766768,48.000000,25464.000000,25601.000000,0.000000,0.001927,0.000000,0.000000,0.000000,1.518244,0.000950,0.001144,0.001248,0.000153,0.000000,0.045423,0.041358,0.052260,0.063128,0.665729,0.025205,1.024920,1.338844,0.050756,0.352758,0.053196,0.109200
accepted-night1080,final,1,candidate,sky,1043.895093,0.957951,0.415300,0.868600,1.421800,20.232478,0.381106,0.925357,0.000000,0.000000,0.000000,0.000000,0.001592,0.000000,0.000000,0.000000,1.708252,0.323578,0.634140,1.091428,0.009185,1.000000,0.497883,0.012600,0.507988,0.524784,0.036556,0.017216,0.040820,0.044824,0.063466,0.334796,0.055172,0.535132
accepted-night1080,final,1,candidate,translate,969.295779,1.031677,0.545850,1.011500,1.484700,21.952306,0.489004,0.999852,41.228333,23682.750000,22078.183333,0.000000,0.002037,0.000000,0.000000,0.000000,2.064660,0.133073,0.122044,0.495872,0.015237,1.000000,0.069346,0.039200,0.090636,0.094120,0.650348,0.087523,0.995384,1.259388,0.056641,0.335265,0.052988,0.431184
accepted-night1080,final,1,candidate,rotate,946.238662,1.056816,0.549250,0.961300,1.556100,21.828898,0.519547,1.027550,41.503333,23165.943333,22304.370000,0.000000,0.002099,0.000000,0.000000,0.000000,2.011204,0.143380,0.138164,0.503724,0.013766,1.000000,0.155757,0.041580,0.196664,0.199628,0.637757,0.115564,1.039064,1.576016,0.061943,0.338430,0.058084,0.424684
accepted-night1080,final,1,candidate,seam_edits,768.800537,1.300728,1.071350,1.758800,2.367700,58.056388,1.043080,1.278116,42.000000,22896.000000,22345.500000,0.000000,0.467995,2.000000,4.000000,167664.000000,2.298556,0.142166,0.151164,0.509704,0.025994,1.000000,0.073800,0.055032,0.083564,0.088868,0.875857,0.576153,1.325844,1.803308,0.064011,0.357809,0.061204,0.470184
accepted-night1080,final,1,candidate,sky_moving,1063.748309,0.940072,0.414450,0.845400,1.306000,20.627197,0.383322,0.915250,0.000000,0.000000,0.000000,0.000000,0.001518,0.000000,0.000000,0.000000,1.685788,0.327099,0.651404,1.036620,0.008609,1.000000,0.494497,0.012566,0.566488,0.568360,0.039619,0.024327,0.043368,0.045240,0.050244,0.330704,0.051428,0.372112
accepted-night1080,final,1,candidate,wall_moving,1318.948007,0.758180,0.506450,0.984000,1.779200,51.866772,0.505968,0.741058,26.770000,15140.680000,14573.851667,0.000000,0.001672,0.000000,0.000000,0.000000,1.541696,0.118562,0.118560,0.121212,0.020331,1.000000,0.019924,0.032059,0.026468,0.030680,0.532357,0.089002,0.851240,1.253044,0.052830,0.346802,0.049036,0.400556
accepted-night1080,final,1,candidate,cloud_layer,1262.197827,0.792269,0.429100,0.848700,1.374200,31.888213,0.407498,0.770276,0.000000,0.000000,0.000000,0.000000,0.001928,0.000000,0.000000,0.000000,1.551992,0.316549,0.331292,0.960232,0.009652,1.000000,0.349326,0.013354,0.363116,0.364780,0.038189,0.020570,0.038896,0.040196,0.062366,0.355573,0.053872,0.492180
accepted-night1080,final,2,candidate,underground,911.448523,1.097155,1.045650,1.828100,2.236100,405.476638,0.964038,0.849588,42.000000,22890.000000,22344.000000,0.000000,0.002312,0.000000,0.000000,0.000000,2.943512,0.114041,0.114816,0.425100,0.081396,1.000000,0.026660,0.132982,0.033696,0.080808,0.632799,0.101909,1.173380,2.228668,0.061204,0.522087,0.097396,0.441532
accepted-night1080,final,2,candidate,surface_still,915.615083,1.092162,0.538700,0.977800,1.642300,19.802980,0.479223,1.066898,42.000000,22890.000000,22344.000000,0.000000,0.002561,0.000000,0.000000,0.000000,1.935440,0.121781,0.150696,0.437580,0.022069,1.000000,0.062080,0.037463,0.070096,0.083304,0.725179,0.026773,1.055028,1.494012,0.056227,0.373439,0.056420,0.420940
accepted-night1080,final,2,candidate,overview,1250.340197,0.799782,0.435450,0.849700,1.383200,30.982822,0.405945,0.779710,48.000000,25464.000000,25601.000000,0.000000,0.001909,0.000000,0.000000,0.000000,1.589692,0.000960,0.001144,0.001248,0.000153,0.000000,0.047876,0.037606,0.053456,0.063700,0.672750,0.023653,0.998244,1.483248,0.054174,0.337346,0.052988,0.397332
accepted-night1080,final,2,candidate,sky,1044.961015,0.956974,0.428000,0.931200,1.402800,21.519391,0.412059,0.930059,0.000000,0.000000,0.000000,0.000000,0.001767,0.000000,0.000000,0.000000,1.740180,0.330509,0.664248,1.025752,0.009426,1.000000,0.502536,0.010061,0.522496,0.526188,0.038323,0.017891,0.040924,0.043420,0.054817,0.367477,0.052676,0.411944
accepted-night1080,final,2,candidate,translate,1034.158603,0.966970,0.542300,1.146000,1.495200,26.794016,0.504511,0.939133,41.228333,23682.750000,22078.183333,0.000000,0.002198,0.000000,0.000000,0.000000,1.824992,0.118723,0.119444,0.417560,0.014990,1.000000,0.065252,0.037257,0.087100,0.091468,0.618636,0.089866,0.978952,1.360476,0.052973,0.350219,0.049712,0.420160
accepted-night1080,final,2,candidate,rotate,1088.971316,0.918298,0.568350,1.165500,1.810100,34.541658,0.566306,0.898268,41.503333,23165.943333,22304.370000,0.000000,0.001962,0.000000,0.000000,0.000000,1.797588,0.130720,0.125216,0.531648,0.014426,1.000000,0.139624,0.042459,0.176176,0.182156,0.546279,0.116108,0.874640,1.151072,0.056370,0.382266,0.052832,0.510276
accepted-night1080,final,2,candidate,seam_edits,861.817850,1.160338,1.043350,1.775800,2.394100,334.530208,1.060825,1.055717,42.000000,22896.000000,22345.500000,0.000000,0.467330,2.000000,4.000000,167664.000000,1.902732,0.115981,0.119028,0.402220,0.027196,1.000000,0.060324,0.048930,0.065884,0.091104,0.724369,0.577756,1.082276,1.466556,0.049981,0.383817,0.057564,0.352508
accepted-night1080,final,2,candidate,sky_moving,1046.034040,0.955992,0.428700,0.915700,1.309300,21.030715,0.402459,0.936092,0.000000,0.000000,0.000000,0.000000,0.001710,0.000000,0.000000,0.000000,1.595412,0.330098,0.676988,0.976144,0.009685,1.000000,0.503348,0.010418,0.524160,0.526500,0.038187,0.025876,0.041184,0.042276,0.060593,0.348159,0.053820,0.454688
accepted-night1080,final,2,candidate,wall_moving,1377.944438,0.725719,0.514600,1.031000,1.520300,64.368773,0.507105,0.710553,26.770000,15140.680000,14573.851667,0.000000,0.001880,0.000000,0.000000,0.000000,1.438008,0.112837,0.145496,0.152048,0.021092,1.000000,0.018662,0.028751,0.024596,0.027872,0.506069,0.092081,0.794092,0.999700,0.056386,0.347069,0.055380,0.477880
accepted-night1080,final,2,candidate,cloud_layer,1254.474292,0.797147,0.408650,0.814000,1.172300,29.215164,0.376981,0.775609,0.000000,0.000000,0.000000,0.000000,0.001819,0.000000,0.000000,0.000000,1.387776,0.321464,0.562588,0.883584,0.008922,1.000000,0.352708,0.009738,0.363428,0.364468,0.039846,0.019136,0.040040,0.042068,0.057820,0.331169,0.052832,0.439972
accepted-night1080,final,2,base,underground,790.845072,1.264470,1.008050,1.778900,2.312000,51.471087,0.940498,1.240337,42.000000,22890.000000,22344.000000,0.000000,0.002544,0.000000,0.000000,0.000000,2.682836,0.118655,0.122928,0.274508,0.078308,1.000000,0.355109,0.121391,0.364364,0.826540,0.695933,0.089560,1.360008,1.622504,0.057746,0.497322,0.054964,0.399204
accepted-night1080,final,2,base,surface_still,708.732542,1.410969,0.555400,1.096600,1.526000,12.520429,0.479780,1.375591,42.000000,22890.000000,22344.000000,0.000000,0.002186,0.000000,0.000000,0.000000,2.357680,0.120669,0.130052,0.427492,0.022027,1.000000,0.339252,0.018150,0.354588,0.392392,0.763755,0.020320,1.280708,1.663168,0.054529,0.367272,0.051480,0.425724
accepted-night1080,final,2,base,overview,937.824135,1.066298,0.460300,1.043100,1.570400,18.408319,0.438335,1.030281,48.000000,25464.000000,25601.000000,0.000000,0.001762,0.000000,0.000000,0.000000,1.935024,0.000933,0.001092,0.001196,0.000145,0.000000,0.293025,0.016109,0.339404,0.340860,0.684789,0.018288,1.085968,1.538316,0.047629,0.385851,0.050700,0.054600
accepted-night1080,final,2,base,sky,1039.656484,0.961856,0.425550,0.958300,1.375000,20.605132,0.396797,0.937855,0.000000,0.000000,0.000000,0.000000,0.001879,0.000000,0.000000,0.000000,1.796184,0.286923,0.300872,0.302952,0.003424,1.000000,0.502617,0.015845,0.526188,0.527540,0.078494,0.012237,0.387348,0.607880,0.066030,0.349103,0.335348,0.545012
accepted-night1080,final,2,base,translate,781.973529,1.278816,0.551400,1.161400,1.911400,15.469683,0.534324,1.246870,41.228333,23682.750000,22078.183333,0.000000,0.002207,0.000000,0.000000,0.000000,2.300844,0.119041,0.119444,0.460356,0.028964,1.000000,0.340572,0.016383,0.356408,0.362284,0.650622,0.084695,1.112644,1.525004,0.054318,0.372756,0.049660,0.432120
accepted-night1080,final,2,base,rotate,868.619429,1.151252,0.565600,1.133500,1.963700,19.275325,0.551136,1.120880,41.503333,23165.943333,22304.370000,0.000000,0.002014,0.000000,0.000000,0.000000,2.059096,0.117548,0.121940,0.143208,0.034531,1.000000,0.348012,0.015287,0.366340,0.429052,0.578061,0.110325,0.979940,1.415284,0.054351,0.363121,0.052884,0.436748
accepted-night1080,final,2,base,seam_edits,711.478086,1.405525,1.086600,1.828100,2.405700,42.597813,1.071915,1.388324,42.000000,22896.000000,22345.500000,0.000000,0.465081,2.000000,4.000000,167664.000000,2.332044,0.119394,0.121316,0.424840,0.029289,1.000000,0.345983,0.016644,0.360412,0.506636,0.769294,0.568305,1.272076,1.675856,0.055155,0.381861,0.065104,0.423540
accepted-night1080,final,2,base,sky_moving,1038.997561,0.962466,0.421000,0.851800,1.109100,20.100718,0.384645,0.924099,0.000000,0.000000,0.000000,0.000000,0.001661,0.000000,0.000000,0.000000,1.677208,0.285050,0.297908,0.359840,0.003510,1.000000,0.497742,0.015071,0.520260,0.626028,0.081156,0.018752,0.403104,0.721916,0.056383,0.332849,0.052364,0.424216
accepted-night1080,final,2,base,wall_moving,889.991159,1.123607,0.540700,1.069500,1.707400,19.151909,0.517658,1.095320,26.770000,15140.680000,14573.851667,0.000000,0.001790,0.000000,0.000000,0.000000,1.910064,0.116579,0.118924,0.120172,0.021997,1.000000,0.347048,0.015952,0.353704,0.354796,0.561467,0.083982,0.952016,1.334996,0.053223,0.354658,0.048984,0.421460
accepted-night1080,final,2,base,cloud_layer,1235.604436,0.809321,0.422700,0.971900,1.332100,29.707882,0.396446,0.793416,0.000000,0.000000,0.000000,0.000000,0.001805,0.000000,0.000000,0.000000,1.600820,0.296856,0.354432,0.356460,0.003457,1.000000,0.358218,0.015576,0.432432,0.433628,0.066270,0.013803,0.333684,0.562276,0.068296,0.347485,0.357968,0.515476
accepted-night1080,final,3,base,underground,775.057212,1.290227,0.961800,1.717300,2.240500,36.198877,0.879062,1.265672,42.000000,22890.000000,22344.000000,0.000000,0.002439,0.000000,0.000000,0.000000,2.677948,0.120889,0.134836,0.273260,0.073105,1.000000,0.361446,0.112666,0.679380,0.823420,0.710660,0.082421,1.397968,1.722552,0.059859,0.466657,0.100880,0.406432
accepted-night1080,final,3,base,surface_still,707.553344,1.413321,0.529750,1.037800,1.557100,12.008846,0.452598,1.372882,42.000000,22890.000000,22344.000000,0.000000,0.002111,0.000000,0.000000,0.000000,2.267460,0.116031,0.119808,0.137176,0.021418,1.000000,0.341766,0.017358,0.360256,0.409292,0.760897,0.018938,1.327716,1.606176,0.056512,0.347568,0.052520,0.420264
accepted-night1080,final,3,base,overview,936.736413,1.067536,0.467050,0.996900,1.502700,18.218824,0.429455,1.043390,48.000000,25464.000000,25601.000000,0.000000,0.002117,0.000000,0.000000,0.000000,1.927848,0.000944,0.001144,0.001248,0.000155,0.000000,0.296064,0.015256,0.339976,0.356980,0.695182,0.019499,1.136460,1.569464,0.047210,0.376438,0.052572,0.056160
accepted-night1080,final,3,base,sky,1043.975556,0.957877,0.419350,0.901300,1.406700,20.888899,0.398043,0.936981,0.000000,0.000000,0.000000,0.000000,0.001802,0.000000,0.000000,0.000000,1.759628,0.286584,0.313248,0.326872,0.003526,1.000000,0.503305,0.015539,0.547768,0.573820,0.077284,0.011721,0.384228,0.567736,0.066024,0.351326,0.052468,0.637624
accepted-night1080,final,3,base,translate,772.965082,1.293719,0.524900,1.050600,1.622200,14.086283,0.491008,1.260311,41.228333,23682.750000,22078.183333,0.000000,0.001821,0.000000,0.000000,0.000000,2.359864,0.120050,0.119392,0.400088,0.026439,1.000000,0.344343,0.014631,0.360464,0.366860,0.659084,0.076787,1.188304,1.531088,0.054966,0.345306,0.050388,0.407420
accepted-night1080,final,3,base,rotate,865.473784,1.155436,0.567100,1.141500,1.991400,19.642982,0.558728,1.122734,41.503333,23165.943333,22304.370000,0.000000,0.002016,0.000000,0.000000,0.000000,2.028468,0.117625,0.122408,0.137020,0.035883,1.000000,0.349461,0.015659,0.367640,0.410436,0.576774,0.108451,1.048424,1.455168,0.054012,0.370962,0.051428,0.403000
accepted-night1080,final,3,base,seam_edits,709.930964,1.408588,1.095900,1.719200,2.295900,38.315449,1.048593,1.390444,42.000000,22896.000000,22345.500000,0.000000,0.461543,2.000000,4.000000,167664.000000,2.258776,0.122918,0.166192,0.480220,0.029503,1.000000,0.345403,0.015626,0.361764,0.504816,0.768788,0.565486,1.123564,1.582256,0.054038,0.364697,0.059228,0.491348
accepted-night1080,final,3,base,sky_moving,1048.036033,0.954166,0.423400,0.697800,1.488900,19.920808,0.376133,0.928787,0.000000,0.000000,0.000000,0.000000,0.002204,0.000000,0.000000,0.000000,1.750060,0.286009,0.301912,0.305136,0.003342,1.000000,0.499882,0.014492,0.525876,0.529568,0.074637,0.019378,0.373152,0.668668,0.064486,0.325042,0.233428,0.496340
accepted-night1080,final,3,base,wall_moving,905.020647,1.104947,0.551550,1.051400,1.584600,19.905132,0.515975,1.078558,26.770000,15140.680000,14573.851667,0.000000,0.002142,0.000000,0.000000,0.000000,2.110784,0.115916,0.117832,0.119912,0.021629,1.000000,0.338269,0.014468,0.347724,0.353184,0.552944,0.086946,0.912444,1.406756,0.054750,0.352165,0.047944,0.428584
accepted-night1080,final,3,base,cloud_layer,1233.390343,0.810773,0.412250,0.978600,1.650800,30.353558,0.407911,0.793113,0.000000,0.000000,0.000000,0.000000,0.001558,0.000000,0.000000,0.000000,1.508520,0.296494,0.389636,0.391092,0.003314,1.000000,0.357436,0.015773,0.475228,0.476840,0.069649,0.013193,0.377676,0.595660,0.065777,0.359209,0.236808,0.535964
accepted-night1080,final,3,candidate,underground,922.814560,1.083641,1.031350,1.822600,2.208000,360.265155,0.950422,0.856915,42.000000,22890.000000,22344.000000,0.000000,0.002282,0.000000,0.000000,0.000000,2.962180,0.115517,0.118092,0.426972,0.081442,1.000000,0.029282,0.135330,0.034060,0.098852,0.640208,0.099473,1.027364,2.226224,0.060044,0.506463,0.141232,0.438152
accepted-night1080,final,3,candidate,surface_still,921.525075,1.085158,0.513400,0.976400,1.481200,18.919931,0.432774,1.061737,42.000000,22890.000000,22344.000000,0.000000,0.002237,0.000000,0.000000,0.000000,1.996800,0.120531,0.141700,0.457080,0.020258,1.000000,0.062916,0.037201,0.071812,0.075244,0.722858,0.024670,1.046032,1.583504,0.057742,0.331869,0.053404,0.450476
accepted-night1080,final,3,candidate,overview,1265.954722,0.789918,0.428350,0.849300,1.300200,30.967023,0.396889,0.765250,48.000000,25464.000000,25601.000000,0.000000,0.001681,0.000000,0.000000,0.000000,1.479816,0.000940,0.001144,0.001248,0.000154,0.000000,0.045296,0.039241,0.052624,0.062296,0.666117,0.023704,1.015560,1.373788,0.049008,0.326381,0.053404,0.058812
accepted-night1080,final,3,candidate,sky,883.886354,1.131367,0.425400,0.903000,1.492800,15.079685,0.379190,1.102376,0.000000,0.000000,0.000000,0.000000,0.001736,0.000000,0.000000,0.000000,1.893476,0.389516,0.757640,1.147120,0.008911,1.000000,0.594912,0.011312,0.597532,0.599092,0.043264,0.016346,0.048204,0.054912,0.070245,0.335085,0.061464,0.459212
accepted-night1080,final,3,candidate,translate,828.417824,1.207120,0.519750,1.080100,1.836000,16.425517,0.502629,1.173567,41.228333,23682.750000,22078.183333,0.000000,0.002129,0.000000,0.000000,0.000000,2.549092,0.152138,0.151372,0.575172,0.015176,1.000000,0.077144,0.036437,0.111228,0.112892,0.768860,0.087942,1.307176,1.713504,0.060684,0.350701,0.063180,0.496496
accepted-night1080,final,3,candidate,rotate,1115.987148,0.896068,0.543250,1.023900,1.637800,32.956983,0.519245,0.877208,41.503333,23165.943333,22304.370000,0.000000,0.001885,0.000000,0.000000,0.000000,1.915004,0.123838,0.135304,0.568412,0.013891,1.000000,0.133110,0.041567,0.173004,0.180336,0.537826,0.113596,0.919724,1.195948,0.057255,0.339204,0.053092,0.568672
accepted-night1080,final,3,candidate,seam_edits,910.046596,1.098845,0.994250,1.605100,2.238500,196.765826,0.984392,1.060910,42.000000,22896.000000,22345.500000,0.000000,0.446554,2.000000,4.000000,167664.000000,1.983592,0.117519,0.117780,0.464256,0.025397,1.000000,0.060348,0.048985,0.069160,0.086476,0.731957,0.551650,1.174212,1.578928,0.049926,0.336260,0.055276,0.417612
accepted-night1080,final,3,candidate,sky_moving,1048.222608,0.953996,0.426650,0.729400,1.270800,19.922594,0.375251,0.928247,0.000000,0.000000,0.000000,0.000000,0.001818,0.000000,0.000000,0.000000,1.824992,0.333313,0.699556,1.236300,0.008424,1.000000,0.501078,0.010977,0.566540,0.567164,0.037039,0.024501,0.043576,0.044148,0.052988,0.324380,0.052312,0.428116
accepted-night1080,final,3,candidate,wall_moving,1309.294397,0.763770,0.528850,1.206000,1.625000,60.930655,0.532080,0.749749,26.770000,15140.680000,14573.851667,0.000000,0.001929,0.000000,0.000000,0.000000,1.636700,0.119432,0.118092,0.119080,0.021875,1.000000,0.019599,0.030915,0.026780,0.032188,0.537741,0.096204,0.939432,1.246648,0.053900,0.363054,0.048932,0.477152
accepted-night1080,final,3,candidate,cloud_layer,1249.287126,0.800456,0.399250,0.730400,1.279000,27.402728,0.363966,0.778531,0.000000,0.000000,0.000000,0.000000,0.001531,0.000000,0.000000,0.000000,1.596556,0.325036,0.644592,0.951600,0.008122,1.000000,0.350521,0.011158,0.363740,0.376428,0.036966,0.017376,0.039884,0.041236,0.062249,0.320331,0.052832,0.552500
accepted-night1080-sky-moving-repeat,final,1,base,sky_moving,981.598625,1.018746,0.959750,1.684000,2.111700,411.356173,0.889760,0.924267,0.000000,0.000000,0.000000,0.000000,0.002257,0.000000,0.000000,0.000000,2.585128,0.278762,0.284440,0.841412,0.105887,1.000000,0.488976,0.130744,0.497952,1.474460,0.082176,0.092433,0.391248,0.850616,0.069408,0.490261,0.139256,0.662740
accepted-night1080-sky-moving-repeat,final,1,candidate,sky_moving,968.178709,1.032867,0.978350,1.737000,2.195200,429.962665,0.894619,0.937133,0.000000,0.000000,0.000000,0.000000,0.002243,0.000000,0.000000,0.000000,2.258152,0.325715,0.635440,1.101308,0.116329,1.000000,0.500614,0.107764,0.937716,1.092208,0.040125,0.101235,0.075140,0.090584,0.065573,0.508373,0.103168,0.416520
accepted-night1080-sky-moving-repeat,final,2,candidate,sky_moving,992.536785,1.007519,0.937050,1.634100,2.057900,463.886441,0.880535,0.903022,0.000000,0.000000,0.000000,0.000000,0.002060,0.000000,0.000000,0.000000,1.958944,0.311327,0.595920,0.949312,0.120032,1.000000,0.481200,0.101583,0.507364,0.937716,0.040827,0.099536,0.047372,0.085176,0.064571,0.501071,0.088816,0.438412
accepted-night1080-sky-moving-repeat,final,2,base,sky_moving,970.043912,1.030881,0.820650,1.451900,1.903400,65.501754,0.760932,1.008911,0.000000,0.000000,0.000000,0.000000,0.002235,0.000000,0.000000,0.000000,2.900820,0.302299,0.839436,0.946556,0.077815,1.000000,0.530868,0.102616,1.464112,1.651780,0.090712,0.076573,0.395980,0.698412,0.079756,0.440912,0.243724,0.645476
accepted-night1080-sky-moving-repeat,final,3,base,sky_moving,992.689504,1.007364,0.976950,1.607500,1.952100,471.120324,0.881884,0.960474,0.000000,0.000000,0.000000,0.000000,0.002040,0.000000,0.000000,0.000000,2.573740,0.287574,0.300352,0.842868,0.103466,1.000000,0.503329,0.126412,0.517764,1.469520,0.096441,0.090803,0.407784,0.871208,0.068074,0.491786,0.135304,0.495560
accepted-night1080-sky-moving-repeat,final,3,candidate,sky_moving,1035.532932,0.965686,0.899250,1.598400,2.134200,431.959223,0.840706,0.934078,0.000000,0.000000,0.000000,0.000000,0.002109,0.000000,0.000000,0.000000,2.302508,0.320755,0.687544,0.967720,0.114821,1.000000,0.496237,0.101078,0.547560,1.307592,0.043097,0.095653,0.050388,0.113828,0.068767,0.472942,0.118092,0.553488
accepted-night1080-sky-moving-repeat,final,4,candidate,sky_moving,1018.127938,0.982195,0.920450,1.576000,2.250200,412.580969,0.852928,0.934722,0.000000,0.000000,0.000000,0.000000,0.002192,0.000000,0.000000,0.000000,1.924988,0.327254,0.635492,1.078844,0.113953,1.000000,0.496629,0.101442,0.547976,1.091116,0.041096,0.099551,0.051064,0.092872,0.064749,0.480986,0.100308,0.417820
accepted-night1080-sky-moving-repeat,final,4,base,sky_moving,972.522826,1.028254,0.959800,1.744300,2.256900,318.495005,0.887719,0.954589,0.000000,0.000000,0.000000,0.000000,0.002055,0.000000,0.000000,0.000000,2.889328,0.287708,0.421668,0.946816,0.102880,1.000000,0.504207,0.121555,0.736840,1.653444,0.089654,0.093384,0.413088,0.752440,0.067818,0.499783,0.151944,0.525564
accepted-night1080-sky-moving-repeat,final,5,base,sky_moving,961.193572,1.040373,0.975050,1.769900,2.244900,356.478703,0.904333,0.966339,0.000000,0.000000,0.000000,0.000000,0.002136,0.000000,0.000000,0.000000,2.895932,0.288989,0.361712,0.945880,0.105861,1.000000,0.507972,0.126200,0.632736,1.651468,0.093646,0.089953,0.403936,0.751608,0.070519,0.511377,0.152828,0.551772
accepted-night1080-sky-moving-repeat,final,5,candidate,sky_moving,969.825653,1.031113,0.999500,1.690000,2.199400,396.264546,0.904012,0.888900,0.000000,0.000000,0.000000,0.000000,0.002392,0.000000,0.000000,0.000000,1.615692,0.309583,0.623324,0.851032,0.125021,1.000000,0.472976,0.105753,0.507676,0.547612,0.037517,0.100392,0.046852,0.049036,0.063821,0.510464,0.054496,0.445380
accepted-night720,final,1,base,underground,1019.558878,0.980816,0.926300,1.619200,2.116800,441.572587,0.865393,0.637515,42.000000,22890.000000,22344.000000,0.000000,0.002296,0.000000,0.000000,0.000000,2.114216,0.058433,0.063960,0.210548,0.073675,1.000000,0.170835,0.114258,0.188864,0.598520,0.343798,0.085468,0.665704,1.121640,0.054682,0.459410,0.080704,0.340028
accepted-night720,final,1,base,surface_still,1499.239885,0.667005,0.446150,0.873900,1.387000,57.818731,0.416044,0.649757,42.000000,22890.000000,22344.000000,0.000000,0.001531,0.000000,0.000000,0.000000,1.385852,0.054592,0.083460,0.085280,0.019531,1.000000,0.151868,0.015528,0.235508,0.243360,0.355812,0.015083,0.638820,0.950820,0.042597,0.324389,0.062712,0.067340
accepted-night720,final,1,base,overview,1864.510961,0.536334,0.413900,0.857000,1.280700,131.765615,0.400020,0.520077,48.000000,25464.000000,25601.000000,0.000000,0.001870,0.000000,0.000000,0.000000,1.247740,0.000910,0.001144,0.001248,0.000157,0.000000,0.133939,0.014960,0.164320,0.167388,0.338030,0.016299,0.609232,0.957528,0.043231,0.352968,0.051948,0.056992
accepted-night720,final,1,base,sky,2092.070634,0.477995,0.388850,0.743500,1.092000,191.884562,0.373338,0.464464,0.000000,0.000000,0.000000,0.000000,0.001304,0.000000,0.000000,0.000000,1.127568,0.130322,0.148980,0.153088,0.003090,1.000000,0.229390,0.014350,0.261300,0.264212,0.049308,0.010489,0.044876,0.474344,0.051641,0.330824,0.050440,0.404976
accepted-night720,final,1,base,translate,1642.511257,0.608824,0.476550,0.921900,1.619600,118.977035,0.474410,0.587282,41.228333,23682.750000,22078.183333,0.000000,0.001518,0.000000,0.000000,0.000000,1.271192,0.053221,0.062192,0.063700,0.024824,1.000000,0.149211,0.013789,0.179972,0.182208,0.302418,0.075885,0.559832,0.903136,0.045416,0.334245,0.047944,0.362648
accepted-night720,final,1,base,rotate,1782.232038,0.561094,0.496450,0.892400,1.451600,391.532458,0.484940,0.546024,41.503333,23165.943333,22304.370000,0.000000,0.001337,0.000000,0.000000,0.000000,1.276340,0.052939,0.067392,0.068328,0.028574,1.000000,0.154808,0.012793,0.196664,0.199160,0.279152,0.100280,0.554528,0.902096,0.045646,0.322357,0.051480,0.055328
accepted-night720,final,1,base,seam_edits,978.079128,1.022412,0.931900,1.529100,2.016300,429.252100,0.942583,0.660703,42.000000,22896.000000,22345.500000,0.000000,0.411221,2.000000,4.000000,167664.000000,1.435824,0.055905,0.079196,0.085696,0.024590,1.000000,0.155139,0.014147,0.229424,0.245232,0.357868,0.502467,0.561964,0.936364,0.046877,0.349165,0.060164,0.071760
accepted-night720,final,1,base,sky_moving,2205.067613,0.453501,0.389050,0.755800,1.184600,311.190407,0.371021,0.438021,0.000000,0.000000,0.000000,0.000000,0.001264,0.000000,0.000000,0.000000,1.093092,0.123248,0.143780,0.144768,0.003242,1.000000,0.214894,0.014423,0.249756,0.256048,0.041738,0.018199,0.035516,0.386984,0.054504,0.321583,0.047060,0.498836
accepted-night720,final,1,base,wall_moving,1899.579370,0.526432,0.449650,0.876300,1.304300,374.492095,0.457165,0.514609,26.816667,15183.423333,14600.740000,0.000000,0.001089,0.000000,0.000000,0.000000,1.073176,0.052142,0.065624,0.066248,0.019017,1.000000,0.149737,0.012774,0.187876,0.189800,0.257692,0.074342,0.481468,0.712088,0.044773,0.318639,0.049348,0.343876
accepted-night720,final,1,base,cloud_layer,2403.586151,0.416045,0.370450,0.711900,1.012000,696.322258,0.350818,0.360667,0.000000,0.000000,0.000000,0.000000,0.001139,0.000000,0.000000,0.000000,0.821860,0.121702,0.128960,0.134784,0.003113,1.000000,0.150540,0.014253,0.156936,0.158288,0.037187,0.011211,0.032292,0.339872,0.047488,0.308832,0.042068,0.386048
accepted-night720,final,1,candidate,underground,1051.077828,0.951404,0.877500,1.590700,1.920200,473.843821,0.837694,0.569529,42.000000,22890.000000,22344.000000,0.000000,0.001980,0.000000,0.000000,0.000000,2.335528,0.068918,0.204152,0.242372,0.067451,1.000000,0.016933,0.120317,0.043836,0.056524,0.408236,0.085580,1.115348,1.889784,0.061816,0.459312,0.176800,0.259636
accepted-night720,final,1,candidate,surface_still,1922.215623,0.520233,0.420450,0.819400,1.475000,192.096509,0.419103,0.504672,42.000000,22890.000000,22344.000000,0.000000,0.001253,0.000000,0.000000,0.000000,1.146860,0.054500,0.071136,0.075868,0.018959,1.000000,0.025411,0.035306,0.035464,0.036244,0.331920,0.020184,0.446160,0.720720,0.046303,0.328615,0.053560,0.384332
accepted-night720,final,1,candidate,overview,2304.157199,0.433998,0.393550,0.658200,1.083500,720.911232,0.370307,0.408980,48.000000,25464.000000,25601.000000,0.000000,0.001374,0.000000,0.000000,0.000000,0.945776,0.000946,0.001144,0.001300,0.000130,0.000000,0.019670,0.037224,0.022932,0.027196,0.336820,0.019742,0.389532,0.797836,0.047579,0.306907,0.052936,0.059592
accepted-night720,final,1,candidate,sky,2120.897521,0.471499,0.373250,0.637600,1.277300,153.315447,0.357177,0.451389,0.000000,0.000000,0.000000,0.000000,0.001214,0.000000,0.000000,0.000000,1.106612,0.150263,0.150488,0.733564,0.007920,1.000000,0.221125,0.012808,0.256516,0.259220,0.030011,0.014682,0.035100,0.035672,0.046249,0.315555,0.050752,0.219544
accepted-night720,final,1,candidate,translate,1913.704677,0.522547,0.464350,0.880200,1.354800,678.948083,0.458646,0.459825,41.228333,23682.750000,22078.183333,0.000000,0.001354,0.000000,0.000000,0.000000,1.118520,0.055179,0.065000,0.069108,0.013457,1.000000,0.028946,0.035234,0.036764,0.038896,0.291399,0.077563,0.406588,0.747136,0.046176,0.322443,0.049712,0.054548
accepted-night720,final,1,candidate,rotate,1747.113986,0.572372,0.502600,0.929400,1.497300,431.019001,0.506373,0.407121,41.503333,23165.943333,22304.370000,0.000000,0.001443,0.000000,0.000000,0.000000,0.963144,0.053209,0.059176,0.060424,0.012746,1.000000,0.054572,0.039430,0.067652,0.073320,0.241580,0.112648,0.361816,0.704236,0.045132,0.332409,0.045760,0.337012
accepted-night720,final,1,candidate,seam_edits,979.672930,1.020749,0.942050,1.537300,1.936900,453.045599,0.940783,0.640958,42.000000,22896.000000,22345.500000,0.000000,0.422504,2.000000,4.000000,167664.000000,1.203592,0.067156,0.071968,0.072540,0.023136,1.000000,0.034140,0.043215,0.036764,0.039000,0.423301,0.517827,0.731536,0.961116,0.060446,0.337242,0.057356,0.436540
accepted-night720,final,1,candidate,sky_moving,2257.840067,0.442901,0.377100,0.752200,1.194200,438.628555,0.373845,0.432620,0.000000,0.000000,0.000000,0.000000,0.001262,0.000000,0.000000,0.000000,0.952016,0.138838,0.191828,0.514280,0.008317,1.000000,0.211953,0.013078,0.326664,0.327912,0.030716,0.022590,0.044044,0.044876,0.047460,0.323099,0.059072,0.366080
accepted-night720,final,1,candidate,wall_moving,1897.094631,0.527122,0.457500,0.942900,1.468500,623.376623,0.457520,0.342345,26.816667,15183.423333,14600.740000,0.000000,0.001312,0.000000,0.000000,0.000000,0.719160,0.050137,0.051480,0.053352,0.018550,1.000000,0.008291,0.026723,0.008580,0.012064,0.226669,0.079538,0.235924,0.585572,0.045949,0.317346,0.042328,0.370656
accepted-night720,final,1,candidate,cloud_layer,2334.279754,0.428398,0.374700,0.705400,1.124600,552.414974,0.361587,0.358236,0.000000,0.000000,0.000000,0.000000,0.001183,0.000000,0.000000,0.000000,0.784160,0.130970,0.136344,0.452868,0.007716,1.000000,0.147445,0.012338,0.164112,0.165880,0.026177,0.015630,0.031668,0.037596,0.049866,0.319892,0.045084,0.423852
accepted-night720,final,2,candidate,underground,983.226484,1.017060,0.953650,1.682600,2.088900,436.144771,0.894333,0.573861,42.000000,22890.000000,22344.000000,0.000000,0.002132,0.000000,0.000000,0.000000,2.380040,0.072756,0.202696,0.244400,0.074045,1.000000,0.016543,0.128274,0.037804,0.052780,0.403826,0.090280,1.113684,1.497600,0.063069,0.489431,0.166608,0.203684
accepted-night720,final,2,candidate,surface_still,1879.378364,0.532091,0.410150,0.849000,1.367100,157.421230,0.417776,0.517031,42.000000,22890.000000,22344.000000,0.000000,0.001402,0.000000,0.000000,0.000000,1.299064,0.053740,0.100932,0.109148,0.018555,1.000000,0.026096,0.031611,0.050076,0.054340,0.346236,0.020043,0.661648,0.884936,0.041765,0.332229,0.073944,0.081380
accepted-night720,final,2,candidate,overview,2191.665534,0.456274,0.402100,0.751100,1.293300,611.670677,0.390735,0.396881,48.000000,25464.000000,25601.000000,0.000000,0.001311,0.000000,0.000000,0.000000,0.940108,0.000939,0.001144,0.001248,0.000134,0.000000,0.018825,0.035279,0.021320,0.024128,0.323844,0.020078,0.355992,0.853216,0.049297,0.328125,0.050908,0.383656
accepted-night720,final,2,candidate,sky,2144.381185,0.466335,0.384700,0.836800,1.308200,249.427356,0.373926,0.452450,0.000000,0.000000,0.000000,0.000000,0.001350,0.000000,0.000000,0.000000,1.049308,0.144395,0.149968,0.608972,0.008059,1.000000,0.221368,0.009146,0.256464,0.258960,0.030280,0.015007,0.035152,0.036764,0.052649,0.333971,0.048516,0.542048
accepted-night720,final,2,candidate,translate,1792.339005,0.557930,0.492850,1.051000,1.524800,548.340812,0.486735,0.470562,41.228333,23682.750000,22078.183333,0.000000,0.001600,0.000000,0.000000,0.000000,1.192568,0.055184,0.071240,0.072540,0.014497,1.000000,0.030858,0.033185,0.036816,0.040508,0.300805,0.082112,0.448136,0.877032,0.045066,0.346237,0.054132,0.060684
accepted-night720,final,2,candidate,rotate,1801.835349,0.554990,0.497500,0.916900,1.241700,607.262864,0.488346,0.417033,41.503333,23165.943333,22304.370000,0.000000,0.001485,0.000000,0.000000,0.000000,0.892996,0.052171,0.059332,0.060216,0.013058,1.000000,0.054683,0.036059,0.066456,0.068016,0.248070,0.103834,0.363792,0.702520,0.047843,0.326587,0.046124,0.347828
accepted-night720,final,2,candidate,seam_edits,921.809364,1.084823,0.985950,1.684800,2.150900,428.112736,0.998553,0.770523,42.000000,22896.000000,22345.500000,0.000000,0.450672,2.000000,4.000000,167664.000000,1.665144,0.082495,0.080184,0.449436,0.024004,1.000000,0.039409,0.040720,0.041184,0.042276,0.510690,0.550820,0.876512,1.234220,0.069123,0.362682,0.063960,0.508196
accepted-night720,final,2,candidate,sky_moving,2217.614512,0.450935,0.381700,0.776100,1.120000,314.968897,0.365907,0.437764,0.000000,0.000000,0.000000,0.000000,0.001343,0.000000,0.000000,0.000000,1.175148,0.140499,0.191620,0.610220,0.008196,1.000000,0.213886,0.009018,0.326768,0.327704,0.029526,0.022462,0.044096,0.044876,0.050200,0.319558,0.059436,0.407108
accepted-night720,final,2,candidate,wall_moving,1898.313665,0.526783,0.466200,0.908200,1.302700,631.206868,0.461225,0.417918,26.816667,15183.423333,14600.740000,0.000000,0.001312,0.000000,0.000000,0.000000,0.825240,0.061047,0.066768,0.066976,0.018047,1.000000,0.010497,0.024108,0.011076,0.013832,0.277796,0.079206,0.291824,0.666224,0.056077,0.324781,0.053092,0.429884
accepted-night720,final,2,candidate,cloud_layer,2257.032349,0.443060,0.387200,0.813500,1.403600,659.572597,0.373113,0.360065,0.000000,0.000000,0.000000,0.000000,0.001453,0.000000,0.000000,0.000000,0.828724,0.136117,0.160888,0.500344,0.008384,1.000000,0.149549,0.009877,0.193700,0.193960,0.023846,0.016697,0.036764,0.037180,0.046793,0.331193,0.049452,0.379860
accepted-night720,final,2,base,underground,970.685461,1.030200,0.963750,1.634200,2.133700,416.039718,0.908317,0.659847,42.000000,22890.000000,22344.000000,0.000000,0.001930,0.000000,0.000000,0.000000,2.454140,0.060544,0.080600,0.238888,0.075834,1.000000,0.176066,0.119099,0.232908,0.692328,0.358903,0.086834,0.732680,1.301716,0.053424,0.485112,0.067912,0.193908
accepted-night720,final,2,base,surface_still,1515.091447,0.660026,0.444100,0.973900,1.470000,65.975174,0.436681,0.643633,42.000000,22890.000000,22344.000000,0.000000,0.001415,0.000000,0.000000,0.000000,1.520168,0.054372,0.072436,0.075920,0.020744,1.000000,0.148177,0.014433,0.209352,0.217516,0.351245,0.015522,0.655616,1.010672,0.045527,0.342695,0.056108,0.096616
accepted-night720,final,2,base,overview,1849.828459,0.540591,0.417000,0.870800,1.254900,135.485444,0.410017,0.526428,48.000000,25464.000000,25601.000000,0.000000,0.001254,0.000000,0.000000,0.000000,1.259804,0.000919,0.001196,0.001300,0.000139,0.000000,0.132872,0.014350,0.172224,0.174460,0.344711,0.015692,0.636844,1.022528,0.043934,0.364259,0.054288,0.059072
accepted-night720,final,2,base,sky,2231.616501,0.448106,0.368950,0.714300,1.222500,228.411323,0.360453,0.436913,0.000000,0.000000,0.000000,0.000000,0.000947,0.000000,0.000000,0.000000,1.001364,0.122621,0.126932,0.129532,0.003437,1.000000,0.215005,0.012997,0.223028,0.227084,0.043361,0.009289,0.032656,0.401856,0.052285,0.322334,0.044460,0.428532
accepted-night720,final,2,base,translate,1664.447403,0.600800,0.469500,0.990400,1.331900,136.685157,0.472846,0.586966,41.228333,23682.750000,22078.183333,0.000000,0.001421,0.000000,0.000000,0.000000,1.352052,0.053632,0.054080,0.057304,0.025106,1.000000,0.149097,0.014548,0.155376,0.160004,0.303387,0.073409,0.610168,0.899808,0.044541,0.334786,0.044824,0.138632
accepted-night720,final,2,base,rotate,1693.474844,0.590502,0.515250,1.054200,1.521900,563.957478,0.521058,0.544015,41.503333,23165.943333,22304.370000,0.000000,0.001513,0.000000,0.000000,0.000000,1.140776,0.052425,0.055848,0.056576,0.030686,1.000000,0.153469,0.013756,0.161356,0.165620,0.278033,0.104099,0.586716,0.825552,0.047686,0.348628,0.047268,0.363168
accepted-night720,final,2,base,seam_edits,969.083334,1.031903,0.945150,1.609500,2.050900,458.239140,0.949261,0.683120,42.000000,22896.000000,22345.500000,0.000000,0.410097,2.000000,4.000000,167664.000000,1.434576,0.057249,0.083980,0.086372,0.025226,1.000000,0.158340,0.015262,0.242476,0.246220,0.371488,0.500745,0.659672,0.901160,0.050434,0.354166,0.062972,0.401492
accepted-night720,final,2,base,sky_moving,2243.475413,0.445737,0.383000,0.778500,1.253700,501.940838,0.374175,0.434986,0.000000,0.000000,0.000000,0.000000,0.001155,0.000000,0.000000,0.000000,1.079052,0.122716,0.149604,0.150072,0.003272,1.000000,0.215128,0.013441,0.259740,0.260884,0.045435,0.017335,0.035308,0.576836,0.048120,0.327039,0.047060,0.419484
accepted-night720,final,2,base,wall_moving,1795.379412,0.556985,0.481650,0.984200,1.624600,534.644996,0.488544,0.518824,26.816667,15183.423333,14600.740000,0.000000,0.001351,0.000000,0.000000,0.000000,1.130896,0.052247,0.068848,0.069992,0.020419,1.000000,0.149909,0.015980,0.196872,0.199004,0.261609,0.079930,0.533676,0.793884,0.044660,0.338282,0.051532,0.341744
accepted-night720,final,2,base,cloud_layer,2290.421648,0.436601,0.383200,0.723300,1.077400,677.284990,0.370054,0.405852,0.000000,0.000000,0.000000,0.000000,0.001335,0.000000,0.000000,0.000000,0.935220,0.138582,0.176072,0.183196,0.003708,1.000000,0.169397,0.014041,0.207688,0.214084,0.037446,0.011675,0.039312,0.330876,0.056563,0.327443,0.054652,0.496652
accepted-night720,final,3,base,underground,986.253922,1.013938,0.957750,1.600300,1.920000,432.578964,0.896023,0.628575,42.000000,22890.000000,22344.000000,0.000000,0.001979,0.000000,0.000000,0.000000,2.113176,0.057101,0.063596,0.205868,0.074358,1.000000,0.167380,0.115188,0.185640,0.598780,0.338595,0.086027,0.731692,1.117376,0.055088,0.480501,0.055848,0.406484
accepted-night720,final,3,base,surface_still,1482.025989,0.674752,0.450350,0.809000,1.281600,54.600949,0.414800,0.660557,42.000000,22890.000000,22344.000000,0.000000,0.001387,0.000000,0.000000,0.000000,1.387620,0.054949,0.074776,0.076336,0.019828,1.000000,0.152526,0.013357,0.210756,0.217776,0.362899,0.015348,0.655044,0.961844,0.044873,0.324313,0.058448,0.063752
accepted-night720,final,3,base,overview,1847.509634,0.541269,0.421800,0.865100,1.291400,135.625709,0.412085,0.528294,48.000000,25464.000000,25601.000000,0.000000,0.001359,0.000000,0.000000,0.000000,1.308788,0.000918,0.001144,0.001248,0.000142,0.000000,0.132899,0.014192,0.164268,0.166140,0.346069,0.015501,0.625872,1.130012,0.044455,0.367085,0.051896,0.056212
accepted-night720,final,3,base,sky,2102.167440,0.475700,0.393950,0.746800,1.326300,168.648284,0.367000,0.461248,0.000000,0.000000,0.000000,0.000000,0.001077,0.000000,0.000000,0.000000,1.001884,0.130886,0.162812,0.166140,0.003128,1.000000,0.229881,0.013535,0.285064,0.288236,0.046008,0.009538,0.039988,0.431548,0.050717,0.327878,0.052260,0.402740
accepted-night720,final,3,base,translate,1650.570396,0.605851,0.479750,1.004200,1.315700,140.785253,0.480330,0.592472,41.228333,23682.750000,22078.183333,0.000000,0.001434,0.000000,0.000000,0.000000,1.221688,0.052337,0.066248,0.068120,0.024917,1.000000,0.149771,0.013019,0.190216,0.197132,0.309596,0.073791,0.623272,0.891904,0.043894,0.344054,0.050700,0.056264
accepted-night720,final,3,base,rotate,1751.528208,0.570930,0.511900,0.925200,1.525300,560.548590,0.504389,0.536030,41.503333,23165.943333,22304.370000,0.000000,0.001436,0.000000,0.000000,0.000000,1.198704,0.052973,0.056940,0.057980,0.028960,1.000000,0.154309,0.013495,0.165828,0.168428,0.269049,0.102343,0.386672,0.859612,0.047253,0.336981,0.046124,0.398632
accepted-night720,final,3,base,seam_edits,1003.815839,0.996199,0.911700,1.530100,1.981500,422.597708,0.916542,0.767245,42.000000,22896.000000,22345.500000,0.000000,0.413157,2.000000,4.000000,167664.000000,1.501760,0.066053,0.068900,0.389896,0.023461,1.000000,0.178087,0.013948,0.197288,0.204620,0.419938,0.502696,0.757744,0.897936,0.051930,0.327616,0.054392,0.056628
accepted-night720,final,3,base,sky_moving,2212.638221,0.451949,0.384800,0.776500,1.325200,492.117911,0.388626,0.433970,0.000000,0.000000,0.000000,0.000000,0.001112,0.000000,0.000000,0.000000,0.988572,0.122501,0.149864,0.150644,0.003297,1.000000,0.214145,0.013083,0.260104,0.262132,0.038410,0.017705,0.035152,0.392236,0.055273,0.341249,0.048100,0.569296
accepted-night720,final,3,base,wall_moving,1750.486270,0.571270,0.495850,1.010100,1.474400,415.780246,0.496968,0.529486,26.816667,15183.423333,14600.740000,0.000000,0.001423,0.000000,0.000000,0.000000,1.163292,0.053910,0.072280,0.073580,0.020041,1.000000,0.151850,0.014244,0.206752,0.209040,0.266541,0.077994,0.561080,0.797368,0.046609,0.350449,0.054496,0.334152
accepted-night720,final,3,base,cloud_layer,2302.375591,0.434334,0.384200,0.779100,1.231400,626.442122,0.369968,0.399602,0.000000,0.000000,0.000000,0.000000,0.001156,0.000000,0.000000,0.000000,0.838656,0.135086,0.168064,0.174616,0.003236,1.000000,0.165629,0.013643,0.198380,0.201344,0.037165,0.011249,0.037596,0.341120,0.057896,0.328270,0.053456,0.492024
accepted-night720,final,3,candidate,underground,869.314124,1.150332,1.047300,2.096000,2.565500,345.713726,1.015048,0.614875,42.000000,22890.000000,22344.000000,0.000000,0.002929,0.000000,0.000000,0.000000,1.819792,0.077276,0.202020,0.245180,0.085210,1.000000,0.019330,0.140768,0.037596,0.052416,0.432112,0.106256,1.097252,1.309828,0.074037,0.547368,0.162968,0.424788
accepted-night720,final,3,candidate,surface_still,1800.804599,0.555307,0.459650,1.119700,1.725700,430.944703,0.475309,0.541090,42.000000,22890.000000,22344.000000,0.000000,0.001785,0.000000,0.000000,0.000000,1.364844,0.057387,0.064636,0.131144,0.021267,1.000000,0.026862,0.037124,0.031408,0.063960,0.360376,0.024548,0.807300,1.160172,0.050178,0.373853,0.093236,0.505492
accepted-night720,final,3,candidate,overview,1660.776906,0.602128,0.472650,1.207500,1.700600,513.769009,0.512134,0.396229,48.000000,25464.000000,25601.000000,0.000000,0.002169,0.000000,0.000000,0.000000,1.046812,0.000961,0.001196,0.001352,0.000192,0.000000,0.019493,0.044887,0.024128,0.025688,0.320438,0.028761,0.389272,0.893776,0.051274,0.427579,0.055380,0.058604
accepted-night720,final,3,candidate,sky,2176.458554,0.459462,0.389500,0.819500,1.375500,312.993944,0.380040,0.445543,0.000000,0.000000,0.000000,0.000000,0.001354,0.000000,0.000000,0.000000,0.984256,0.140326,0.155896,0.579748,0.008438,1.000000,0.215262,0.010281,0.267644,0.270140,0.028485,0.016120,0.036400,0.036920,0.057702,0.338055,0.050752,0.594672
accepted-night720,final,3,candidate,translate,1645.743777,0.607628,0.514350,1.144700,1.979800,460.020394,0.532063,0.461050,41.228333,23682.750000,22078.183333,0.000000,0.001635,0.000000,0.000000,0.000000,1.174160,0.054406,0.071188,0.073060,0.015125,1.000000,0.029277,0.035763,0.036712,0.037180,0.293370,0.086681,0.447980,0.923676,0.046079,0.382292,0.053976,0.057772
accepted-night720,final,3,candidate,rotate,1677.724268,0.596046,0.520650,1.093600,1.490400,540.360420,0.517700,0.410773,41.503333,23165.943333,22304.370000,0.000000,0.001776,0.000000,0.000000,0.000000,0.966576,0.052541,0.059124,0.060216,0.013601,1.000000,0.054804,0.037852,0.068744,0.069836,0.241158,0.113900,0.357292,0.715676,0.047541,0.342159,0.045656,0.396344
accepted-night720,final,3,candidate,seam_edits,940.257305,1.063539,0.972850,1.652900,2.040100,453.847492,0.978578,0.714649,42.000000,22896.000000,22345.500000,0.000000,0.436569,2.000000,4.000000,167664.000000,1.570816,0.079097,0.073008,0.477308,0.023359,1.000000,0.037185,0.041559,0.038324,0.040300,0.472251,0.534573,0.822328,1.261208,0.061486,0.358879,0.060424,0.065208
accepted-night720,final,3,candidate,sky_moving,2209.462983,0.452599,0.377600,0.656500,1.364100,225.552887,0.359625,0.439787,0.000000,0.000000,0.000000,0.000000,0.001230,0.000000,0.000000,0.000000,1.135368,0.142394,0.202540,0.651092,0.007457,1.000000,0.215553,0.009435,0.345436,0.346528,0.028965,0.021474,0.046072,0.047320,0.049170,0.314408,0.061828,0.372736
accepted-night720,final,3,candidate,wall_moving,1735.545151,0.576188,0.504100,0.945200,1.259400,671.366230,0.503045,0.446720,26.816667,15183.423333,14600.740000,0.000000,0.001640,0.000000,0.000000,0.000000,1.079260,0.066942,0.066924,0.067288,0.020397,1.000000,0.010601,0.026660,0.011232,0.013832,0.301668,0.088761,0.310908,0.800072,0.053976,0.349432,0.052884,0.054756
accepted-night720,final,3,candidate,cloud_layer,2299.258451,0.434923,0.373750,0.793300,1.265300,640.273183,0.369793,0.376993,0.000000,0.000000,0.000000,0.000000,0.001153,0.000000,0.000000,0.000000,0.911144,0.140634,0.186108,0.602420,0.008303,1.000000,0.154656,0.009833,0.224120,0.225368,0.027464,0.016957,0.042224,0.043108,0.050495,0.327058,0.056628,0.426140
accepted-night720-cloud-layer-repeat,final,1,base,cloud_layer,1032.429115,0.968589,0.912700,1.560000,2.085100,345.739623,0.852405,0.500869,0.000000,0.000000,0.000000,0.000000,0.001592,0.000000,0.000000,0.000000,1.663636,0.162759,0.210392,0.576524,0.105152,1.000000,0.202669,0.116116,0.249652,0.727948,0.061321,0.080111,0.151840,0.466180,0.068125,0.487276,0.155532,0.533416
accepted-night720-cloud-layer-repeat,final,1,candidate,cloud_layer,1073.173053,0.931816,0.888800,1.511100,1.946000,430.153780,0.818159,0.478125,0.000000,0.000000,0.000000,0.000000,0.001747,0.000000,0.000000,0.000000,1.435148,0.176450,0.496288,0.604552,0.111277,1.000000,0.197122,0.102117,0.253188,0.615732,0.027904,0.083035,0.039728,0.126568,0.070543,0.471974,0.157508,0.442676
accepted-night720-cloud-layer-repeat,final,2,candidate,cloud_layer,1056.240214,0.946754,0.906650,1.515100,2.047700,433.172338,0.828953,0.473331,0.000000,0.000000,0.000000,0.000000,0.002004,0.000000,0.000000,0.000000,1.646112,0.177527,0.482092,0.607100,0.110951,1.000000,0.192994,0.107195,0.268580,0.711724,0.030398,0.086563,0.056784,0.155376,0.066624,0.473728,0.161096,0.445796
accepted-night720-cloud-layer-repeat,final,2,base,cloud_layer,1017.823791,0.982488,0.926050,1.623200,1.928000,456.488991,0.861974,0.547373,0.000000,0.000000,0.000000,0.000000,0.001776,0.000000,0.000000,0.000000,2.112604,0.179837,0.506844,0.581932,0.110479,1.000000,0.222389,0.118397,0.628316,0.731900,0.065193,0.080950,0.135044,0.795756,0.073274,0.487556,0.165048,0.450892
accepted-night720-cloud-layer-repeat,final,3,base,cloud_layer,1018.858563,0.981491,0.941800,1.568700,1.945100,487.440289,0.857788,0.540847,0.000000,0.000000,0.000000,0.000000,0.001795,0.000000,0.000000,0.000000,1.690624,0.175477,0.505700,0.507728,0.109887,1.000000,0.219717,0.117257,0.626756,0.635128,0.063369,0.080654,0.130728,0.537264,0.076097,0.483895,0.162916,0.494676
accepted-night720-cloud-layer-repeat,final,3,candidate,cloud_layer,1078.181840,0.927487,0.889950,1.477900,1.947900,465.141519,0.816479,0.482746,0.000000,0.000000,0.000000,0.000000,0.001617,0.000000,0.000000,0.000000,1.432860,0.185988,0.507156,0.685152,0.110593,1.000000,0.196960,0.104130,0.241540,0.615732,0.027762,0.084502,0.044096,0.134368,0.065942,0.468494,0.157456,0.427128
accepted-night720-cloud-layer-repeat,final,4,candidate,cloud_layer,1061.917770,0.941693,0.923300,1.484200,1.836700,440.758398,0.830428,0.461069,0.000000,0.000000,0.000000,0.000000,0.001720,0.000000,0.000000,0.000000,1.443676,0.174404,0.499096,0.680576,0.111739,1.000000,0.187433,0.106731,0.241124,0.614172,0.027360,0.085023,0.053404,0.133328,0.066053,0.476465,0.161252,0.424008
accepted-night720-cloud-layer-repeat,final,4,base,cloud_layer,1036.842290,0.964467,0.911200,1.526500,1.961800,479.781220,0.851402,0.525620,0.000000,0.000000,0.000000,0.000000,0.001626,0.000000,0.000000,0.000000,1.700296,0.170943,0.506220,0.589576,0.106486,1.000000,0.210512,0.114719,0.627588,0.730756,0.063673,0.080529,0.145132,0.537160,0.074419,0.484594,0.179036,0.519116
accepted-night720-cloud-layer-repeat,final,5,base,cloud_layer,1060.181747,0.943234,0.905700,1.472300,1.867900,468.110006,0.831862,0.541265,0.000000,0.000000,0.000000,0.000000,0.001701,0.000000,0.000000,0.000000,1.945632,0.175424,0.356616,0.508300,0.103213,1.000000,0.216719,0.117456,0.447044,0.633048,0.067011,0.081598,0.136500,0.609024,0.075993,0.465537,0.162760,0.534196
accepted-night720-cloud-layer-repeat,final,5,candidate,cloud_layer,1087.712797,0.919360,0.887700,1.505600,1.987800,471.286849,0.813284,0.481400,0.000000,0.000000,0.000000,0.000000,0.001522,0.000000,0.000000,0.000000,1.438788,0.187218,0.506636,0.708396,0.112579,1.000000,0.196714,0.107888,0.269932,0.615420,0.027539,0.081272,0.056940,0.132288,0.063842,0.464058,0.154648,0.417612
accepted-night720-edits-repeat,final,1,base,seam_edits,643.451370,1.554119,1.486650,2.267500,2.601300,368.120744,1.419225,0.980294,42.000000,22896.000000,22345.500000,0.000000,0.500844,2.000000,4.000000,167664.000000,2.858440,0.078983,0.097344,0.242944,0.078917,1.000000,0.222051,0.110631,0.279448,0.688896,0.543696,0.603949,1.299636,1.860820,0.069513,0.481676,0.157456,0.430716
accepted-night720-edits-repeat,final,1,candidate,seam_edits,659.584126,1.516107,1.444950,2.221500,2.612000,362.588154,1.389440,0.826693,42.000000,22896.000000,22345.500000,0.000000,0.496879,2.000000,4.000000,167664.000000,2.288104,0.091803,0.105560,0.436176,0.074849,1.000000,0.044165,0.122938,0.055796,0.125164,0.535660,0.608056,1.086956,1.535508,0.075064,0.474106,0.087204,0.469508
accepted-night720-edits-repeat,final,2,candidate,seam_edits,639.122476,1.564645,1.492650,2.243000,2.711600,343.265138,1.429419,0.860183,42.000000,22896.000000,22345.500000,0.000000,0.517917,2.000000,4.000000,167664.000000,2.300688,0.092784,0.203008,0.547092,0.072026,1.000000,0.044693,0.130707,0.057980,0.110812,0.567669,0.630552,1.190228,1.618552,0.079960,0.485970,0.154492,0.571896
accepted-night720-edits-repeat,final,2,base,seam_edits,658.627388,1.518309,1.445450,2.164300,2.618600,354.538686,1.389129,0.901497,42.000000,22896.000000,22345.500000,0.000000,0.479556,2.000000,4.000000,167664.000000,2.861820,0.076881,0.087828,0.373048,0.080405,1.000000,0.203746,0.110114,0.249912,0.690404,0.495504,0.580494,1.147068,1.531296,0.065125,0.474305,0.072332,0.412412
accepted-night720-edits-repeat,final,3,base,seam_edits,650.837362,1.536482,1.442300,2.307600,2.975100,306.519673,1.403469,0.914653,42.000000,22896.000000,22345.500000,0.000000,0.495537,2.000000,4.000000,167664.000000,2.840604,0.074645,0.082420,0.247000,0.077183,1.000000,0.209083,0.106043,0.237796,0.690144,0.501943,0.599153,1.011556,1.518556,0.066329,0.478440,0.069524,0.446732
accepted-night720-edits-repeat,final,3,candidate,seam_edits,650.067623,1.538301,1.447350,2.265300,2.900000,312.174818,1.410599,0.865018,42.000000,22896.000000,22345.500000,0.000000,0.506803,2.000000,4.000000,167664.000000,2.709044,0.091564,0.205920,0.340392,0.076221,1.000000,0.045696,0.129355,0.060008,0.125060,0.573948,0.618311,1.300884,1.638624,0.077467,0.477089,0.158288,0.433108
accepted-night720-edits-repeat,final,4,candidate,seam_edits,634.110048,1.577013,1.477700,2.319700,2.791000,283.077620,1.445222,0.843762,42.000000,22896.000000,22345.500000,0.000000,0.517454,2.000000,4.000000,167664.000000,2.260908,0.087122,0.113256,0.239928,0.075087,1.000000,0.045826,0.131908,0.059956,0.124384,0.551887,0.636586,1.065688,1.560884,0.081614,0.488835,0.092664,0.491400
accepted-night720-edits-repeat,final,4,base,seam_edits,652.727241,1.532034,1.443800,2.223000,2.659900,343.339780,1.400536,0.900155,42.000000,22896.000000,22345.500000,0.000000,0.489262,2.000000,4.000000,167664.000000,2.841852,0.073504,0.089752,0.241644,0.081230,1.000000,0.203097,0.109876,0.251628,0.599612,0.498832,0.593542,0.929760,1.533584,0.064343,0.474327,0.076128,0.429156
accepted-night720-edits-repeat,final,5,base,seam_edits,618.678141,1.616349,1.515200,2.440900,2.960500,287.178898,1.476851,0.949120,42.000000,22896.000000,22345.500000,0.000000,0.514338,2.000000,4.000000,167664.000000,2.872636,0.077654,0.100880,0.243672,0.081914,1.000000,0.217179,0.118658,0.285532,0.693888,0.520941,0.623483,1.015768,1.524640,0.068230,0.499714,0.086528,0.413556
accepted-night720-edits-repeat,final,5,candidate,seam_edits,653.151653,1.531038,1.471450,2.150200,2.531600,329.001481,1.394913,0.818774,42.000000,22896.000000,22345.500000,0.000000,0.501430,2.000000,4.000000,167664.000000,2.284516,0.084258,0.105404,0.245024,0.072894,1.000000,0.043839,0.129380,0.056472,0.125164,0.541132,0.612787,1.148056,1.596556,0.077525,0.472110,0.155792,0.575848
